date,die_number,production_number,pressing_type,billet_size,billet_length,billet_quantity
ì˙ït,å^î‘,ïiî‘,éÌï ,ÉrÉåÉbÉgÉTÉCÉY,ÉrÉåÉbÉgí∑Ç≥,ÉrÉåÉbÉgêî
2021-01-21,SY30M-V01B,SY3000-20-1,ÅZ,9,1200,5
2021-01-21,CQ32T-V01B,C2Q32-04-J0779-K,ÅZ,9,1200,5
2021-01-21,MHY10B-V01D,P3319101-M,ÅZ,9,1200,3
2021-01-22,MHY10B-V01D,P3319101-M,ÅZ,9,600,5
2021-01-25,MHY10B-V01D,P3319101-M,ÅZ,9,600,6
2021-01-25,XLA40B2-V01B,XLA40-1B-S,ÅZ,9,1200,8
2021-01-25,SY30M-V01B,SY3000-20-1,ÅZ,9,1200,10
2021-01-25,MHY10B-V01D,P3319101-M,ÅZ,9,600,2
2021-01-26,CQ32T-V01B,C2Q32-04-J0779-K,ÅZ,9,1200,20
2021-01-27,XLA40B2-V01B,XLA40-1B-S,ÅZ,9,1200,3
2021-01-27,SY70M-V01B,SY7000-20-1,ÅZ,9,1200,8
2021-01-27,MHY16B-V01D,P3319201-M,ÅZ,9,1200,3
2021-01-30,MXS08TB-V01D,P3800202-M-1,ÅZ,9,600,8
2021-02-01,CQ32T-V01B,C2Q32-04-J0779-K,ÅZ,9,1200,10
2021-02-01,CQ40T-V01B,C2Q40-04-J0780-K,ÅZ,9,1200,10
2021-02-02,MXS08TB-V01D,P3800202-M-1,ÅZ,9,1200,6
2021-02-05,XLA25B2-V01B,XLA25-1B-S,ÅZ,9,1200,6
2021-02-05,CQ40T-V01B,C2Q40-04-J0780-K,ÅZ,9,1200,10
2021-02-05,MXS08TB-V01D,P3800202-M-1,ÅZ,9,1200,2
2021-02-22,SY30M-V01B,SY3000-20-1,ÅZ,9,1200,5
2021-02-25,VV10M1-V01B,DXT156-10-11,ÅZ,9,1200,1
2021-03-02,SY50M-V01B,SY5000-20-1,ÅZ,9,1200,1
2021-03-06,SY30MP-V01D,SY30M-20-E-1,ÅZ,9,1200,1
2021-03-09,SY50MP-V01D,SY50M-20-E-1,ÅZ,9,1200,2
2021-03-11,XLA16B2-V01B,XLA16-1B-S,ÅZ,9,1200,1
2021-03-11,XLA16BN-V01B,XLA16-3-1B,ÅZ,9,1200,1
2021-03-17,MHY20B-V01D,P3319301-M,ÅZ,9,1200,1
2021-03-17,MHY25B-V01D,P3319401-M,ÅZ,9,1200,1
2021-03-19,MYB16H-V01D,MYB16LAA7163-20K,ÅZ,9,1200,1
2021-03-23,MYB20H1-V01D,MYB20LAA7164-20K,ÅZ,9,1200,1
2021-03-26,DXT155M-V01D,DXT155-38-1,ÅZ,9,1200,1
2021-04-01,DXT192M1-V01D,DXT192-11-3,ÅZ,9,600,1
2021-04-03,VV14M1-V01D,DXT199-20-23,ÅZ,9,1200,1
2021-04-05,VV15M1-V01D,DXT201-13-13,ÅZ,9,1200,1
2021-04-07,VJ10M-V01D,VJ100-16-7,ÅZ,9,600,1
2021-04-09,VJ30M1-V01D,VJ3000-20-1,ÅZ,9,600,1
2021-04-09,XLA25BN-V01D,XLA25-3-1B,ÅZ,9,1200,2
2021-04-16,CQ50T-V01B,C2Q50-04-J0781-K,ÅZ,9,1200,1
2021-04-20,CUJ12A-V01D,CUJ12A-AD252-20K,ÅZ,9,600,1
2021-04-23,CUJ20A-V01D,CUJ20A-AD254-20K,ÅZ,9,600,1
2021-04-23,CUJ16A-V01D,CUJ16A-AD253-20K,ÅZ,9,600,1
2021-04-27,MXW16B-V01D,P3801001-M,ÅZ,9,1200,2
2021-04-27,MXW20B-V01D,P3801101-M,ÅZ,9,1200,2
2021-04-28,CRQ15B-V01C,P4730002-D,ÅZ,9,600,1
2021-04-28,CRQ20B-V01D,P4730003-D,ÅZ,9,1200,1
2021-04-29,CRQ30B-V01D,P4730004-D,ÅZ,9,1200,1
2021-04-29,CRQ40B-V01D,P4730005-D,ÅZ,9,1200,1
2021-04-29,MSQ10B2-V01D,P6260101-D,ÅZ,9,1200,1
2021-05-06,MSQ20B2-V01D,P6260201-D,ÅZ,9,1200,1
2021-05-06,MSQ30B2-V01D,P6260301-D,ÅZ,9,1200,2
2021-05-06,MSQ50B2-V01D,P6260401-D,ÅZ,9,1200,2
2021-05-13,MXS12TB-V01D,P3800302-M-1,ÅZ,9,600,1
2021-05-17,MXS16TB-V01D,P3800402-M-2,ÅZ,9,600,2
2021-05-18,MXS20TB-V01D,P3800502-M-2,ÅZ,9,1200,2
2021-05-18,MXS25TB-V01D,P3800602-M-2,ÅZ,9,1200,2
2021-05-21,DXT155M-V01D,DXT155-38-1,ÅZ,9,1200,2
2021-05-25,SY30M-V01B,SY3000-20-1,ÅZ,9,1200,1
2021-05-28,DXT192M1-V01D,DXT192-11-3,ÅZ,9,600,1
2021-06-01,VV14M1-V01D,DXT199-20-23,ÅZ,9,1200,1
2021-06-03,VV15M1-V01D,DXT201-13-13,ÅZ,9,1200,1
2021-06-03,APT4-V01B,APTE00-98000565-D,ÅZ,9,1200,1
2021-06-03,APT6-V01B,APTE00-96000150-D,ÅZ,9,1200,1
2021-06-05,SY50MP-V01D,SY50M-20-E-1,ÅZ,9,1200,2
2021-06-05,SY30MP-V01D,SY30M-20-E-1,ÅZ,9,1200,1
2021-06-05,SY50M-V01B,SY5000-20-1,ÅZ,9,1200,1
2021-06-08,SY70M-V01B,SY7000-20-1,ÅZ,9,1200,2
2021-06-08,VJ30M1-V01D,VJ3000-20-1,ÅZ,9,1200,1
2021-06-10,XLA16B2-V01B,XLA16-1B-S,ÅZ,9,1200,1
2021-06-10,XLA40B2-V01B,XLA40-1B-S,ÅZ,9,1200,4
2021-06-11,SY30M-V01B,SY3000-20-1,ÅZ,9,1200,1
2021-06-11,XLA16BN-V01B,XLA16-3-1B,ÅZ,9,1200,1
2021-06-14,MHY20B-V01D,P3319301-M,ÅZ,9,1200,1
2021-06-15,DXT192M1-V01D,DXT192-11-3,Åù,9,600,5
2021-06-15,VV10M1-V01B,DXT156-10-11,ÅZ,9,1200,1
2021-06-15,VV14M1-V01D,DXT199-20-23,ÅZ,9,1200,5
2021-06-17,VV15M1-V01D,DXT201-13-13,ÅZ,9,1200,2
2021-06-17,DXT155M-V01D,DXT155-38-1,ÅZ,9,1200,5
2021-06-17,MHY25B-V01D,P3319401-M,ÅZ,9,1200,1
2021-06-18,SY30M-V01B,SY3000-20-1,ÅZ,9,1200,1
2021-06-18,VV15M1-V01D,DXT201-13-13,ÅZ,9,1200,3
2021-06-22,SY30M-V01B,SY3000-20-1,ÅZ,9,1200,4
2021-06-23,MHY10B-V01D,P3319101-M,ÅZ,9,600,1
2021-06-23,MHY16B-V01D,P3319201-M,ÅZ,9,600,1
2021-06-24,VJ10M-V01D,VJ100-16-7,ÅZ,9,600,3
2021-06-24,XLA25B2-V01B,XLA25-1B-S,Åù,9,1200,6
2021-06-25,SY30M-V01B,SY3000-20-1,ÅZ,9,1200,1
2021-06-25,SY50M-V01B,SY5000-20-1,ÅZ,9,1200,1
2021-06-26,MHY20B-V01D,P3319301-M,ÅZ,9,1200,1
2021-06-26,MHY25B-V01D,P3319401-M,ÅZ,9,1200,1
2021-06-29,XLA25BN-V01D,XLA25-3-1B,Åù,9,1200,6
2021-06-29,MYB16H-V01D,MYB16LAA7163-20K,ÅZ,9,1200,1
2021-06-29,MSQ30B2-V01D,P6260301-D,ÅZ,9,1200,2
2021-06-30,DXT192M1-V01D,DXT192-11-3,ÅZ,9,600,4
2021-07-01,XLA25B2-V01B,XLA25-1B-S,Åù,9,1200,6
2021-07-01,VV14M1-V01D,DXT199-20-23,ÅZ,9,1200,3
2021-07-01,MXS12TB-V01D,P3800302-M-1,Åù,9,600,5
2021-07-01,MXS25TB-V01D,P3800602-M-2,Åù,9,1200,5
2021-07-02,MXS06TB-V01D,P3800102-M-1,ÅZ,9,600,1
2021-07-02,MXS16TB-V01D,P3800402-M-2,ÅZ,9,600,1
2021-07-05,DXT155M-V01D,DXT155-38-1,Åú,9,1200,2
2021-07-05,SY30M-V01B,SY3000-20-1,Åù,9,1200,5
2021-07-05,VV10M1-V01B,DXT156-10-11,ÅZ,9,1200,1
2021-07-06,MHY10B-V01D,P3319101-M,ÅZ,9,600,2
2021-07-06,MHY16B-V01D,P3319201-M,Åù,9,600,5
2021-07-06,SY30MP-V01D,SY30M-20-E-1,ÅZ,9,1200,1
2021-07-07,DXT192M1-V01D,DXT192-11-3,Åú,9,600,13
2021-07-07,SY50MP-V01D,SY50M-20-E-1,ÅZ,9,1200,5
2021-07-08,VV14M1-V01D,DXT199-20-23,Åú,9,1200,20
2021-07-08,DXT192M1-V01D,DXT192-11-3,Åù,9,600,6
2021-07-09,VJ30M1-V01D,VJ3000-20-1,ÅZ,9,600,1
2021-07-09,SY70M-V01B,SY7000-20-1,ÅZ,9,1200,1
2021-07-09,XLA40B2-V01B,XLA40-1B-S,ÅZ,9,1200,2
2021-07-10,MHY20B-V01D,P3319301-M,ÅZ,9,1200,1
2021-07-10,MXS08TB-V01D,P3800202-M-1,ÅZ,9,600,1
2021-07-10,MHY25B-V01D,P3319401-M,ÅZ,9,1200,1
2021-07-10,MXS20TB-V01D,P3800502-M-2,ÅZ,9,1200,1
2021-07-10,VV10M1-V01B,DXT156-10-11,ÅZ,9,1200,1
2021-07-10,CQ63T-V01C,C2Q63-04-J0782AK,ÅZ,9,1200,1
2021-07-12,DXT155M-V01D,DXT155-38-1,ÅZ,9,1200,2
2021-07-13,SY50M-V01B,SY5000-20-1,ÅZ,9,1200,1
2021-07-13,VV15M1-V01D,DXT201-13-13,Åú,9,1200,1
2021-07-13,DXT192M1-V01D,DXT192-11-3,Åú,9,600,3
2021-07-14,APT6-V01B,APTE00-96000150-D,Åù,9,1200,5
2021-07-14,VV14M1-V01D,DXT199-20-23,Åú,9,1200,17
2021-07-14,DXT155M-V01D,DXT155-38-1,Åú,9,1200,15
2021-07-15,SY70M-V01B,SY7000-20-1,ÅZ,9,1200,1
2021-07-15,XLA40B2-V01B,XLA40-1B-S,ÅZ,9,1200,2
2021-07-16,APT4-V01B,APTE00-98000565-D,Åù,9,1200,5
2021-07-16,XLA16B2-V01B,XLA16-1B-S,Åù,9,1200,5
2021-07-16,XLA16BN-V01B,XLA16-3-1B,Åù,9,1200,5
2021-07-17,DXT192M1-V01D,DXT192-11-3,Åú,9,1200,20
2021-07-19,VJ10M-V01D,VJ100-16-7,Åú,9,600,1
2021-07-19,SY30M-V01B,SY3000-20-1,Åù,9,1200,5
2021-07-20,VJ30M1-V01D,VJ3000-20-1,ÅZ,9,600,1
2021-07-20,MYB20H1-V01D,MYB20LAA7164-20K,Åú,9,1200,5
2021-07-20,DXT155M-V01D,DXT155-38-1,Åú,9,1200,15
2021-07-20,DXT192M1-V01D,DXT192-11-3,Åú,9,600,20
2021-07-21,VV10M1-V01B,DXT156-10-11,Åú,9,1200,3
2021-07-21,SY50M-V01B,SY5000-20-1,ÅZ,9,1200,1
2021-07-22,SY30MP-V01D,SY30M-20-E-1,ÅZ,9,1200,1
2021-07-24,DXT192M1-V01D,DXT192-11-3,Åú,9,600,20
2021-07-24,MHY20B-V01D,P3319301-M,ÅZ,9,1200,1
2021-07-26,VV15M1-V01D,DXT201-13-13,Åú,9,1200,3
2021-07-26,DXT192M1-V01D,DXT192-11-3,Åú,9,600,5
2021-07-27,APT6-V01B,APTE00-96000150-D,Åù,9,1200,5
2021-07-27,VJ30M1-V01D,VJ3000-20-1,ÅZ,9,600,1
2021-07-28,XLA40B2-V01B,XLA40-1B-S,ÅZ,9,1200,2
2021-07-28,DXT192M1-V01D,DXT192-11-3,Åú,9,600,7
2021-07-29,SY30MP-V01D,SY30M-20-E-1,ÅZ,9,1200,1
2021-07-29,VJ30M1-V01D,VJ3000-20-1,ÅZ,9,600,1
2021-07-29,VJ10M-V01D,VJ100-16-7,Åú,9,600,1
2021-07-30,SY50M-V01B,SY5000-20-1,ÅZ,9,1200,1
2021-07-30,SY50MP-V01D,SY50M-20-E-1,ÅZ,9,1200,3
2021-07-30,APT4-V01B,APTE00-98000565-D,Åú,9,1200,5
2021-07-30,DXT192M1-V01D,DXT192-11-3,Åú,9,600,24
2021-08-02,VV15M1-V01D,DXT201-13-13,Åú,9,1200,4
2021-08-02,SY30M-V01B,SY3000-20-1,Åú,9,1200,10
2021-08-02,XLA25BN-V01D,XLA25-3-1B,Åú,9,1200,14
2021-08-03,MHY10B-V01D,P3319101-M,Åù,9,600,5
2021-08-03,XLA25B2-V01B,XLA25-1B-S,Åú,9,1200,14
2021-08-04,SY50M-V01B,SY5000-20-1,ÅZ,9,1200,1
2021-08-04,XLA25BN-V01D,XLA25-3-1B,Åú,9,1200,22
2021-08-05,VJ30M1-V01D,VJ3000-20-1,ÅZ,9,600,1
2021-08-05,XLA40B2-V01B,XLA40-1B-S,ÅZ,9,1200,1
2021-08-05,XLA25B2-V01B,XLA25-1B-S,Åú,9,1200,14
2021-08-06,SY70M-V01B,SY7000-20-1,ÅZ,9,1200,2
2021-08-06,VJ10M-V01D,VJ100-16-7,Åù,9,600,2
2021-08-06,DXT192M1-V01D,DXT192-11-3,Åú,9,600,2
2021-08-07,SY30MP-V01D,SY30M-20-E-1,ÅZ,9,1200,1
2021-08-09,SY30MP-V01D,SY30M-20-E-1,ÅZ,9,1200,2
2021-08-11,DXT192M1-V01D,DXT192-11-3,Åú,9,600,7
2021-08-11,XLA25B2-V01B,XLA25-1B-S,Åú,9,1200,20
2021-08-12,VJ10M-V01D,VJ100-16-7,Åú,9,600,5
2021-08-12,SY50MP-V01D,SY50M-20-E-1,ÅZ,9,1200,5
2021-08-13,MXS16TB-V01D,P3800402-M-2,Åù,9,600,5
2021-08-13,MXS20TB-V01D,P3800502-M-2,Åù,9,1200,5
2021-08-16,XLA25B2-V01B,XLA25-1B-S,Åú,9,1200,24
2021-08-17,VJ30M1-V01D,VJ3000-20-1,ÅZ,9,600,1
2021-08-17,SY30MP-V01D,SY30M-20-E-1,ÅZ,9,1200,2
2021-08-17,XLA40B2-V01B,XLA40-1B-S,ÅZ,9,1200,2
2021-08-17,SY30M-V01B,SY3000-20-1,Åú,9,1200,2
2021-08-18,CUJ12A-V01D,CUJ12A-AD252-20K,ÅZ,9,600,1
2021-08-18,CUJ20A-V01D,CUJ20A-AD254-20K,ÅZ,9,600,1
2021-08-18,CQ32T-V01B,C2Q32-04-J0779-K,ÅZ,9,1200,1
2021-08-18,CQ40T-V01B,C2Q40-04-J0780-K,ÅZ,9,1200,1
2021-08-18,SY50MP-V01D,SY50M-20-E-1,ÅZ,9,1200,3
2021-08-19,CQ50T-V01B,C2Q50-04-J0781-K,ÅZ,9,1200,1
2021-08-19,CQ63T-V02C,C2Q63-04-J0782AK,ÅZ,9,1200,1
2021-08-20,MXS06TB-V01D,P3800102-M-1,Åù,9,600,5
2021-08-20,MXS08TB-V01D,P3800202-M-1,Åù,9,600,5
2021-08-20,XLA25B2-V01B,XLA25-1B-S,Åú,9,1200,8
2021-08-21,XLA25B2-V01B,XLA25-1B-S,Åú,9,1200,10
2021-08-23,CUJ12A-V01D,CUJ12A-AD252-20K,ÅZ,9,600,1
2021-08-23,VJ30M1-V01D,VJ3000-20-1,ÅZ,9,600,1
2021-08-23,CUJ20A-V01D,CUJ20A-AD254-20K,ÅZ,9,600,1
2021-08-23,XLA40B2-V01B,XLA40-1B-S,ÅZ,9,1200,2
2021-08-24,MYB16H-V01D,MYB16LAA7163-20K,Åù,9,1200,5
2021-08-25,MSQ10B2-V01D,P6260101-D,ÅZ,9,1200,1
2021-08-25,MSQ20B2-V01D,P6260201-D,ÅZ,9,1200,1
2021-08-25,MXS20TB-V01D,P3800502-M-2,Åú,9,1200,10
2021-08-26,CUJ12A-V01D,CUJ12A-AD252-20K,ÅZ,9,600,1
2021-08-26,MSQ30B2-V01D,P6260301-D,ÅZ,9,1200,1
2021-08-26,MSQ50B2-V01D,P6260401-D,ÅZ,9,1200,1
2021-08-26,XLA25B2-V01B,XLA25-1B-S,Åú,9,1200,14
2021-08-26,CQ50T-V01B,C2Q50-04-J0781-K,ÅZ,9,1200,1
2021-08-26,SY50MP-V01D,SY50M-20-E-1,ÅZ,9,1200,3
2021-08-27,CUJ20A-V01D,CUJ20A-AD254-20K,ÅZ,9,600,1
2021-08-27,CQ50T-V01B,C2Q50-04-J0781-K,ÅZ,9,1200,3
2021-08-27,MXS06TB-V01D,P3800102-M-1,Åú,9,600,14
2021-08-27,SY70M-V01B,SY7000-20-1,ÅZ,9,1200,1
2021-08-27,SY30MP-V01D,SY30M-20-E-1,ÅZ,9,1200,1
2021-08-28,CUJ12A-V01D,CUJ12A-AD252-20K,ÅZ,9,600,1
2021-08-28,XLA25B2-V01B,XLA25-1B-S,Åú,9,1200,12
2021-08-30,CUJ20A-V01D,CUJ20A-AD254-20K,ÅZ,9,600,1
2021-08-30,MXS16TB-V01D,P3800402-M-2,Åú,9,600,14
2021-08-30,MXS20TB-V01D,P3800502-M-2,Åú,9,1200,17
2021-08-30,SY50MP-V01D,SY50M-20-E-1,ÅZ,9,1200,2
2021-08-31,CUJ12A-V01D,CUJ12A-AD252-20K,ÅZ,9,600,1
2021-08-31,SY70M-V01B,SY7000-20-1,ÅZ,9,1200,1
2021-08-31,SY50M-V01B,SY5000-20-1,ÅZ,9,1200,1
2021-08-31,MXS12TB-V01D,P3800302-M-1,Åú,9,600,10
2021-08-31,MXS25TB-V01D,P3800602-M-2,Åú,9,1200,9
2021-08-31,SY30MP-V01D,SY30M-20-E-1,ÅZ,9,1200,1
2021-09-01,MSQ10B2-V01D,P6260101-D,ÅZ,9,1200,1
2021-09-01,MSQ30B2-V01D,P6260301-D,ÅZ,9,1200,1
2021-09-01,CQ50T-V01B,C2Q50-04-J0781-K,ÅZ,9,1200,2
2021-09-01,XLA25B2-V01B,XLA25-1B-S,Åú,9,1200,20
2021-09-03,CUJ20A-V01D,CUJ20A-AD254-20K,ÅZ,9,600,1
2021-09-03,SY50MP-V01D,SY50M-20-E-1,Åú,9,1200,6
2021-09-03,MXS16TB-V01D,P3800402-M-2,Åú,9,600,20
2021-09-04,SY50M-V01B,SY5000-20-1,ÅZ,9,1200,1
2021-09-04,CQ63T-V02C,C2Q63-04-J0782AK,ÅZ,9,1200,1
2021-09-06,MSQ50B2-V01D,P6260401-D,ÅZ,9,1200,1
2021-09-06,MXS08TB-V01D,P3800202-M-1,Åú,9,600,22
2021-09-06,MXS12TB-V01D,P3800302-M-1,Åú,9,600,20
2021-09-07,SY30MP-V01D,SY30M-20-E-1,Åù,9,1200,5
2021-09-08,CRQ15B-V01C,P4730002-D,ÅZ,9,600,1
2021-09-08,CRQ20B-V01D,P4730003-D,ÅZ,9,1200,1
2021-09-08,SY30M-V01B,SY3000-20-1,Åú,9,1200,11
2021-09-08,MXS16TB-V01D,P3800402-M-2,Åú,9,600,15
2021-09-09,MSQ50B2-V01D,P6260401-D,ÅZ,9,1200,1
2021-09-09,CQ63T-V02C,C2Q63-04-J0782AK,ÅZ,9,1200,1
2021-09-09,SY30M-V01B,SY3000-20-1,Åú,9,1200,6
2021-09-10,CUJ20A-V01D,CUJ20A-AD254-20K,ÅZ,9,600,1
2021-09-10,CRQ30B-V01D,P4730004-D,ÅZ,9,1200,1
2021-09-10,CRQ40B-V01D,P4730005-D,ÅZ,9,1200,1
2021-09-11,MXW16B-V01D,P3801001-M,ÅZ,9,1200,1
2021-09-11,MXW20B-V01D,P3801101-M,ÅZ,9,1200,1
2021-09-11,XLA40B2-V01B,XLA40-1B-S,ÅZ,9,1200,2
2021-09-11,MXS12TB-V01D,P3800302-M-1,Åú,9,600,24
2021-09-13,CRQ20B-V01D,P4730003-D,ÅZ,9,1200,1
2021-09-13,APT6-V01B,APTE00-96000150-D,Åú,9,1200,1
2021-09-13,MXS16TB-V01D,P3800402-M-2,Åú,9,600,6
2021-09-14,CUJ20A-V01D,CUJ20A-AD254-20K,ÅZ,9,600,1
2021-09-15,CUJ20A-V01D,CUJ20A-AD254-20K,ÅZ,9,600,1
2021-09-15,MSQ20B2-V01D,P6260201-D,ÅZ,9,1200,1
2021-09-15,CRQ30B-V01D,P4730004-D,ÅZ,9,1200,1
2021-09-15,MSQ50B2-V01D,P6260401-D,ÅZ,9,1200,1
2021-09-16,XLA25B2-V01B,XLA25-1B-S,Åú,9,1200,40
2021-09-17,MXW20B-V01D,P3801101-M,ÅZ,9,1200,2
2021-09-17,XLA25B2-V01B,XLA25-1B-S,Åú,9,1200,40
2021-09-20,XLA25B2-V01B,XLA25-1B-S,Åú,9,1200,31
2021-09-21,VJ30M1-V01D,VJ3000-20-1,Åú,9,600,5
2021-09-22,CRQ30B-V01D,P4730004-D,ÅZ,9,1200,1
2021-09-22,MXW20B-V01D,P3801101-M,ÅZ,9,1200,1
2021-09-22,SY30M-V01B,SY3000-20-1,Åú,9,1200,16
2021-09-23,CUJ20A-V01D,CUJ20A-AD254-20K,ÅZ,9,600,1
2021-09-23,XLA25BN-V01D,XLA25-3-1B,Åú,9,1200,40
2021-09-24,SY50MP-V01D,SY50M-20-E-1,Åú,9,1200,20
2021-09-24,XLA25B2-V01B,XLA25-1B-S,Åú,9,1200,24
2021-09-25,VV10M1-V01B,DXT156-10-11,Åú,9,1200,15
2021-09-27,CJ10P-V01D,C2J10M-AF112-25K,ÅZ,9,600,1
2021-09-27,XLA25BN-V01D,XLA25-3-1B,Åú,9,1200,34
2021-09-28,MSQ20B2-V01D,P6260201-D,ÅZ,9,1200,1
2021-09-28,XLA16B2-V01B,XLA16-1B-S,Åú,9,1200,20
2021-10-01,VV10M1-V01B,DXT156-10-11,Åú,9,1200,20
2021-10-01,CRQ30B-V01D,P4730004-D,ÅZ,9,1200,1
2021-10-02,XLA25B2-V01B,XLA25-1B-S,Åú,9,1200,40
2021-10-04,MXW20B-V01D,P3801101-M,ÅZ,9,1200,1
2021-10-04,MHY10B-V01D,P3319101-M,Åú,9,600,6
2021-10-04,VJ10M-V01D,VJ100-16-7,Åú,9,600,10
2021-10-05,MHY16B-V01D,P3319201-M,Åú,9,600,10
2021-10-05,MYB20H1-V01D,MYB20LAA7164-20K,Åú,9,1200,20
2021-10-06,MSQ20B2-V01D,P6260201-D,ÅZ,9,1200,1
2021-10-06,XLA40B2-V01B,XLA40-1B-S,ÅZ,9,1200,2
2021-10-06,MYB16H-V01D,MYB16LAA7163-20K,Åú,9,1200,11
2021-10-06,XLA25B2-V01B,XLA25-1B-S,Åú,9,1200,40
2021-10-07,XLA16B2-V01B,XLA16-1B-S,Åú,9,1200,30
2021-10-07,XLA16BN-V01B,XLA16-3-1B,Åú,9,1200,10
2021-10-08,VJ10M-V01D,VJ100-16-7,Åú,9,600,10
2021-10-11,MYB20H1-V01D,MYB20LAA7164-20K,Åú,9,1200,30
2021-10-11,MHY16B-V01D,P3319201-M,Åú,9,600,17
2021-10-12,XLA16BN-V01B,XLA16-3-1B,Åú,9,1200,17
2021-10-13,CUJ16A-V01D,CUJ16A-AD253-20K,Åù,9,600,5
2021-10-13,MHY20B-V01D,P3319301-M,Åù,9,1200,2
2021-10-13,MHY25B-V01D,P3319401-M,Åù,9,1200,2
2021-10-14,CQ32T-V01B,C2Q32-04-J0779-K,Åú,9,1200,5
2021-10-14,CQ40T-V01B,C2Q40-04-J0780-K,Åú,9,1200,5
2021-10-14,CQ50T-V01B,C2Q50-04-J0781-K,Åù,9,1200,5
2021-10-15,MXW20B-V01D,P3801101-M,ÅZ,9,1200,1
2021-10-15,XLA25B2-V01B,XLA25-1B-S,Åú,9,1200,40
2021-10-18,CUJ12A-V01D,CUJ12A-AD252-20K,Åú,9,600,1
2021-10-18,SY70M-V01B,SY7000-20-1,Åú,9,1200,4
2021-10-18,SY50MP-V01D,SY50M-20-E-1,Åú,9,1200,14
2021-10-19,MYB20H1-V01D,MYB20LAA7164-20K,Åú,9,1200,2
2021-10-19,XLA25B2-V01B,XLA25-1B-S,Åú,9,1200,40
2021-10-20,CUJ16A-V01D,CUJ16A-AD253-20K,ÅZ,9,600,1
2021-10-20,MXW20B-V01D,P3801101-M,ÅZ,9,1200,1
2021-10-20,SY50MP-V01D,SY50M-20-E-1,Åú,9,1200,26
2021-10-23,XLA25B2-V01B,XLA25-1B-S,Åú,9,1200,40
2021-10-25,XLA25B2-V01B,XLA25-1B-S,Åú,9,1200,28
2021-10-25,MXS08TB-V01D,P3800202-M-1,Åú,9,600,20
2021-10-26,CUJ16A-V01D,CUJ16A-AD253-20K,ÅZ,9,600,1
2021-10-26,MXW20B-V01D,P3801101-M,ÅZ,9,1200,1
2021-10-26,MXS12TB-V01D,P3800302-M-1,Åú,9,600,22
2021-10-26,MXS20TB-V01D,P3800502-M-2,Åú,9,1200,15
2021-10-27,CJ10P-V01D,C2J10M-AF112-25K,ÅZ,9,600,1
2021-10-27,CJ16P-V01D,C2J16M-AF113-25K,ÅZ,9,600,1
2021-10-27,PS12-V01D,S500A61T12X04X30,ÅZ,9,600,1
2021-10-27,PS16-V01D,S500A61T16X05X30,ÅZ,9,600,1
2021-10-27,MXS16TB-V01D,P3800402-M-2,Åú,9,600,30
2021-10-28,PS20A-V01D,S502A61T20X05X27,ÅZ,9,600,2
2021-10-28,CM20AS-V01D,C2M020K03-68714B,ÅZ,9,600,2
2021-10-28,CM25AS-V01D,C2M025K03-68715B,ÅZ,9,600,3
2021-10-28,CM32AS-V01D,C2M032K03-68716B,ÅZ,9,1200,3
2021-10-28,CM40AS-V01D,C2M040K03-68717B,ÅZ,9,1200,3
2021-10-28,VJ10M-V01D,VJ100-16-7,Åú,9,600,20
2021-10-29,XLA25B2-V01B,XLA25-1B-S,Åú,9,1200,6
2021-10-29,MXS08TB-V01D,P3800202-M-1,Åú,9,600,31
2021-11-01,XLA16B2-V01B,XLA16-1B-S,Åú,9,1200,40
2021-11-01,APT6-V01B,APTE00-96000150-D,Åú,9,1200,5
2021-11-01,APT4-V01B,APTE00-98000565-D,Åú,9,1200,15
2021-11-02,CUJ16A-V01D,CUJ16A-AD253-20K,ÅZ,9,600,1
2021-11-02,VJ30M1-V01D,VJ3000-20-1,Åú,9,600,2
2021-11-03,MGPM12B2-V01D,MGP12A-AC891-30K,ÅZ,9,1200,2
2021-11-03,CM20AH-V01D,C2M020K02-68714B,ÅZ,9,600,2
2021-11-03,CM25AH-V01D,C2M025K02-68715B,ÅZ,9,600,3
2021-11-03,CM32AH-V01D,C2M032K02-68716B,ÅZ,9,1200,2
2021-11-03,CM40AH-V01D,C2M040K02-68717B,ÅZ,9,1200,3
2021-11-04,MXS12TB-V01D,P3800302-M-1,Åú,9,600,23
2021-11-04,MXS20TB-V01D,P3800502-M-2,Åú,9,1200,15
2021-11-04,SY50MP-V01D,SY50M-20-E-1,Åú,9,1200,8
2021-11-05,APT4-V01B,APTE00-98000565-D,Åú,9,1200,16
2021-11-05,APT6-V01B,APTE00-96000150-D,Åú,9,1200,5
2021-11-05,CQ50T-V01B,C2Q50-04-J0781-K,ÅZ,9,1200,1
2021-11-05,MXS16TB-V01D,P3800402-M-2,Åú,9,600,40
2021-11-06,XLA40B2-V01B,XLA40-1B-S,ÅZ,9,1200,2
2021-11-06,VJ10M-V01D,VJ100-16-7,Åú,9,600,22
2021-11-06,XLA16B2-V01B,XLA16-1B-S,Åú,9,1200,14
2021-11-08,SY70M-V01B,SY7000-20-1,Åú,9,1200,2
2021-11-08,APT6-V01B,APTE00-96000150-D,Åú,9,1200,11
2021-11-08,VJ30M1-V01D,VJ3000-20-1,Åú,9,600,20
2021-11-09,MXS20TB-V01D,P3800502-M-2,Åú,9,1200,34
2021-11-09,MXS12TB-V01D,P3800302-M-1,Åú,9,600,28
2021-11-10,CQ16G-V01C,C2Q16G-P1281-30K,ÅZ,9,600,3
2021-11-10,CQ20G-V01C,C2Q20G-P1282-30K,ÅZ,9,600,4
2021-11-10,CQ25G-V01C,C2Q25G-P1283-30K,ÅZ,9,1200,2
2021-11-10,CQ32T-V01B,C2Q32-04-J0779-K,Åú,9,1200,24
2021-11-10,CQ40T-V01B,C2Q40-04-J0780-K,Åú,9,1200,20
2021-11-11,CQ12G-V01C,C2Q12G-P1280-30K,ÅZ,9,600,2
2021-11-11,CQ32G-V01C,C2Q32G-P1284-30K,ÅZ,9,1200,3
2021-11-11,CQ40G-V01C,C2Q40G-P1285-30K,ÅZ,9,1200,5
2021-11-11,SY50MP-V01D,SY50M-20-E-1,Åú,9,1200,20
2021-11-12,CQ50T-V01B,C2Q50-04-J0781-K,ÅZ,9,1200,1
2021-11-12,MXW20B-V01D,P3801101-M,ÅZ,9,1200,1
2021-11-12,XLA40B2-V01B,XLA40-1B-S,ÅZ,9,1200,2
2021-11-12,XLA16B2-V01B,XLA16-1B-S,Åú,9,1200,19
2021-11-12,SY30MP-V01D,SY30M-20-E-1,Åú,9,1200,13
2021-11-13,SY70M-V01B,SY7000-20-1,Åú,9,1200,1
2021-11-15,VJ30M1-V01D,VJ3000-20-1,Åú,9,600,22
2021-11-15,MXS16TB-V01D,P3800402-M-2,Åú,9,600,38
2021-11-15,CQ63T-V02C,C2Q63-04-J0782AK,Åù,9,1200,1
2021-11-16,CQ50T-V01B,C2Q50-04-J0781-K,ÅZ,9,1200,1
2021-11-16,CG32H-V01C,C1G32L-M3322-20K,ÅZ,9,1200,2
2021-11-16,CG40H-V01C,C1G40L-M3323-20K,ÅZ,9,1200,3
2021-11-16,MHY20B-V01D,P3319301-M,Åù,9,1200,5
2021-11-16,MHY25B-V01D,P3319401-M,Åù,9,1200,5
2021-11-17,CQ50T-V01B,C2Q50-04-J0781-K,ÅZ,9,1200,1
2021-11-17,XLA40B2-V01B,XLA40-1B-S,ÅZ,9,1200,2
2021-11-17,CUJ12A-V01D,CUJ12A-AD252-20K,Åù,9,600,5
2021-11-17,CUJ16A-V01D,CUJ16A-AD253-20K,Åù,9,600,5
2021-11-17,CUJ20A-V01D,CUJ20A-AD254-20K,Åù,9,600,5
2021-11-17,CQ63T-V02C,C2Q63-04-J0782AK,Åù,9,1200,1
2021-11-18,SY50M-V01B,SY5000-20-1,ÅZ,9,1200,1
2021-11-18,MXS12TB-V01D,P3800302-M-1,Åú,9,600,36
2021-11-18,SY30MP-V01D,SY30M-20-E-1,Åú,9,1200,2
2021-11-19,XLA16B2-V01B,XLA16-1B-S,Åú,9,1200,31
2021-11-19,VJ10M-V01D,VJ100-16-7,Åú,9,600,8
2021-11-19,SY50MP-V01D,SY50M-20-E-1,Åú,9,1200,8
2021-11-20,APT6-V01B,APTE00-96000150-D,Åú,9,1200,22
2021-11-20,SY50MP-V01D,SY50M-20-E-1,Åú,9,1200,22
2021-11-22,SY30MP-V01D,SY30M-20-E-1,Åú,9,1200,29
2021-11-22,SY70M-V01B,SY7000-20-1,Åú,9,1200,10
2021-11-23,MSQ50B2-V01D,P6260401-D,ÅZ,9,1200,1
2021-11-23,XLA40B2-V01B,XLA40-1B-S,ÅZ,9,1200,2
2021-11-23,MXW16B-V01D,P3801001-M,ÅZ,9,1200,1
2021-11-23,APT2-V01B,APTE00-98000724-D,ÅZ,9,600,1
2021-11-23,APT3-V01B,APTE00-98000404-D,ÅZ,9,600,1
2021-11-23,APT4-V01B,APTE00-98000565-D,Åú,9,1200,35
2021-11-24,CQ50T-V01B,C2Q50-04-J0781-K,ÅZ,9,1200,1
2021-11-24,CQ63T-V02C,C2Q63-04-J0782AK,Åù,9,1200,2
2021-11-24,MGPM20B2-V01D,MGP20A-AC893-30K,ÅZ,9,1200,1
2021-11-24,MGPM16B2-V01D,MGP16A-AC892-30K,ÅZ,9,1200,1
2021-11-24,APT5-V01B,APTE00-96000152-D,ÅZ,9,600,1
2021-11-24,APT7-V01B,APTE00-98000948-D,ÅZ,9,600,1
2021-11-25,CQ12C-V01D,S501A61T14X06X30,ÅZ,9,600,1
2021-11-25,CQ16C-V01D,S501A61T19X08X30,ÅZ,9,600,2
2021-11-25,CQ20C-V01D,S501A61T23X10X30,ÅZ,9,600,2
2021-11-25,CQ25C-V01D,S501A61T27X12X30,ÅZ,9,600,3
2021-11-25,CQ32C-V01D,S501A61T35X16X30,ÅZ,9,600,4
2021-11-25,CQ40C-V01D,S501A61T43X16X30,ÅZ,9,1200,3
2021-11-26,SY50M-V01B,SY5000-20-1,ÅZ,9,1200,1
2021-11-26,APT4-V01B,APTE00-98000565-D,Åú,9,1200,35
2021-11-26,APT6-V01B,APTE00-96000150-D,Åú,9,1200,19
2021-11-26,SY30MP-V01D,SY30M-20-E-1,Åú,9,1200,4
2021-11-27,CQ50T-V01B,C2Q50-04-J0781-K,ÅZ,9,1200,1
2021-11-27,SY30MP-V01D,SY30M-20-E-1,Åú,9,1200,6
2021-11-27,CUJ16A-V01D,CUJ16A-AD253-20K,Åú,9,600,10
2021-11-27,DXT192M1-V01D,DXT192-11-3,Åú,9,600,20
2021-11-29,XLA40B2-V01B,XLA40-1B-S,ÅZ,9,1200,2
2021-11-29,VJ30M1-V01D,VJ3000-20-1,Åú,9,600,20
2021-11-29,CUJ12A-V01D,CUJ12A-AD252-20K,Åú,9,600,10
2021-11-29,SY50MP-V01D,SY50M-20-E-1,Åú,9,1200,8
2021-11-30,MSQ50B2-V01D,P6260401-D,ÅZ,9,1200,1
2021-11-30,XLA25B2-V01B,XLA25-1B-S,Åú,9,1200,30
2021-11-30,DXT192M1-V01D,DXT192-11-3,Åú,9,600,38
2021-12-01,CRQ15B-V01C,P4730002-D,ÅZ,9,600,1
2021-12-01,MXW16B-V01D,P3801001-M,ÅZ,9,1200,1
2021-12-01,CRQ20B-V01D,P4730003-D,ÅZ,9,1200,1
2021-12-01,APT6-V01B1,APTE00-96000150-D,ÅZ,9,1200,1
2021-12-01,CQ32T-V01B,C2Q32-04-J0779-K,Åú,9,600,20
2021-12-01,SY50MP-V01D,SY50M-20-E-1,Åú,9,1200,40
2021-12-02,MXW20B-V01D,P3801101-M,ÅZ,9,1200,1
2021-12-02,CRQ40B-V01D,P4730005-D,ÅZ,9,1200,1
2021-12-02,CRQ30B-V01D,P4730004-D,ÅZ,9,1200,1
2021-12-02,CUJ12A-V01D,CUJ12A-AD252-20K,Åú,9,600,19
2021-12-02,CQ40T-V01B,C2Q40-04-J0780-K,Åú,9,1200,20
2021-12-03,CQ50T-V01B,C2Q50-04-J0781-K,ÅZ,9,1200,2
2021-12-03,XLA25B2-V01B,XLA25-1B-S,Åú,9,1200,24
2021-12-03,CUJ20A-V01D,CUJ20A-AD254-20K,Åú,9,600,15
2021-12-03,SY30MP-V01D,SY30M-20-E-1,Åú,9,1200,3
2021-12-04,VJ30M1-V01D,VJ3000-20-1,Åú,9,600,20
2021-12-04,CUJ16A-V01D,CUJ16A-AD253-20K,Åú,9,600,18
2021-12-06,MSQ50B2-V01D,P6260401-D,ÅZ,9,1200,1
2021-12-06,SY30MP-V01D,SY30M-20-E-1,Åú,9,1200,15
2021-12-06,CUJ12A-V01D,CUJ12A-AD252-20K,Åú,9,600,6
2021-12-07,MSQ10B2-V01D,P6260101-D,ÅZ,9,1200,1
2021-12-07,MSQ20B2-V01D,P6260201-D,ÅZ,9,1200,1
2021-12-07,VJ30M1-V01D,VJ3000-20-1,Åú,9,600,2
2021-12-08,CQ32T-V01B,C2Q32-04-J0779-K,Åú,9,1200,16
2021-12-08,CUJ20A-V01D,CUJ20A-AD254-20K,Åú,9,600,17
2021-12-09,CQ40T-V01B,C2Q40-04-J0780-K,Åú,9,1200,24
2021-12-09,CUJ16A-V01D,CUJ16A-AD253-20K,Åú,9,600,21
2021-12-10,CQ50T-V01B,C2Q50-04-J0781-K,ÅZ,9,1200,1
2021-12-10,MSQ50B2-V01D,P6260401-D,ÅZ,9,1200,1
2021-12-10,MHY20B-V01D,P3319301-M,Åú,9,1200,13
2021-12-10,MHY25B-V01D,P3319401-M,Åú,9,1200,15
2021-12-11,CQ63T-V02C,C2Q63-04-J0782AK,Åú,9,1200,1
2021-12-11,VJ30M1-V01D,VJ3000-20-1,Åú,9,600,20
2021-12-11,SY30MP-V01D,SY30M-20-E-1,Åú,9,1200,5
2021-12-13,MSQ30B2-V01D,P6260301-D,ÅZ,9,1200,1
2021-12-13,MSQ10B2-V01D,P6260101-D,Åù,9,1200,5
2021-12-13,MSQ20B2-V01D,P6260201-D,Åù,9,1200,5
2021-12-13,CRQ20B-V01D,P4730003-D,Åù,9,1200,5
2021-12-13,CRQ30B-V01D,P4730004-D,Åù,9,1200,5
2021-12-14,SY30MP-V01D,SY30M-20-E-1,Åú,9,1200,15
2021-12-14,CQ63T-V02C,C2Q63-04-J0782AK,Åù,9,1200,2
2021-12-15,VJ30M1-V01D,VJ3000-20-1,Åú,9,600,20
2021-12-15,MXW16B-V01D,P3801001-M,ÅZ,9,1200,1
2021-12-16,CQ12G-V01C,C2Q12G-P1280-30K,ÅZ,9,600,1
2021-12-16,CQ20G-V01C,C2Q20G-P1282-30K,ÅZ,9,600,1
2021-12-16,CQ25G-V01C,C2Q25G-P1283-30K,ÅZ,9,1200,1
2021-12-16,CQ32G-V01C,C2Q32G-P1284-30K,ÅZ,9,1200,1
2021-12-16,CQ40G-V01C,C2Q40G-P1285-30K,ÅZ,9,1200,1
2021-12-17,CRQ40B-V01D,P4730005-D,ÅZ,9,1200,1
2021-12-17,MGPM25B2-V01D,MGP25A-AC894-30K,ÅZ,9,1200,1
2021-12-17,MHY25B-V01D,P3319401-M,Åú,9,1200,18
2021-12-17,XLA25B2-V01B,XLA25-1B-S,Åú,9,1200,20
2021-12-20,CQ50T-V01B,C2Q50-04-J0781-K,ÅZ,9,1200,1
2021-12-20,MSQ50B2-V01D,P6260401-D,ÅZ,9,1200,1
2021-12-20,APT8-V01B,APTE00-96001786-D,ÅZ,9,1200,1
2021-12-21,CJ06C2-V01D,C2J06LAAH080-30K,ÅZ,9,600,1
2021-12-21,CJ06C-V01D,C2J06LBAH080-30K,ÅZ,9,600,1
2021-12-21,CRQ40B-V01D,P4730005-D,Åù,9,1200,5
2021-12-21,CJ06RT-V01D,C2J06Y-AH080-30K,ÅZ,9,600,1
2021-12-21,MSQ30B2-V01D,P6260301-D,Åù,9,1200,3
2021-12-21,CJ12P-V01D,C8512M-AF117-25K,ÅZ,9,600,1
2021-12-21,CRQ15B-V01C,P4730002-D,ÅZ,9,600,1
2021-12-22,CQ63T-V02C,C2Q63-04-J0782AK,Åù,9,1200,1
2021-12-22,SY30MP-V01D,SY30M-20-E-1,Åú,9,1200,4
2021-12-23,APT4-V01B,APTE00-98000565-D,Åú,9,1200,40
2021-12-23,APT6-V01B,APTE00-96000150-D,Åù,9,1200,5
2021-12-24,SY30MP-V01D,SY30M-20-E-1,Åú,9,1200,15
2021-12-24,CUJ20A-V01D,CUJ20A-AD254-20K,Åú,9,600,2
2021-12-25,XLA25B2-V01B,XLA25-1B-S,Åú,9,1200,40
2021-12-25,CXS06S3-V01D,CXS06A-R6000-20K,ÅZ,9,600,1
2021-12-25,CXS10S3-V01D,CXS10A-R6001-20K,ÅZ,9,600,1
2021-12-25,CXS15S3-V01D,CXS15A-BA022-20K,ÅZ,9,600,1
2021-12-25,CRQ15B-V01C,P4730002-D,Åù,9,600,5
2021-12-25,CQ50T-V01B,C2Q50-04-J0781-K,ÅZ,9,1200,1
2021-12-27,CRQ40B-V01D,P4730005-D,ÅZ,9,1200,1
2021-12-27,CQ63T-V02C,C2Q63-04-J0782AK,ÅZ,9,1200,4
2021-12-27,APT4-V01B,APTE00-98000565-D,Åú,9,1200,20
2021-12-27,APT6-V01B,APTE00-96000150-D,Åú,9,1200,20
2021-12-28,CRQ20B-V01D,P4730003-D,Åú,9,1200,15
2021-12-28,CRQ30B-V01D,P4730004-D,Åú,9,1200,10
2021-12-28,CUJ20A-V01D,CUJ20A-AD254-20K,Åú,9,600,20
2021-12-29,MSQ50B2-V01D,P6260401-D,ÅZ,9,1200,1
2021-12-29,CQ50T-V01B,C2Q50-04-J0781-K,ÅZ,9,1200,1
2021-12-29,CRQ40B-V01D,P4730005-D,Åù,9,1200,5
2021-12-29,CUJ16A-V01D,CUJ16A-AD253-20K,Åú,9,600,15
2021-12-29,SY30MP-V01D,SY30M-20-E-1,Åú,9,1200,1
2021-12-29,CUJ20A-V01D,CUJ20A-AD254-20K,Åú,9,600,5
2021-12-29,CUJ20A-V01D,CUJ20A-AD254-20K,Åú,9,600,15
2021-12-30,APT8-V01B,APTE00-96001786-D,ÅZ,9,1200,1
2021-12-30,CQ63T-V02C,C2Q63-04-J0782AK,ÅZ,9,1200,2
2021-12-30,MSQ10B2-V01D,P6260101-D,Åú,9,1200,15
2021-12-30,MSQ20B2-V01D,P6260201-D,Åú,9,1200,15
2022-01-04,MSQ30B2-V01D,P6260301-D,Åù,9,1200,6
2022-01-04,CRQ15B-V01C,P4730002-D,ÅZ,9,600,1
2022-01-04,MXW16B-V01D,P3801001-M,ÅZ,9,1200,1
2022-01-05,CRQ20B-V01D,P4730003-D,Åú,9,1200,10
2022-01-05,CRQ30B-V01D,P4730004-D,Åú,9,1200,10
2022-01-05,APT6-V01B,APTE00-96000150-D,Åú,9,1200,10
2022-01-05,APT4-V01B,APTE00-98000565-D,Åú,9,1200,20
2022-01-06,PS20-V01D,S500A61T20X05X30,ÅZ,9,600,2
2022-01-06,PS25-V01D,S500A61T25X06X30,Åú,9,1200,1
2022-01-06,PS32-V01D,S500A61T32X08X30,ÅZ,9,600,1
2022-01-06,PS40-V01D,S500A61T40X10X30,ÅZ,9,1200,1
2022-01-06,APT8-V01B,APTE00-96001786-D,ÅZ,9,1200,1
2022-01-06,CUJ16A-V01D,CUJ16A-AD253-20K,Åú,9,600,15
2022-01-06,CUJ12A-V01D,CUJ12A-AD252-20K,Åú,9,600,15
2022-01-07,MXW20B-V02D,P3801101-M,ÅZ,9,1200,1
2022-01-07,PS25A-V01D,S502A61T25X06X27,Åú,9,600,1
2022-01-07,PS32B-V01D,S502A61T32X06X27,ÅZ,9,600,1
2022-01-07,PS40B-V01D,S502A61T40X09X27,ÅZ,9,1200,1
2022-01-07,MSQ20B2-V01D,P6260201-D,Åú,9,1200,13
2022-01-07,MSQ10B2-V01D,P6260101-D,Åú,9,1200,20
2022-01-08,MGPL12B2-V01D,MGP12A-AC901-30K,ÅZ,9,600,1
2022-01-08,SY30MP-V01D,SY30M-20-E-1,Åú,9,1200,1
2022-01-08,CQ20K-V01D,C2Q020K31-49998A,ÅZ,9,600,1
2022-01-08,MGPL16B2-V01D,MGP16A-AC902-30K,ÅZ,9,1200,1
2022-01-08,MGPL20B2-V01D,MGP20A-AC903-30K,ÅZ,9,1200,1
2022-01-08,CQ63T-V02C,C2Q63-04-J0782AK,Åù,9,1200,4
2022-01-10,CQ50T-V01B,C2Q50-04-J0781-K,ÅZ,9,1200,1
2022-01-10,CXS32S3-V01D,CXS32A-BA025-20K,ÅZ,9,1200,1
2022-01-10,CXS25S3-V01D,CXS25A-BA024-20K,ÅZ,9,1200,1
2022-01-10,APT8-V01B,APTE00-96001786-D,ÅZ,9,1200,1
2022-01-10,MSQ30B2-V01D,P6260301-D,Åú,9,1200,10
2022-01-10,CUJ20A-V01D,CUJ20A-AD254-20K,Åú,9,600,25
2022-01-11,CG40R-V01D,CG-040K02-35903A,ÅZ,9,1200,1
2022-01-11,CG50H-V01C,C1G50L-M3324-20K,ÅZ,9,1200,2
2022-01-11,CUJ12A-V01D,CUJ12A-AD252-20K,Åú,9,600,20
2022-01-11,SY30M-V01B,SY3000-20-1,Åú,9,1200,15
2022-01-11,CUJ16A-V01D,CUJ16A-AD253-20K,Åú,9,600,20
2022-01-11,SY30MP-V01D,SY30M-20-E-1,Åú,9,1200,5
2022-01-12,CRQ40B-V01D,P4730005-D,ÅZ,9,1200,1
2022-01-12,MXW20B-V02D,P3801101-M,ÅZ,9,1200,1
2022-01-12,MXW16B-V01D,P3801001-M,ÅZ,9,1200,1
2022-01-12,APT6-V01B,APTE00-96000150-D,Åú,9,1200,20
2022-01-12,APT4-V01B,APTE00-98000565-D,Åú,9,1200,20
2022-01-13,MGPL25B2-V01D,MGP25A-AC904-30K,ÅZ,9,1200,1
2022-01-13,MGPL20B2-V01D,MGP20A-AC903-30K,ÅZ,9,1200,1
2022-01-13,PS40B-V01D,S502A61T40X09X27,ÅZ,9,1200,1
2022-01-13,PS32B-V01D,S502A61T32X06X27,ÅZ,9,600,1
2022-01-13,DXT192M1-V01D,DXT192-11-3,Åú,9,600,15
2022-01-14,MSQ30B2-V01D,P6260301-D,Åú,9,1200,14
2022-01-14,CUJ12A-V01D,CUJ12A-AD252-20K,Åú,9,600,4
2022-01-14,CQ63T-V02C,C2Q63-04-J0782AK,Åú,9,1200,6
2022-01-15,MSQ50B2-V01D,P6260401-D,ÅZ,9,1200,1
2022-01-15,CQ50T-V01B,C2Q50-04-J0781-K,Åú,9,1200,1
2022-01-15,CUJ12A-V01D,CUJ12A-AD252-20K,Åú,9,600,20
2022-01-15,PS40B-V01D,S502A61T40X09X27,ÅZ,9,1200,1
2022-01-15,MXW20B-V02D,P3801101-M,ÅZ,9,1200,1
2022-01-17,SY30MP-V01D,SY30M-20-E-1,Åú,9,1200,3
2022-01-17,DXT192M1-V01D,DXT192-11-3,Åú,9,600,13
2022-01-17,CRQ40B-V01D,P4730005-D,Åú,9,1200,10
2022-01-18,MXW16B-V01D,P3801001-M,ÅZ,9,1200,1
2022-01-18,APT4-V01B,APTE00-98000565-D,Åú,9,1200,40
2022-01-18,CUJ16A-V01D,CUJ16A-AD253-20K,Åú,9,600,30
2022-01-19,SY50M-V01B,SY5000-20-1,Åù,9,1200,5
2022-01-19,CQ50T-V01B,C2Q50-04-J0781-K,Åú,9,1200,5
2022-01-19,CQ63T-V02C,C2Q63-04-J0782AK,Åù,9,1200,4
2022-01-20,MSQ50B2-V01D,P6260401-D,ÅZ,9,1200,1
2022-01-20,SY30MP-V01D,SY30M-20-E-1,ÅZ,9,1200,1
2022-01-20,MSQ30B2-V01D,P6260301-D,Åú,9,1200,16
2022-01-20,CRQ40B-V01D,P4730005-D,Åú,9,1200,15
2022-01-20,MGPM32B2-V01D,MGP32A-AC895-30K,ÅZ,9,1200,2
2022-01-21,MGPM40B2-V01D,MGP40A-AC896-30K,ÅZ,9,600,2
2022-01-21,CUJ12A-V01D,CUJ12A-AD252-20K,Åú,9,600,12
2022-01-21,CUJ16A-V01D,CUJ16A-AD253-20K,Åú,9,600,7
2022-01-22,CXS20S3-V01D,CXS20A-BA023-20K,ÅZ,9,600,1
2022-01-22,MGPL12B2-V01D,MGP12A-AC901-30K,ÅZ,9,1200,1
2022-01-22,MGPM25B2-V01D,MGP25A-AC894-30K,ÅZ,9,1200,1
2022-01-22,CQ50T-V01B,C2Q50-04-J0781-K,Åú,9,1200,5
2022-01-22,CRQ40B-V01D,P4730005-D,Åú,9,1200,7
2022-01-24,CRQ15B-V01C,P4730002-D,ÅZ,9,600,1
2022-01-24,CUJ16A-V01D,CUJ16A-AD253-20K,Åú,9,600,21
2022-01-24,XLA25B2-V01B,XLA25-1B-S,Åú,9,1200,20
2022-01-24,CQ63T-V02C,C2Q63-04-J0782AK,Åú,9,1200,10
2022-01-25,XLA16B2-V01B,XLA16-1B-S,Åú,9,1200,17
2022-01-25,MSQ30B2-V01D,P6260301-D,Åú,9,1200,12
2022-01-25,CRQ30B-V01D,P4730004-D,Åú,9,1200,13
2022-01-26,MSQ50B2-V01D,P6260401-D,ÅZ,9,1200,1
2022-01-26,XLA40B2-V01B,XLA40-1B-S,Åú,9,1200,2
2022-02-10,MXS25TB-V01D,P3800602-M-2,Åú,9,1200,15
2022-02-10,MXS25TB-V02D,P3800602-M-2,ÅZ,9,1200,1
2022-02-10,MSQ10B2-V01D,P6260101-D,Åú,9,1200,4
2022-02-10,MSQ20B2-V01D,P6260201-D,Åú,9,1200,2
2022-02-10,MXS20TB-V02D,P3800502-M-2,ÅZ,9,1200,1
2022-02-10,CUJ12A-V01D,CUJ12A-AD252-20K,Åú,9,600,7
2022-02-10,CQ63T-V02C,C2Q63-04-J0782AK,Åú,9,1200,10
2022-02-11,SY30MP-V01D,SY30M-20-E-1,ÅZ,9,600,1
2022-02-11,APT5-V01B,APTE00-96000152-D,Åù,9,600,5
2022-02-11,APT7-V01B,APTE00-98000948-D,Åú,9,600,2
2022-02-11,CQ63T-V02C,C2Q63-04-J0782AK,Åú,9,1200,8
2022-02-11,MGPM40B2-V01D,MGP40A-AC896-30K,ÅZ,9,1200,2
2022-02-11,XLA25B2-V01B,XLA25-1B-S,Åú,9,1200,4
2022-02-12,CQ50T-V01B,C2Q50-04-J0781-K,Åú,9,1200,5
2022-02-12,MXS25TB-V01D,P3800602-M-2,Åú,9,1200,18
2022-02-12,APT2-V01B,APTE00-98000724-D,Åú,9,600,5
2022-02-12,APT3-V01B,APTE00-98000404-D,Åú,9,600,5
2022-02-12,MSQ10B2-V01D,P6260101-D,Åú,9,1200,2
2022-02-12,MSQ20B2-V01D,P6260201-D,Åú,9,1200,2
2022-02-14,CQ25G-V01C,C2Q25G-P1283-30K,Åù,9,1200,5
2022-02-14,CQ32G-V01C,C2Q32G-P1284-30K,Åù,9,1200,5
2022-02-14,CQ40G-V01C,C2Q40G-P1285-30K,Åù,9,1200,5
2022-02-14,SY50M-V01B,SY5000-20-1,Åú,9,1200,10
2022-02-14,MSQ30B2-V01D,P6260301-D,Åú,9,1200,16
2022-02-14,MXS12TB-V01D,P3800302-M-1,ÅZ,9,600,1
2022-02-14,MXS16TB-V02D,P3800402-M-2,ÅZ,9,600,1
2022-02-15,CQ12G-V01C,C2Q12G-P1280-30K,Åù,9,600,5
2022-02-15,CQ16G-V01C,C2Q16G-P1281-30K,Åù,9,600,5
2022-02-15,MSQ10B2-V01D,P6260101-D,Åú,9,1200,15
2022-02-15,MXS06TB-V02D,P3800102-M-1,Åú,9,600,1
2022-02-15,MXS08TB-V02D,P3800202-M-1,ÅZ,9,600,1
2022-02-15,MSQ20B2-V01D,P6260201-D,Åú,9,1200,4
2022-02-15,CQ63T-V02C,C2Q63-04-J0782AK,Åú,9,1200,12
2022-02-16,CQ20G-V01C,C2Q20G-P1282-30K,Åù,9,600,5
2022-02-16,CQ12C-V01D,S501A61T14X06X30,Åù,9,600,5
2022-02-16,MSQ30B2-V01D,P6260301-D,Åú,9,1200,10
2022-02-16,CQ63T-V02C,C2Q63-04-J0782AK,Åú,9,1200,20
2022-02-16,XLA25B2-V01B,XLA25-1B-S,Åú,9,1200,26
2022-02-17,CXS25S3-V01D,CXS25A-BA024-20K,ÅZ,9,1200,1
2022-02-17,CXS20S3-V01D,CXS20A-BA023-20K,ÅZ,9,600,1
2022-02-17,CQ20C-V01D,S501A61T23X10X30,Åù,9,600,5
2022-02-17,CQ25C-V01D,S501A61T27X12X30,Åù,9,600,5
2022-02-17,CQ32C-V01D,S501A61T35X16X30,Åù,9,600,5
2022-02-17,MXS25TB-V01D,P3800602-M-2,Åú,9,1200,7
2022-02-18,CQ40C-V01D,S501A61T43X16X30,Åù,9,1200,5
2022-02-18,APT5-V01B,APTE00-96000152-D,Åú,9,600,9
2022-02-18,SY30MP-V01D,SY30M-20-E-1,ÅZ,9,1200,1
2022-02-18,MHY10B-V01D,P3319101-M,Åú,9,600,6
2022-02-18,SY50M-V01B,SY5000-20-1,Åú,9,1200,12
2022-02-18,MSQ10B2-V01D,P6260101-D,Åú,9,1200,20
2022-02-21,MSQ30B2-V01D,P6260301-D,Åú,9,1200,8
2022-02-21,MSQ20B2-V01D,P6260201-D,Åú,9,1200,20
2022-02-21,XLA25B2-V01B,XLA25-1B-S,Åú,9,1200,12
2022-02-21,MYB16H-V02D,MYB16LAA7163-20K,ÅZ,9,1200,1
2022-02-21,MYB20H1-V02D,MYB20LAA7164-20K,ÅZ,9,1200,1
2022-02-21,CQ63T-V02C,C2Q63-04-J0782AK,Åú,9,1200,10
2022-02-22,APT7-V01B,APTE00-98000948-D,Åú,9,600,3
2022-02-22,APT2-V01B,APTE00-98000724-D,Åú,9,600,8
2022-02-22,APT3-V01B,APTE00-98000404-D,Åú,9,600,5
2022-02-22,MXW16B-V01D,P3801001-M,Åù,9,1200,2
2022-02-22,MXW20B-V01D,P3801101-M,Åù,9,1200,2
2022-02-22,CRQ30B-V01D,P4730004-D,Åú,9,1200,20
2022-02-23,MGPM32B2-V01D,MGP32A-AC895-30K,ÅZ,9,1200,2
2022-02-23,MGPM40B2-V01D,MGP40A-AC896-30K,ÅZ,9,1200,2
2022-02-23,MSQ20B2-V01D,P6260201-D,Åú,9,1200,28
2022-02-23,MSQ30B2-V01D,P6260301-D,Åú,9,1200,20
2022-02-23,CQ63T-V02C,C2Q63-04-J0782AK,Åú,9,1200,20
2022-02-24,APT5-V01B,APTE00-96000152-D,Åú,9,600,30
2022-02-24,MXW20B-V02D,P3801101-M,Åù,9,1200,3
2022-02-24,MSQ10B2-V01D,P6260101-D,Åú,9,1200,28
2022-02-25,MGPM25B2-V01D,MGP25A-AC894-30K,ÅZ,9,1200,1
2022-02-25,CQ16C-V01D,S501A61T19X08X30,Åù,9,600,5
2022-02-25,MHY10B-V01D,P3319101-M,Åú,9,600,11
2022-02-25,MXS12TB-V01D,P3800302-M-1,Åú,9,600,19
2022-02-25,CUJ16A-V01D,CUJ16A-AD253-20K,Åú,9,600,23
2022-02-26,CUJ20A-V01D,CUJ20A-AD254-20K,Åú,9,600,10
2022-02-26,MYB16H-V01D,MYB16LAA7163-20K,Åú,9,1200,15
2022-02-26,MXS25TB-V01D,P3800602-M-2,Åú,9,1200,20
2022-02-28,CRQ15B-V01C,P4730002-D,ÅZ,9,600,1
2022-02-28,CM32AS-V01D,C2M032K03-68716B,Åù,9,1200,5
2022-02-28,SY50MP-V01D,SY50M-20-E-1,Åú,9,1200,24
2022-02-28,VV14M1-V01D,DXT199-20-23,Åú,9,1200,5
2022-02-28,DXT155M-V01D,DXT155-38-1,Åú,9,1200,21
2022-03-01,SY30MP-V01D,SY30M-20-E-1,ÅZ,9,1200,1
2022-03-01,VJ10M-V01D,VJ100-16-7,Åú,9,600,22
2022-03-01,XLA16BN-V01B,XLA16-3-1B,Åú,9,1200,12
2022-03-01,VV15M1-V01D,DXT201-13-13,Åú,9,1200,11
2022-03-01,CQ63T-V02C,C2Q63-04-J0782AK,Åú,9,1200,10
2022-03-02,MXW16B-V01D,P3801001-M,ÅZ,9,1200,1
2022-03-02,MXS20TB-V01D,P3800502-M-2,Åú,9,1200,14
2022-03-02,MXS25TB-V01D,P3800602-M-2,Åú,9,1200,20
2022-03-02,CUJ12A-V01D,CUJ12A-AD252-20K,Åú,9,600,14
2022-03-03,MXW20B-V02D,P3801101-M,Åù,9,1200,3
2022-03-03,CUJ20A-V01D,CUJ20A-AD254-20K,Åú,9,600,20
2022-03-03,CQ32T-V01B,C2Q32-04-J0779-K,Åú,9,1200,12
2022-03-03,MXS06TB-V01D,P3800102-M-1,Åú,9,600,12
2022-03-04,CQ50T-V01B,C2Q50-04-J0781-K,ÅZ,9,1200,1
2022-03-04,MYB16H-V01D,MYB16LAA7163-20K,Åú,9,1200,12
2022-03-04,MXS16TB-V01D,P3800402-M-2,Åú,9,600,9
2022-03-04,CRQ15B-V01C,P4730002-D,Åú,9,600,5
2022-03-04,MSQ30B2-V01D,P6260301-D,Åú,9,1200,24
2022-03-07,SY30MP-V01D,SY30M-20-E-1,Åú,9,1200,1
2022-03-07,PS16-V01D,S500A61T16X05X30,Åù,9,600,5
2022-03-07,MXS20TB-V01D,P3800502-M-2,Åú,9,1200,20
2022-03-07,CUJ16A-V02D,CUJ16A-AD253-20K,ÅZ,9,600,1
2022-03-07,MYB20H1-V01D,MYB20LAA7164-20K,Åú,9,1200,20
2022-03-08,MXS16TB-V01D,P3800402-M-2,Åú,9,600,20
2022-03-08,CUJ12A-V01D,CUJ12A-AD252-20K,Åú,9,600,15
2022-03-08,CUJ20A-V01D,CUJ20A-AD254-20K,Åú,9,600,16
2022-03-08,MXW20B-V02D,P3801101-M,Åù,9,1200,4
2022-03-09,CXS25S3-V01D,CXS25A-BA024-20K,ÅZ,9,1200,1
2022-03-09,CXS20S3-V01D,CXS20A-BA023-20K,ÅZ,9,600,1
2022-03-09,MXS08TB-V01D,P3800202-M-1,Åú,12,600,14
2022-03-09,SY50M-V01B,SY5000-20-1,Åú,9,1200,20
2022-03-10,PS12-V01D,S500A61T12X04X30,Åú,9,600,5
2022-03-10,PS20A-V01D,S502A61T20X05X27,Åù,9,600,5
2022-03-10,DXT192M1-V01D,DXT192-11-3,Åú,9,600,2
2022-03-10,CQ50T-V01B,C2Q50-04-J0781-K,Åù,9,1200,2
2022-03-10,MXS25TB-V01D,P3800602-M-2,Åú,9,1200,20
2022-03-11,CUJ16A-V01D,CUJ16A-AD253-20K,ÅZ,9,600,1
2022-03-11,PS16-V01D,S500A61T16X05X30,Åú,9,600,10
2022-03-11,MXS16TB-V01D,P3800402-M-2,Åú,9,600,14
2022-03-11,CJ16P-V01D,C2J16M-AF113-25K,Åú,9,600,2
2022-03-11,MYB16H-V01D,MYB16LAA7163-20K,Åú,9,1200,16
2022-03-14,MXW16B-V01D,P3801001-M,ÅZ,9,1200,1
2022-03-14,CUJ20A-V01D,CUJ20A-AD254-20K,Åú,9,600,2
2022-03-14,CRQ15B-V01C,P4730002-D,Åú,9,600,10
2022-03-14,MXS20TB-V01D,P3800502-M-2,Åú,9,1200,10
2022-03-14,CUJ12A-V01D,CUJ12A-AD252-20K,Åú,9,600,23
2022-03-15,APT2-V01B,APTE00-98000724-D,Åú,9,600,3
2022-03-15,CUJ16A-V01D,CUJ16A-AD253-20K,Åú,9,600,5
2022-03-15,MYB16H-V01D,MYB16LAA7163-20K,Åú,9,1200,14
2022-03-15,SY50M-V01B,SY5000-20-1,Åú,9,1200,9
2022-03-16,CUJ16A-V02D,CUJ16A-AD253-20K,ÅZ,9,600,1
2022-03-16,CG20R3-V01D,C3G20K02-AG001,ÅZ,9,600,1
2022-03-16,CG25R3-V01D,C3G25K02-AG002,ÅZ,9,600,1
2022-03-16,CG32R3-V01D,C3G32K02-AG003,ÅZ,9,1200,1
2022-03-16,APT5-V01B,APTE00-96000152-D,Åú,9,600,3
2022-03-16,MYB20H1-V01D,MYB20LAA7164-20K,Åú,9,1200,16
2022-03-16,CQ50T-V01B,C2Q50-04-J0781-K,Åú,9,1200,3
2022-03-17,SY30MP-V02D,SY30M-20-E-1,ÅZ,9,1200,1
2022-03-17,SY30MP-V03D,SY30M-20-E-1,ÅZ,9,1200,1
2022-03-17,CG40R3-V01D,C3G40K02-AG004,ÅZ,9,1200,1
2022-03-17,CG50R3-V01D,C3G50K02-AG005,ÅZ,9,1200,1
2022-03-17,DXT192M1-V01D,DXT192-11-3,Åú,9,600,8
2022-03-17,MHY25B-V01D,P3319401-M,Åú,9,1200,3
2022-03-17,CRQ15B-V01C,P4730002-D,Åú,9,600,13
2022-03-18,CUJ20A-V01D,CUJ20A-AD254-20K,ÅZ,9,600,1
2022-03-18,CG25R-V01D,C1G20K02-AM405,ÅZ,9,600,1
2022-03-18,CG25H2-V01D,C1G25K02-AM406,ÅZ,9,600,1
2022-03-18,CG63R3-V01D,C3G63K02-AG006,ÅZ,9,1200,2
2022-03-18,XLA40B2-V01B,XLA40-1B-S,Åú,9,1200,8
2022-03-18,APT5-V01B,APTE00-96000152-D,Åú,9,600,25
2022-03-21,CG32H3-V01D,C1G32L-AT033-30K,ÅZ,9,1200,1
2022-03-21,CG40H3-V01D,C1G40L-AT034-30K,ÅZ,9,1200,1
2022-03-21,PS16-V01D,S500A61T16X05X30,Åú,9,600,4
2022-03-21,CUJ16A-V01D,CUJ16A-AD253-20K,Åú,9,600,10
2022-03-21,CRQ15B-V01C,P4730002-D,Åú,9,600,2
2022-03-21,CUJ12A-V01D,CUJ12A-AD252-20K,Åú,9,600,3
2022-03-21,CQ50T-V01B,C2Q50-04-J0781-K,Åú,9,1200,5
2022-03-22,CQ20K-V01D,C2Q020K31-49998A,Åù,9,600,2
2022-03-22,PS32-V01D,S500A61T32X08X30,Åù,9,600,5
2022-03-22,PS25-V01D,S500A61T25X06X30,Åù,9,1200,2
2022-03-22,CG50H3-V01D,C1G50L-AT035-30K,ÅZ,9,1200,1
2022-03-22,APT5-V01B,APTE00-96000152-D,Åú,9,600,28
2022-03-22,SY30MP-V02D,SY30M-20-E-1,ÅZ,9,1200,1
2022-03-22,MXW16B-V01D,P3801001-M,ÅZ,9,1200,1
2022-03-23,PS20A-V01D,S502A61T20X05X27,Åù,9,600,2
2022-03-23,PS25A-V01D,S502A61T25X06X27,Åù,9,600,4
2022-03-23,PS32B-V01D,S502A61T32X06X27,Åù,9,600,6
2022-03-23,PS40-V01D,S500A61T40X10X30,Åù,9,1200,6
2022-03-23,CQ50T-V01B,C2Q50-04-J0781-K,Åú,9,1200,10
2022-03-23,SY30MP-V01D,SY30M-20-E-1,Åú,9,1200,5
2022-03-24,APT5-V01B,APTE00-96000152-D,Åú,9,600,2
2022-03-24,PS40B-V01D,S502A61T40X09X27,Åù,9,1200,5
2022-03-24,APT8-V01B,APTE00-96001786-D,Åú,9,1200,4
2022-03-24,VJ30M1-V02D,VJ3000-20-1,ÅZ,9,600,1
2022-03-24,VJ10M-V02D,VJ100-16-7,ÅZ,9,600,1
2022-03-25,APT5-V01B,APTE00-96000152-D,Åú,9,600,15
2022-03-25,SY30M-V02B,SY3000-20-1,ÅZ,9,1200,1
2022-03-25,DXT192M1-V02D,DXT192-11-3,ÅZ,9,600,1
2022-03-25,VV15M1-V02D,DXT201-13-13,ÅZ,9,1200,1
2022-03-25,SY30MP-V01D,SY30M-20-E-1,Åú,9,1200,10
2022-03-26,DXT155M-V02D,DXT155-38-1,ÅZ,9,1200,1
2022-03-26,VV14M1-V02D,DXT199-20-23,ÅZ,9,1200,1
2022-03-26,XLA16B2-V02B,XLA16-1B-S,ÅZ,9,1200,1
2022-03-26,XLA16BN-V02B,XLA16-3-1B,ÅZ,9,1200,1
2022-03-26,XLA25B2-V02B,XLA25-1B-S,ÅZ,9,1200,1
2022-03-28,PS32-V01D,S500A61T32X08X30,Åú,9,600,2
2022-03-28,CQ50T-V01B,C2Q50-04-J0781-K,Åú,9,1200,21
2022-03-29,PS32-V01D,S500A61T32X08X30,Åú,9,600,3
2022-03-29,PS20A-V01D,S502A61T20X05X27,Åú,9,600,1
2022-03-29,CQ20K-V01D,C2Q020K31-49998A,Åú,9,600,1
2022-03-29,APT3-V01B,APTE00-98000404-D,Åú,9,600,8
2022-03-29,SY50MP-V01D,SY50M-20-E-1,Åú,9,1200,12
2022-03-29,XLA25B2-V01B,XLA25-1B-S,Åú,9,1200,30
2022-03-30,SY30MP-V02D,SY30M-20-E-1,ÅZ,9,1200,1
2022-03-30,MXW16B-V01D,P3801001-M,ÅZ,9,1200,1
2022-03-30,SY30MP-V03D,SY30M-20-E-1,ÅZ,9,1200,1
2022-03-30,MGPM12B2-V01D,MGP12A-AC891-30K,ÅZ,9,1200,1
2022-03-30,VJ10M-V01D,VJ100-16-7,Åú,9,600,15
2022-04-01,MHY16B-V01D,P3319201-M,Åú,9,600,20
2022-04-01,DXT192M1-V01D,DXT192-11-3,Åú,9,600,10
2022-04-01,MYB16H-V01D,MYB16LAA7163-20K,Åú,9,1200,4
2022-04-01,SY30M-V01B,SY3000-20-1,Åú,9,1200,3
2022-04-01,VV15M1-V01D,DXT201-13-13,Åú,9,1200,5
2022-04-01,VV10M1-V01B,DXT156-10-11,Åú,9,1200,2
2022-04-02,CG32H3-V01D,C1G32L-AT033-30K,Åú,9,1200,1
2022-04-02,CG40H3-V01D,C1G40L-AT034-30K,Åú,9,1200,1
2022-04-02,CG50H3-V01D,C1G50L-AT035-30K,Åú,9,1200,1
2022-04-02,PS25-V01D,S500A61T25X06X30,Åú,9,1200,1
2022-04-02,XLA25BN-V01D,XLA25-3-1B,Åú,9,1200,24
2022-04-04,CUJ20A-V02D,CUJ20A-AD254-20K,ÅZ,9,600,1
2022-04-04,CG63H3-V01D,C1G63L-AT036-30K,ÅZ,9,1200,1
2022-04-04,PS25-V01D,S500A61T25X06X30,Åú,9,1200,2
2022-04-04,PS16-V01D,S500A61T16X05X30,Åú,9,600,4
2022-04-04,PS20-V01D,S500A61T20X05X30,Åú,9,600,2
2022-04-04,PS32-V01D,S500A61T32X08X30,Åú,9,600,2
2022-04-04,XLA40B2-V01B,XLA40-1B-S,Åú,9,1200,24
2022-04-05,CG63H3-V01D,C1G63L-AT036-30K,ÅZ,9,1200,2
2022-04-05,CQ20K-V01D,C2Q020K31-49998A,Åú,9,600,2
2022-04-05,SY30MP-V03D,SY30M-20-E-1,ÅZ,9,1200,1
2022-04-05,MXS16TB-V01D,P3800402-M-2,Åú,9,600,20
2022-04-05,MXS08TB-V01D,P3800202-M-1,Åú,9,600,11
2022-04-05,VJ10M-V01D,VJ100-16-7,Åú,9,600,10
2022-04-06,CG20R3-V01D,C3G20K02-AG001,Åú,9,600,2
2022-04-06,XLA25B2-V01B,XLA25-1B-S,Åú,9,1200,38
2022-04-06,MYB20H1-V01D,MYB20LAA7164-20K,Åú,9,1200,13
2022-04-06,MHY16B-V01D,P3319201-M,Åú,9,600,10
2022-04-07,MXW16B-V01D,P3801001-M,ÅZ,9,1200,1
2022-04-07,MGPM16B2-V01D,MGP16A-AC892-30K,ÅZ,9,1200,1
2022-04-07,APT2-V01B,APTE00-98000724-D,Åú,9,600,14
2022-04-07,MXS06TB-V01D,P3800102-M-1,Åú,9,600,10
2022-04-07,MXW20B-V01D,P3801101-M,ÅZ,9,1200,10
2022-04-07,SY30MP-V02D,SY30M-20-E-1,Åù,9,1200,1
2022-04-08,CUJ20A-V02D,CUJ20A-AD254-20K,ÅZ,9,600,1
2022-04-08,VJ30M1-V02D,VJ3000-20-1,ÅZ,9,600,1
2022-04-08,DXT192M1-V01D,DXT192-11-3,Åú,9,600,1
2022-04-08,VJ10M-V01D,VJ100-16-7,Åú,9,600,10
2022-04-08,VV10M1-V01B,DXT156-10-11,Åú,9,1200,6
2022-04-08,MXS25TB-V01D,P3800602-M-2,Åú,9,1200,21
2022-04-09,CG25R-V01D,C1G20K02-AM405,Åú,9,600,3
2022-04-09,CG25H2-V01D,C1G25K02-AM406,Åú,9,1200,4
2022-04-09,CG40R3-V01D,C3G40K02-AG004,Åù,9,1200,4
2022-04-09,CG50R3-V01D,C3G50K02-AG005,Åú,9,1200,4
2022-04-09,MGPM12B2-V01D,MGP12A-AC891-30K,Åú,9,1200,5
2022-04-09,MGPM16B2-V01D,MGP16A-AC892-30K,Åù,9,1200,5
2022-04-09,CG63R3-V01D,C3G63K02-AG006,ÅZ,9,1200,2
2022-04-09,CG63H3-V01D,C1G63L-AT036-30K,ÅZ,9,1200,2
2022-04-12,APT5-V01B,APTE00-96000152-D,Åú,9,600,15
2022-04-12,MXS16TB-V01D,P3800402-M-2,Åú,9,600,20
2022-04-12,CUJ20A-V01D,CUJ20A-AD254-20K,ÅZ,9,600,1
2022-04-12,SY30MP-V03D,SY30M-20-E-1,ÅZ,9,1200,1
2022-04-12,CQ50T-V01B,C2Q50-04-J0781-K,Åú,9,1200,22
2022-04-13,MXS20TB-V01D,P3800502-M-2,Åú,9,1200,19
2022-04-13,MHY25B-V01D,P3319401-M,Åú,9,1200,1
2022-04-13,MYB20H1-V01D,MYB20LAA7164-20K,Åú,9,1200,10
2022-04-14,CG25R3-V01D,C3G25K02-AG002,Åù,9,600,3
2022-04-14,CG32R3-V01D,C3G32K02-AG003,Åù,9,1200,3
2022-04-14,APT5-V01B,APTE00-96000152-D,Åú,9,600,18
2022-04-14,VJ30M1-V02D,VJ3000-20-1,ÅZ,9,600,1
2022-04-14,CUJ20A-V02D,CUJ20A-AD254-20K,ÅZ,9,600,1
2022-04-14,CQ50T-V02B,C2Q50-04-J0781-K,ÅZ,9,1200,1
2022-04-15,DXT192M1-V01D,DXT192-11-3,Åú,9,600,15
2022-04-15,MHY25B-V01D,P3319401-M,Åú,9,1200,7
2022-04-15,SY50MP-V01D,SY50M-20-E-1,Åú,9,1200,2
2022-04-15,CQ50T-V01B,C2Q50-04-J0781-K,Åú,9,1200,20
2022-04-16,SY30MP-V02D,SY30M-20-E-1,ÅZ,9,1200,1
2022-04-16,MXW16B-V01D,P3801001-M,ÅZ,9,1200,1
2022-04-16,SY30MP-V03D,SY30M-20-E-1,ÅZ,9,1200,1
2022-04-16,MXS16TB-V01D,P3800402-M-2,Åú,9,600,20
2022-04-16,APT3-V01B,APTE00-98000404-D,Åú,9,600,3
2022-04-16,XLA40B2-V01B,XLA40-1B-S,ÅZ,9,1200,2
2022-04-16,MXW20B-V02D,P3801101-M,Åú,9,1200,2
2022-04-18,CUJ20A-V01D,CUJ20A-AD254-20K,ÅZ,9,600,1
2022-04-18,VJ30M1-V02D,VJ3000-20-1,ÅZ,9,600,1
2022-04-18,CUJ20A-V02D,CUJ20A-AD254-20K,ÅZ,9,600,1
2022-04-18,APT5-V01B,APTE00-96000152-D,Åú,9,600,20
2022-04-18,CQ50T-V01B,C2Q50-04-J0781-K,Åú,9,1200,20
2022-04-18,MGPL25B2-V01D,MGP25A-AC904-30K,ÅZ,9,1200,1
2022-04-19,MGPL20B2-V01D,MGP20A-AC903-30K,ÅZ,9,1200,1
2022-04-19,MGPM20B2-V01D,MGP20A-AC893-30K,ÅZ,9,1200,1
2022-04-19,MHY25B-V01D,P3319401-M,Åú,9,1200,18
2022-04-19,APT2-V01B,APTE00-98000724-D,Åú,9,600,10
2022-04-20,CG32H3-V01D,C1G32L-AT033-30K,Åù,9,1200,3
2022-04-20,CG40H3-V01D,C1G40L-AT034-30K,Åù,9,1200,4
2022-04-20,CG50H3-V01D,C1G50L-AT035-30K,Åù,9,1200,6
2022-04-20,MGPL32B2-V01D,MGP32A-AC905-30K,ÅZ,9,1200,2
2022-04-20,XLA40B2-V01B,XLA40-1B-S,Åú,9,1200,8
2022-04-20,SY30MP-V02D,SY30M-20-E-1,Åú,9,1200,5
2022-04-21,CUJ20A-V01D,CUJ20A-AD254-20K,ÅZ,9,600,1
2022-04-21,VJ30M1-V02D,VJ3000-20-1,ÅZ,9,600,1
2022-04-21,CUJ20A-V02D,CUJ20A-AD254-20K,ÅZ,9,600,1
2022-04-21,MXW16B-V01D,P3801001-M,ÅZ,9,1200,1
2022-04-21,SY30MP-V02D,SY30M-20-E-1,Åú,9,1200,12
2022-04-21,MXW20B-V02D,P3801101-M,Åú,9,1200,6
2022-04-22,MGPL40B2-V01D,MGP40A-AC906-30K,ÅZ,9,1200,2
2022-04-22,CQ16C-V01D,S501A61T19X08X30,Åú,9,600,7
2022-04-22,CQ32C-V01D,S501A61T35X16X30,Åú,9,600,10
2022-04-22,SY30M-V01B,SY3000-20-1,Åú,9,1200,16
2022-04-22,CQ50T-V01B,C2Q50-04-J0781-K,Åú,9,1200,15
2022-04-25,CQ40C-V01D,S501A61T43X16X30,Åú,9,1200,10
2022-04-25,VJ30M1-V02D,VJ3000-20-1,ÅZ,9,600,1
2022-04-25,MHY25B-V01D,P3319401-M,ÅZ,9,1200,2
2022-04-25,CRQ20B-V01D,P4730003-D,Åú,9,1200,2
2022-04-25,MXW20B-V02D,P3801101-M,Åú,9,1200,22
2022-04-25,MGPL12B2-V01D,MGP12A-AC901-30K,ÅZ,9,1200,1
2022-04-25,MGPL16B2-V01D,MGP16A-AC902-30K,ÅZ,9,1200,1
2022-04-25,XLA16B2-V01B,XLA16-1B-S,Åú,9,1200,17
2022-04-26,MGPL25B2-V01D,MGP25A-AC904-30K,Åù,9,1200,8
2022-04-26,MGPL32B2-V01D,MGP32A-AC905-30K,Åù,9,1200,10
2022-04-26,CQ32G-V01C,C2Q32G-P1284-30K,Åú,9,1200,10
2022-04-26,MHY16B-V01D,P3319201-M,Åú,9,600,10
2022-04-26,VJ30M1-V01D,VJ3000-20-1,Åú,9,600,11
2022-04-27,MGPM32B2-V01D,MGP32A-AC895-30K,ÅZ,9,1200,2
2022-04-27,MGPM40B2-V01D,MGP40A-AC896-30K,ÅZ,9,1200,2
2022-04-27,CQ40G-V01C,C2Q40G-P1285-30K,Åú,9,1200,10
2022-04-27,CUJ20A-V02D,CUJ20A-AD254-20K,Åú,9,600,5
2022-04-27,VJ10M-V01D,VJ100-16-7,Åú,9,600,15
2022-04-27,MGPL12B2-V01D,MGP12A-AC901-30K,Åù,9,1200,3
2022-04-27,MGPL16B2-V01D,MGP16A-AC902-30K,Åù,9,1200,3
2022-04-27,MGPM25B2-V01D,MGP25A-AC894-30K,ÅZ,9,1200,1
2022-04-27,MGPM20B2-V01D,MGP20A-AC893-30K,ÅZ,9,1200,1
2022-04-28,CQ12G-V01C,C2Q12G-P1280-30K,Åú,9,600,10
2022-04-28,CUJ20A-V01D,CUJ20A-AD254-20K,ÅZ,9,600,1
2022-04-28,VJ30M1-V02D,VJ3000-20-1,ÅZ,9,600,1
2022-04-28,MGPL20B2-V01D,MGP20A-AC903-30K,ÅZ,9,1200,1
2022-04-28,CQ50T-V01B,C2Q50-04-J0781-K,ÅZ,9,1200,5
2022-04-28,MHY20B-V01D,P3319301-M,Åú,9,1200,18
2022-04-29,CQ20C-V01D,S501A61T23X10X30,Åú,9,600,16
2022-04-29,MHY16B-V01D,P3319201-M,Åú,9,600,12
2022-04-29,MYB20H1-V01D,MYB20LAA7164-20K,Åú,9,1200,9
2022-04-29,MGPM32B2-V01D,MGP32A-AC895-30K,Åù,9,1200,12
2022-04-29,MGPL40B2-V01D,MGP40A-AC906-30K,Åù,9,1200,3
2022-04-29,SY30MP-V02D,SY30M-20-E-1,Åú,9,1200,4
2022-05-04,MGPM20B2-V01D,MGP20A-AC893-30K,Åù,9,1200,6
2022-05-04,MGPM25B2-V01D,MGP25A-AC894-30K,Åù,9,1200,8
2022-05-04,XLA16B2-V01B,XLA16-1B-S,Åú,9,1200,16
2022-05-04,VJ30M1-V01D,VJ3000-20-1,Åú,9,600,16
2022-05-05,MGPL20B2-V01D,MGP20A-AC903-30K,Åù,9,1200,5
2022-05-05,MGPL40B2-V01D,MGP40A-AC906-30K,Åù,9,1200,12
2022-05-05,MYB20H1-V01D,MYB20LAA7164-20K,Åú,9,1200,10
2022-05-05,CQ32T-V01B,C2Q32-04-J0779-K,Åú,9,1200,8
2022-05-05,SY30MP-V03D,SY30M-20-E-1,Åù,9,1200,5
2022-05-06,VJ30M1-V02D,VJ3000-20-1,ÅZ,9,600,1
2022-05-06,SY30MP-V02D,SY30M-20-E-1,ÅZ,9,1200,1
2022-05-06,CQ12G-V01C,C2Q12G-P1280-30K,Åú,9,600,10
2022-05-06,CQ12C-V01D,S501A61T14X06X30,Åú,9,600,11
2022-05-06,MGPM32B2-V01D,MGP32A-AC895-30K,ÅZ,9,1200,2
2022-05-06,MGPM40B2-V01D,MGP40A-AC896-30K,Åù,9,1200,6
2022-05-06,MHY25B-V01D,P3319401-M,Åú,9,1200,12
2022-05-07,CQ25C-V01D,S501A61T27X12X30,Åú,9,600,20
2022-05-07,CQ40G-V01C,C2Q40G-P1285-30K,Åú,9,1200,10
2022-05-07,CQ32T-V01B,C2Q32-04-J0779-K,Åú,9,1200,5
2022-05-07,XLA25B2-V01B,XLA25-1B-S,Åú,9,1200,20
2022-05-09,CXS06S3-V01D,CXS06A-R6000-20K,ÅZ,9,600,1
2022-05-09,CQ25G-V01C,C2Q25G-P1283-30K,Åú,9,1200,18
2022-05-09,MGPM40B2-V01D,MGP40A-AC896-30K,Åú,9,1200,4
2022-05-09,SY70M-V01B,SY7000-20-1,Åú,9,1200,12
2022-05-09,VJ30M1-V01D,VJ3000-20-1,Åú,9,600,12
2022-05-10,CQ12G-V01C,C2Q12G-P1280-30K,Åú,9,600,14
2022-05-10,CQ16G-V01C,C2Q16G-P1281-30K,Åú,9,600,18
2022-05-10,VJ30M1-V02D,VJ3000-20-1,ÅZ,9,600,1
2022-05-10,CXS10S3-V01D,CXS10A-R6001-20K,ÅZ,9,600,1
2022-05-10,MSQ50B2-V01D,P6260401-D,ÅZ,9,1200,1
2022-05-10,CQ50T-V02B,C2Q50-04-J0781-K,ÅZ,9,1200,1
2022-05-10,XLA25B2-V01B,XLA25-1B-S,Åú,9,1200,20
2022-05-11,APT2-V01B,APTE00-98000724-D,Åú,9,600,9
2022-05-11,CUJ20A-V02D,CUJ20A-AD254-20K,Åú,9,600,5
2022-05-11,CRQ20B-V01D,P4730003-D,Åú,9,1200,1
2022-05-11,SY30MP-V03D,SY30M-20-E-1,Åú,9,1200,1
2022-05-11,MGPM40B2-V01D,MGP40A-AC896-30K,Åú,9,1200,6
2022-05-12,CQ20G-V01C,C2Q20G-P1282-30K,Åú,9,600,10
2022-05-12,CXS06S3-V01D,CXS06A-R6000-20K,ÅZ,9,600,1
2022-05-12,CQ32G-V01C,C2Q32G-P1284-30K,Åú,9,1200,10
2022-05-12,MYB20H1-V01D,MYB20LAA7164-20K,Åú,9,1200,4
2022-05-12,XLA40B2-V01B,XLA40-1B-S,Åú,9,1200,12
2022-05-12,MGPM40B2-V01D,MGP40A-AC896-30K,Åú,9,1200,9
2022-05-12,SY30MP-V02D,SY30M-20-E-1,Åú,9,1200,1
2022-05-13,CQ40C-V01D,S501A61T43X16X30,Åú,9,1200,16
2022-05-13,CQ25G-V01C,C2Q25G-P1283-30K,Åú,9,1200,5
2022-05-13,CXS15S3-V01D,CXS15A-BA022-20K,ÅZ,9,600,1
2022-05-13,SY70M-V02B,SY7000-20-1,ÅZ,9,1200,1
2022-05-13,CJ12P-V01D,C8512M-AF117-25K,Åú,9,600,5
2022-05-13,CRQ20B-V01D,P4730003-D,Åú,9,1200,1
2022-05-13,MHY25B-V01D,P3319401-M,Åú,9,1200,10
2022-05-16,CQ25G-V01C,C2Q25G-P1283-30K,Åú,9,1200,9
2022-05-16,CQ12C-V01D,S501A61T14X06X30,Åú,9,600,6
2022-05-16,CQ16C-V01D,S501A61T19X08X30,Åú,9,600,7
2022-05-16,CQ32C-V01D,S501A61T35X16X30,Åú,9,600,7
2022-05-16,CXS20S3-V01D,CXS20A-BA023-20K,ÅZ,9,600,1
2022-05-16,APT2-V01B,APTE00-98000724-D,Åú,9,600,3
2022-05-16,CQ32T-V01B,C2Q32-04-J0779-K,Åú,9,1200,14
2022-05-17,CXS25S3-V01D,CXS25A-BA024-20K,ÅZ,9,1200,1
2022-05-17,XLA25B2-V01B,XLA25-1B-S,Åú,9,1200,40
2022-05-17,VJ30M1-V02D,VJ3000-20-1,ÅZ,9,600,1
2022-05-17,CXS10S3-V01D,CXS10A-R6001-20K,ÅZ,9,600,1
2022-05-17,VJ30M1-V01D,VJ3000-20-1,Åú,9,600,1
2022-05-17,CUJ20A-V02D,CUJ20A-AD254-20K,Åú,9,600,10
2022-05-18,MXS25TB-V01D,P3800602-M-2,Åú,9,1200,6
2022-05-18,CQ20G-V01C,C2Q20G-P1282-30K,Åú,9,600,12
2022-05-18,CG50H-V01C,C1G50L-M3324-20K,Åú,9,1200,6
2022-05-18,CG40R-V01D,CG-040K02-35903A,Åú,9,1200,5
2022-05-18,CRQ20B-V01D,P4730003-D,Åú,9,1200,10
2022-05-19,CQ32G-V01C,C2Q32G-P1284-30K,Åú,9,1200,12
2022-05-19,CQ40G-V01C,C2Q40G-P1285-30K,Åú,9,1200,11
2022-05-19,MSQ50B2-V01D,P6260401-D,ÅZ,9,1200,2
2022-05-19,CQ50T-V02B,C2Q50-04-J0781-K,ÅZ,9,1200,1
2022-05-19,CQ32T-V02B,C2Q32-04-J0779-K,ÅZ,9,1200,1
2022-05-19,CJ12P-V01D,C8512M-AF117-25K,Åú,9,600,12
2022-05-19,CUJ20A-V01D,CUJ20A-AD254-20K,Åú,9,600,5
2022-05-19,SY30MP-V02D,SY30M-20-E-1,Åú,9,1200,5
2022-05-24,SY30MP-V03D,SY30M-20-E-1,Åú,9,1200,5
2022-05-24,CRQ20B-V01D,P4730003-D,Åú,9,1200,7
2022-05-24,CJ12P-V01D,C8512M-AF117-25K,Åú,9,600,5
2022-05-25,PS50-V01D,S500A61T50X14X30,ÅZ,9,1200,1
2022-05-25,PS63-V01D,S500A61T63X14X20,ÅZ,9,1200,2
2022-05-25,SY30MP-V02D,SY30M-20-E-1,Åú,9,1200,19
2022-05-25,APT2-V01B,APTE00-98000724-D,Åú,9,600,2
2022-05-26,CQ12G-V01C,C2Q12G-P1280-30K,Åú,9,600,10
2022-05-26,CQ12C-V01D,S501A61T14X06X30,Åú,9,600,2
2022-05-26,CQ20G-V01C,C2Q20G-P1282-30K,Åú,9,600,2
2022-05-26,CQ25G-V01C,C2Q25G-P1283-30K,Åú,9,1200,2
2022-05-26,CQ32G-V01C,C2Q32G-P1284-30K,Åú,9,1200,2
2022-05-26,VJ30M1-V01D,VJ3000-20-1,Åú,9,600,16
2022-05-26,CXS10S3-V01D,CXS10A-R6001-20K,ÅZ,9,600,1
2022-05-26,CQ32T-V02B,C2Q32-04-J0779-K,Åú,9,1200,7
2022-05-27,SY70M-V02B,SY7000-20-1,ÅZ,9,1200,1
2022-05-27,VJ30M1-V02D,VJ3000-20-1,ÅZ,9,600,1
2022-05-27,CJ12P-V01D,C8512M-AF117-25K,Åú,9,600,11
2022-05-27,CRQ15B-V01C,P4730002-D,Åú,9,600,10
2022-05-27,MSQ20B2-V01D,P6260201-D,Åú,9,1200,13
2022-05-27,MSQ30B2-V01D,P6260301-D,Åú,9,1200,14
2022-05-27,CRQ20B-V01D,P4730003-D,Åú,9,1200,21
2022-05-30,CJ10P-V01D,C2J10M-AF112-25K,Åú,9,600,10
2022-05-30,CJ16P-V01D,C2J16M-AF113-25K,Åú,9,600,10
2022-05-30,MHY20B-V01D,P3319301-M,Åú,9,1200,2
2022-05-30,MSQ10B2-V01D,P6260101-D,ÅZ,9,1200,2
2022-05-30,CRQ20B-V01D,P4730003-D,Åú,9,1200,32
2022-05-31,CQ20K-V01D,C2Q020K31-49998A,Åú,9,600,10
2022-05-31,CM20AH-V01D,C2M020K02-68714B,Åú,9,600,7
2022-05-31,CM20AS-V01D,C2M020K03-68714B,Åú,9,600,7
2022-05-31,CJ16P-V01D,C2J16M-AF113-25K,Åú,9,600,20
2022-05-31,MGPM12B2-V01D,MGP12A-AC891-30K,Åú,9,1200,21
2022-05-31,MXW16B-V01D,P3801001-M,ÅZ,9,1200,1
2022-05-31,SY70M-V02B,SY7000-20-1,ÅZ,9,1200,1
2022-05-31,MXS25TB-V01D,P3800602-M-2,Åú,9,1200,20
2022-06-01,CQ20K-V01D,C2Q020K31-49998A,Åú,9,600,14
2022-06-01,CM25AH-V01D,C2M025K02-68715B,Åú,9,600,7
2022-06-01,CM25AS-V01D,C2M025K03-68715B,Åú,9,600,7
2022-06-01,PS50B-V01D,S502A61T50X13X27,ÅZ,9,1200,1
2022-06-01,PS63B-V01D,S502A61T63X13X20,ÅZ,9,1200,2
2022-06-01,CJ10C-V01D,C2J10L-AH082-30K,ÅZ,9,600,1
2022-06-01,MGPM16B2-V01D,MGP16A-AC892-30K,Åú,9,1200,21
2022-06-01,SY50MP-V01D,SY50M-20-E-1,Åú,9,1200,8
2022-06-02,CM20AH-V01D,C2M020K02-68714B,Åú,9,600,16
2022-06-02,CM20AS-V01D,C2M020K03-68714B,Åú,9,600,18
2022-06-02,CUJ20A-V02D,CUJ20A-AD254-20K,Åú,9,600,3
2022-06-02,MHY25B-V02D,P3319401-M,ÅZ,9,1200,1
2022-06-02,CJ16C-V01D,C2J16L-AH081-30K,ÅZ,9,600,1
2022-06-02,CJ10P-V01D,C2J10M-AF112-25K,Åú,9,600,22
2022-06-02,MXS25TB-V01D,P3800602-M-2,Åú,9,1200,35
2022-06-03,PS40-V01D,S500A61T40X10X30,Åú,9,1200,10
2022-06-03,CM25AH-V01D,C2M025K02-68715B,Åú,9,600,20
2022-06-03,CM25AS-V01D,C2M025K03-68715B,Åú,9,600,17
2022-06-03,SY30MP-V02D,SY30M-20-E-1,Åú,9,1200,3
2022-06-03,MSQ10B2-V01D,P6260101-D,Åú,9,1200,2
2022-06-03,MB63TD-V01C,S409A63T68X63X30,ÅZ,9,600,1
2022-06-03,NCA64TD-V01C,S183A63T68X64X30,ÅZ,9,600,1
2022-06-03,MHY16B-V01D,P3319201-M,Åú,9,600,16
2022-06-04,SY70M-V02B,SY7000-20-1,ÅZ,9,1200,1
2022-06-04,PS40-V01D,S500A61T40X10X30,Åú,9,1200,21
2022-06-04,PS20-V01D,S500A61T20X05X30,Åú,9,600,10
2022-06-04,CQ12T3L-V01B,C2Q12A-AD367-20K,ÅZ,9,600,1
2022-06-04,CQ16T3L-V01B,C2Q16A-AD368-20K,ÅZ,9,600,1
2022-06-04,SY50MP-V01D,SY50M-20-E-1,Åú,9,1200,30
2022-06-04,MHY25B-V01D,P3319401-M,Åú,9,1200,15
2022-06-06,PS12-V01D,S500A61T12X04X30,Åú,9,600,20
2022-06-06,PS16-V01D,S500A61T16X05X30,Åú,9,600,20
2022-06-06,PS20A-V01D,S502A61T20X05X27,Åú,9,600,10
2022-06-06,PS32-V01D,S500A61T32X08X30,Åú,9,600,10
2022-06-06,MSQ50B2-V01D,P6260401-D,ÅZ,9,1200,2
2022-06-06,MHY25B-V02D,P3319401-M,Åù,9,1200,3
2022-06-06,SY30MP-V03D,SY30M-20-E-1,ÅZ,9,1200,2
2022-06-07,PS12-V01D,S500A61T12X04X30,Åú,9,600,12
2022-06-07,PS20-V01D,S500A61T20X05X30,Åú,9,600,19
2022-06-07,CUJ20A-V01D,CUJ20A-AD254-20K,ÅZ,9,600,3
2022-06-07,PS25-V01D,S500A61T25X06X30,Åú,9,1200,10
2022-06-07,MHY25B-V01D,P3319401-M,Åú,9,1200,13
2022-06-08,SY50MP-V01D,SY50M-20-E-1,Åú,9,1200,20
2022-06-08,CRQ15B-V01C,P4730002-D,Åú,9,600,16
2022-06-08,PS25-V01D,S500A61T25X06X30,Åú,9,1200,7
2022-06-08,PS20A-V01D,S502A61T20X05X27,Åú,9,600,14
2022-06-09,PS16-V01D,S500A61T16X05X30,Åú,9,600,19
2022-06-09,PS25A-V01D,S502A61T25X06X27,Åú,9,600,10
2022-06-09,PS32-V01D,S500A61T32X08X30,Åú,9,600,20
2022-06-09,MXS25TB-V01D,P3800602-M-2,Åú,9,1200,20
2022-06-09,CG32H3-V01D,C1G32L-AT033-30K,Åù,9,1200,5
2022-06-09,CQ32T-V01B,C2Q32-04-J0779-K,ÅZ,9,1200,1
2022-06-09,CJ16P-V01D,C2J16M-AF113-25K,Åú,9,600,3
2022-06-09,CXS10S3-V01D,CXS10A-R6001-20K,ÅZ,9,600,1
2022-06-10,PS20-V01D,S500A61T20X05X30,Åú,9,600,15
2022-06-10,PS25A-V01D,S502A61T25X06X27,Åú,9,600,10
2022-06-10,PS32-V01D,S500A61T32X08X30,Åú,9,600,15
2022-06-10,SY50MP-V01D,SY50M-20-E-1,Åú,9,1200,30
2022-06-10,SY70M-V02B,SY7000-20-1,ÅZ,9,1200,1
2022-06-10,MXW16B-V01D,P3801001-M,ÅZ,9,1200,1
2022-06-10,MB63TD-V01C,S409A63T68X63X30,Åù,9,600,5
2022-06-10,MXS20TB-V01D,P3800502-M-2,Åú,9,1200,2
2022-06-13,CQ16G-V01C,C2Q16G-P1281-30K,Åú,9,600,10
2022-06-13,CQ20G-V01C,C2Q20G-P1282-30K,Åú,9,600,10
2022-06-13,PS32B-V01D,S502A61T32X06X27,Åú,9,600,10
2022-06-13,PS40B-V01D,S502A61T40X09X27,Åú,9,1200,10
2022-06-13,SY30MP-V03D,SY30M-20-E-1,ÅZ,9,1200,1
2022-06-13,NCA64TD-V01C,S183A63T68X64X30,Åù,9,600,1
2022-06-13,MXS06TB-V01D,P3800102-M-1,Åú,9,600,14
2022-06-14,SY30MP-V02D,SY30M-20-E-1,ÅZ,9,1200,1
2022-06-14,PS12-V01D,S500A61T12X04X30,Åú,9,600,10
2022-06-14,PS32-V01D,S500A61T32X08X30,Åú,9,600,19
2022-06-14,CQ12C-V01D,S501A61T14X06X30,Åú,9,600,10
2022-06-14,PS25-V01D,S500A61T25X06X30,Åú,9,1200,14
2022-06-14,CQ12T3L-V01B,C2Q12A-AD367-20K,ÅZ,9,600,1
2022-06-14,CUJ20A-V01D,CUJ20A-AD254-20K,Åù,9,600,5
2022-06-15,PS40B-V01D,S502A61T40X09X27,Åú,9,1200,8
2022-06-15,PS16-V01D,S500A61T16X05X30,Åú,9,600,3
2022-06-15,PS20A-V01D,S502A61T20X05X27,Åú,9,600,6
2022-06-15,PS32B-V01D,S502A61T32X06X27,Åú,9,600,20
2022-06-15,MSQ10B2-V02D,P6260101-D,ÅZ,9,1200,1
2022-06-15,CQ16T3L-V01B,C2Q16A-AD368-20K,ÅZ,9,600,1
2022-06-15,NCA64TD-V01C,S183A63T68X64X30,Åù,9,600,6
2022-06-16,CQ16G-V01C,C2Q16G-P1281-30K,Åú,9,600,10
2022-06-16,CQ20G-V01C,C2Q20G-P1282-30K,Åú,9,600,15
2022-06-16,CM25AS-V01D,C2M025K03-68715B,Åú,9,600,6
2022-06-16,MGPM12B2-V01D,MGP12A-AC891-30K,Åù,9,1200,2
2022-06-16,SY50MP-V01D,SY50M-20-E-1,Åú,9,1200,2
2022-06-16,SY30MP-V03D,SY30M-20-E-1,Åú,9,1200,5
2022-06-17,CQ16G-V01C,C2Q16G-P1281-30K,Åú,9,600,15
2022-06-17,CQ12C-V01D,S501A61T14X06X30,Åú,9,600,5
2022-06-17,PS32B-V01D,S502A61T32X06X27,Åú,9,600,7
2022-06-17,PS25-V01D,S500A61T25X06X30,Åú,9,1200,12
2022-06-17,MHY25B-V02D,P3319401-M,Åù,9,1200,5
2022-06-17,MSQ10B2-V03D,P6260101-D,ÅZ,9,1200,1
2022-06-17,CUJ20A-V02D,CUJ20A-AD254-20K,ÅZ,9,600,1
2022-06-20,PS12-V01D,S500A61T12X04X30,Åú,9,600,10
2022-06-20,PS25A-V01D,S502A61T25X06X27,Åú,9,600,10
2022-06-20,SY30MP-V02D,SY30M-20-E-1,ÅZ,9,1200,1
2022-06-20,XLA40B2-V01B,XLA40-1B-S,ÅZ,9,1200,2
2022-06-20,MSQ50B2-V01D,P6260401-D,Åù,9,1200,6
2022-06-20,SY50MP-V01D,SY50M-20-E-1,Åú,9,1200,8
2022-06-21,CQ12C-V01D,S501A61T14X06X30,Åú,9,600,5
2022-06-21,CQ20G-V01C,C2Q20G-P1282-30K,Åú,9,600,14
2022-06-21,PS20-V01D,S500A61T20X05X30,Åú,9,600,13
2022-06-21,CJ06C2-V01D,C2J06LAAH080-30K,Åú,9,600,10
2022-06-22,CJ06C-V01D,C2J06LBAH080-30K,Åú,9,600,10
2022-06-22,CQ16G-V01C,C2Q16G-P1281-30K,Åú,9,600,5
2022-06-22,PS25A-V01D,S502A61T25X06X27,Åú,9,600,10
2022-06-22,SY50MP-V01D,SY50M-20-E-1,Åú,9,1200,42
2022-06-23,CJ06RT-V01D,C2J06Y-AH080-30K,Åú,9,600,10
2022-06-23,CQ20G-V01C,C2Q20G-P1282-30K,Åú,9,600,5
2022-06-23,PS32-V01D,S500A61T32X08X30,Åú,9,600,2
2022-06-23,CG40H3-V01D,C1G40L-AT034-30K,Åú,9,1200,5
2022-06-23,CG50H3-V01D,C1G50L-AT035-30K,Åú,9,1200,6
2022-06-23,CUJ20A-V02D,CUJ20A-AD254-20K,Åú,9,600,5
2022-06-24,CJ06C2-V01D,C2J06LAAH080-30K,Åú,9,600,14
2022-06-24,CJ06C-V01D,C2J06LBAH080-30K,Åú,9,600,10
2022-06-24,PS16-V01D,S500A61T16X05X30,Åú,9,600,4
2022-06-24,CUJ20A-V01D,CUJ20A-AD254-20K,ÅZ,9,600,1
2022-06-24,SY70M-V02B,SY7000-20-1,ÅZ,9,1200,1
2022-06-24,MXW16B-V01D,P3801001-M,ÅZ,9,1200,1
2022-06-24,SY30MP-V03D,SY30M-20-E-1,Åú,9,1200,15
2022-06-27,CJ06RT-V01D,C2J06Y-AH080-30K,Åú,9,600,10
2022-06-27,CQ12C-V01D,S501A61T14X06X30,Åú,9,600,10
2022-06-27,PS25-V01D,S500A61T25X06X30,Åú,9,1200,2
2022-06-27,CQ12T3L-V01B,C2Q12A-AD367-20K,ÅZ,9,600,1
2022-06-27,CQ16T3L-V01B,C2Q16A-AD368-20K,ÅZ,9,600,1
2022-06-27,MSQ10B2-V02D,P6260101-D,ÅZ,9,1200,1
2022-06-27,SY30MP-V02D,SY30M-20-E-1,Åú,9,1200,5
2022-06-28,CG63H3-V01D,C1G63L-AT036-30K,Åú,9,1200,12
2022-06-28,CQ20T3-V01B,C2Q20A-AD136A20K,ÅZ,9,600,1
2022-06-28,CQ25T3-V01B,C2Q25A-AD137A20K,ÅZ,9,600,1
2022-06-28,CUJ20A-V02D,CUJ20A-AD254-20K,Åú,9,600,10
2022-06-28,CG63R3-V01D,C3G63K02-AG006,Åú,9,1200,9
2022-06-29,XLA40B2-V01B,XLA40-1B-S,Åú,9,1200,2
2022-06-29,XLA16B2-V01B,XLA16-1B-S,Åú,9,1200,1
2022-06-29,PS12-V01D,S500A61T12X04X30,Åú,9,600,10
2022-06-29,PS20-V01D,S500A61T20X05X30,Åú,9,600,3
2022-06-29,CM32AS-V01D,C2M032K03-68716B,Åú,9,1200,14
2022-06-29,CM40AH-V01D,C2M040K02-68717B,Åú,9,1200,14
2022-06-29,CM40AS-V01D,C2M040K03-68717B,Åú,9,1200,14
2022-06-29,MXS20TB-V02D,P3800502-M-2,Åú,9,1200,14
2022-06-29,SY30MP-V03D,SY30M-20-E-1,Åú,9,1200,7
2022-06-30,CXS32S3-V01D,CXS32A-BA025-20K,ÅZ,9,1200,1
2022-06-30,CQ32T3-V01B,C2Q32A-AD138A20K,ÅZ,9,600,1
2022-06-30,CUJ20A-V01D,CUJ20A-AD254-20K,Åù,9,600,6
2022-06-30,MSQ20B2-V01D,P6260201-D,Åú,9,1200,28
2022-06-30,CRQ40B-V01D,P4730005-D,Åú,9,1200,25
2022-06-30,MXS06TB-V01D,P3800102-M-1,Åú,9,600,28
2022-06-30,MSQ50B2-V01D,P6260401-D,Åú,9,1200,6
2022-06-30,MXS08TB-V01D,P3800202-M-1,Åú,9,600,3
2022-07-01,PS12-V01D,S500A61T12X04X30,Åú,9,600,7
2022-07-01,PS40B-V01D,S502A61T40X09X27,Åú,9,1200,15
2022-07-01,CM32AH-V01D,C2M032K02-68716B,Åú,9,1200,14
2022-07-01,CXS15S3-V01D,CXS15A-BA022-20K,ÅZ,9,600,1
2022-07-01,CQ50T3-V01B,C2Q50A-AD140A20K,ÅZ,9,1200,1
2022-07-02,PS40-V01D,S500A61T40X10X30,Åú,9,1200,35
2022-07-02,MSQ30B2-V01D,P6260301-D,Åú,9,1200,14
2022-07-02,CXS10S3-V01D,CXS10A-R6001-20K,ÅZ,9,600,1
2022-07-02,CQ40T3-V01B,C2Q40A-AD139A20K,ÅZ,9,1200,1
2022-07-02,SY30MP-V03D,SY30M-20-E-1,Åú,9,1200,13
2022-07-02,MXS20TB-V02D,P3800502-M-2,Åú,9,1200,28
2022-07-04,PS40B-V01D,S502A61T40X09X27,Åú,9,1200,42
2022-07-04,PS25-V01D,S500A61T25X06X30,Åú,9,1200,14
2022-07-04,CP9632T-V01B,C9632AAAC958-30K,ÅZ,9,600,1
2022-07-04,CP9640T-V01B,C9640AAAC959-30K,ÅZ,9,600,1
2022-07-04,MSQ10B2-V03D,P6260101-D,ÅZ,9,1200,1
2022-07-04,SY50MP-V01D,SY50M-20-E-1,Åú,9,1200,3
2022-07-04,SY30MP-V02D,SY30M-20-E-1,Åú,9,1200,5
2022-07-05,PS40-V01D,S500A61T40X10X30,Åú,9,1200,42
2022-07-05,MXS08TB-V01D,P3800202-M-1,Åú,9,600,28
2022-07-05,CP9650T-V01B,C9650AAAC960-30K,ÅZ,9,600,1
2022-07-05,CAA0T-V01C,S192A63T110X100X30,ÅZ,9,1200,1
2022-07-05,MSQ10B2-V01D,P6260101-D,ÅZ,9,1200,1
2022-07-05,CRQ30B-V01D,P4730004-D,Åú,9,1200,14
2022-07-06,PS40B-V01D,S502A61T40X09X27,Åú,9,1200,42
2022-07-06,PS12-V01D,S500A61T12X04X30,Åú,9,600,10
2022-07-06,CA20T-V01C,S192A63T26X20X20,ÅZ,9,600,1
2022-07-06,CA25T-V01C,S192A63T31X25X30,ÅZ,9,600,1
2022-07-06,CA32T-V01C,S192A63T38X32X30,ÅZ,9,600,1
2022-07-06,MXS12TB-V02D,P3800302-M-1,Åú,9,600,14
2022-07-06,MXS16TB-V01D,P3800402-M-2,Åú,9,600,14
2022-07-07,PS12-V01D,S500A61T12X04X30,Åú,9,600,14
2022-07-07,PS25-V01D,S500A61T25X06X30,Åú,9,1200,15
2022-07-07,MXS16TB-V02D,P3800402-M-2,Åú,9,600,14
2022-07-07,CA40T-V01C,S192A63T47X40X30,ÅZ,9,600,1
2022-07-07,XLA40B2-V01B,XLA40-1B-S,ÅZ,9,1200,2
2022-07-07,SY50MP-V01D,SY50M-20-E-1,Åú,9,1200,8
2022-07-07,MXS20TB-V01D,P3800502-M-2,Åú,9,1200,28
2022-07-08,PS40B-V01D,S502A61T40X09X27,Åú,9,1200,41
2022-07-08,CA50T-V01C,S192A63T58X50X30,ÅZ,9,600,1
2022-07-08,SY70M-V02B,SY7000-20-1,ÅZ,9,1200,1
2022-07-08,MSQ10B2-V02D,P6260101-D,ÅZ,9,1200,1
2022-07-08,VV10M1-V01B,DXT156-10-11,Åú,9,1200,12
2022-07-08,DXT155M-V01D,DXT155-38-1,Åú,9,1200,12
2022-07-11,PS40-V01D,S500A61T40X10X30,Åú,9,1200,42
2022-07-11,MSQ50B2-V01D,P6260401-D,Åú,9,1200,6
2022-07-11,MXS25TB-V01D,P3800602-M-2,Åú,9,1200,21
2022-07-11,MXS16TB-V01D,P3800402-M-2,Åú,9,600,28
2022-07-11,CQ16T3L-V01B,C2Q16A-AD368-20K,ÅZ,9,600,1
2022-07-11,MXS12TB-V01D,P3800302-M-1,Åú,9,600,21
2022-07-12,PS40B-V01D,S502A61T40X09X27,Åú,9,1200,21
2022-07-12,PS25-V01D,S500A61T25X06X30,Åú,9,1200,18
2022-07-12,MB32T-V01C,S265A63T36X32X30,ÅZ,9,600,1
2022-07-12,CA63T-V01C,S192A63T72X63X30,ÅZ,9,1200,1
2022-07-12,MSQ10B2-V03D,P6260101-D,ÅZ,9,1200,1
2022-07-12,CA80T-V01C,S192A63T89X80X30,ÅZ,9,1200,1
2022-07-12,MXS08TB-V01D,P3800202-M-1,Åú,9,600,31
2022-07-13,VJ10M-V01D,VJ100-16-7,Åú,9,600,10
2022-07-13,PS12-V01D,S500A61T12X04X30,Åú,9,600,14
2022-07-13,CP9663T-V01B,C9663AAAC961-30K,ÅZ,9,1200,1
2022-07-13,CQ32T-V01B,C2Q32-04-J0779-K,Åú,9,1200,6
2022-07-13,CRQ30B-V01D,P4730004-D,Åú,9,1200,28
2022-07-13,SY30MP-V03D,SY30M-20-E-1,Åú,9,1200,3
2022-07-13,MXS16TB-V02D,P3800402-M-2,Åú,9,600,21
2022-07-14,DXT192M1-V01D,DXT192-11-3,Åú,9,600,14
2022-07-14,PS40-V01D,S500A61T40X10X30,Åú,9,1200,42
2022-07-14,MB32T-V01C,S265A63T36X32X30,ÅZ,9,600,1
2022-07-14,MXS06TB-V01D,P3800102-M-1,Åú,9,600,21
2022-07-14,MSQ10B2-V02D,P6260101-D,ÅZ,9,1200,1
2022-07-14,MXS12TB-V01D,P3800302-M-1,Åú,9,600,28
2022-07-15,PS25-V01D,S500A61T25X06X30,Åú,9,1200,14
2022-07-15,CQ40T3-V01B,C2Q40A-AD139A20K,ÅZ,9,1200,1
2022-07-15,CQ50T3-V01B,C2Q50A-AD140A20K,ÅZ,9,1200,1
2022-07-15,VV14M1-V01D,DXT199-20-23,Åú,9,1200,12
2022-07-15,MSQ10B2-V03D,P6260101-D,Åù,9,1200,5
2022-07-15,MSQ30B2-V01D,P6260301-D,Åú,9,1200,3
2022-07-15,MXS20TB-V01D,P3800502-M-2,Åú,9,1200,28
2022-07-16,PS40B-V01D,S502A61T40X09X27,Åú,9,1200,28
2022-07-16,PS12-V01D,S500A61T12X04X30,Åú,9,600,14
2022-07-16,MB50T-V01C,S265A63T55X50X30,ÅZ,9,600,1
2022-07-16,VJ10M-V01D,VJ100-16-7,Åú,9,600,14
2022-07-16,CRQ30B-V01D,P4730004-D,Åú,9,1200,10
2022-07-16,CQ40T-V01B,C2Q40-04-J0780-K,Åú,9,1200,3
2022-07-18,XLA40B2-V01B,XLA40-1B-S,ÅZ,9,1200,2
2022-07-18,SY50MP-V01D,SY50M-20-E-1,ÅZ,9,1200,2
2022-07-18,MSQ10B2-V02D,P6260101-D,ÅZ,9,1200,1
2022-07-18,AXT663M5-V01D,AXT663-1-X439,ÅZ,9,600,1
2022-07-18,PS40-V01D,S500A61T40X10X30,Åú,9,1200,42
2022-07-18,PS25-V01D,S500A61T25X06X30,Åú,9,1200,28
2022-07-19,CQ50T3-V01B,C2Q50A-AD140A20K,ÅZ,9,1200,1
2022-07-19,MHL10B2-V01D,P3315161-M,ÅZ,9,1200,1
2022-07-19,MHL16B2-V01D,P3315261-M,ÅZ,9,1200,1
2022-07-19,AXT663M6-V01D,AXT663-1-X437,ÅZ,9,600,1
2022-07-19,PS12-V01D,S500A61T12X04X30,Åú,9,600,20
2022-07-19,DXT192M1-V01D,DXT192-11-3,Åú,9,600,14
2022-07-19,MXS20TB-V02D,P3800502-M-2,Åú,9,1200,28
2022-07-19,MXS16TB-V01D,P3800402-M-2,Åú,9,600,35
2022-07-20,CP9650T-V01B,C9650AAAC960-30K,ÅZ,9,600,1
2022-07-20,MHL20B2-V01D,P3315361-M,ÅZ,9,1200,1
2022-07-20,AXT663M7-V01D,AXT663-1-X448,ÅZ,9,600,1
2022-07-20,PS40-V01D,S500A61T40X10X30,Åú,9,1200,30
2022-07-20,MSQ10B2-V03D,P6260101-D,Åú,9,1200,14
2022-07-20,CQ32T-V01B,C2Q32-04-J0779-K,Åú,9,1200,14
2022-07-20,SY30MP-V02D,SY30M-20-E-1,Åú,9,1200,14
2022-07-21,CP9663T-V01B,C9663AAAC961-30K,ÅZ,9,1200,1
2022-07-21,MHL25B2-V01D,P3315461-M,ÅZ,9,1200,1
2022-07-21,AXT835M-V01D,AXT835-30D-1,ÅZ,9,1200,1
2022-07-21,MB32C-V01D,MB-32-32-C6776-K,ÅZ,9,1200,1
2022-07-21,PS25-V01D,S500A61T25X06X30,Åú,9,1200,21
2022-07-21,SY30MP-V03D,SY30M-20-E-1,Åú,9,1200,17
2022-07-21,MXS12TB-V02D,P3800302-M-1,Åú,9,600,14
2022-07-22,MB40C-V01D,MB-40-32-C6777-K,ÅZ,9,1200,1
2022-07-22,MHZ06B-V01D,P4811001-M,ÅZ,9,600,1
2022-07-22,CG32H-V01C,C1G32L-M3322-20K,Åú,9,1200,7
2022-07-22,CG40H-V01C,C1G40L-M3323-20K,Åú,9,1200,7
2022-07-22,MSQ10B2-V02D,P6260101-D,Åú,9,1200,7
2022-07-22,MSQ30B2-V01D,P6260301-D,Åú,9,1200,21
2022-07-22,MXS16TB-V01D,P3800402-M-2,Åú,9,600,19
2022-07-23,MB40T-V01C,S265A63T45X40X30,ÅZ,9,600,1
2022-07-23,CXS15S3-V01D,CXS15A-BA022-20K,ÅZ,9,600,2
2022-07-23,CXS20S3-V01D,CXS20A-BA023-20K,ÅZ,9,600,1
2022-07-23,PS12-V01D,S500A61T12X04X30,Åú,9,600,7
2022-07-23,SY50MP-V02D,SY50M-20-E-1,ÅZ,9,1200,2
2022-07-23,MXS25TB-V01D,P3800602-M-2,Åú,9,1200,38
2022-07-23,MXS12TB-V01D,P3800302-M-1,Åú,9,600,35
2022-07-25,MHZ10B-V01B,P4811101-M-2,ÅZ,9,600,1
2022-07-25,DXT199M1-V01D,DXT199-20-1,ÅZ,9,1200,1
2022-07-25,PS25-V01D,S500A61T25X06X30,Åú,9,1200,19
2022-07-25,CQ40T-V01B,C2Q40-04-J0780-K,Åú,9,1200,19
2022-07-25,XLA40B2-V01B,XLA40-1B-S,Åù,9,1200,8
2022-07-25,SY30MP-V02D,SY30M-20-E-1,Åú,9,1200,17
2022-07-26,MHZ16B-V01B,P4811201-M-1,ÅZ,9,600,1
2022-07-26,S070M2-V01B,SS0700-50-1D,ÅZ,9,600,1
2022-07-26,MHL10B2-V01D,P3315161-M,ÅZ,9,1200,2
2022-07-26,MGPL12B2-V01D,MGP12A-AC901-30K,Åú,9,1200,25
2022-07-26,S070M2-V01B,SS0700-50-1D,ÅZ,9,600,1
2022-07-26,MXS20TB-V01D,P3800502-M-2,Åú,9,1200,28
2022-07-26,MXS16TB-V01D,P3800402-M-2,Åú,9,600,42
2022-07-27,MHL25B2-V01D,P3315461-M,ÅZ,9,1200,2
2022-07-27,MSQ30B2-V02D,P6260301-D,ÅZ,9,1200,2
2022-07-27,MSQ10B2-V03D,P6260101-D,ÅZ,9,1200,1
2022-07-27,MSQ30B2-V03D,P6260301-D,ÅZ,9,1200,2
2022-07-27,SY30MP-V02D,SY30M-20-E-1,Åú,9,1200,21
2022-07-27,MXS12TB-V01D,P3800302-M-1,Åú,9,600,33
2022-07-27,MSQ50B2-V01D,P6260401-D,Åú,9,1200,10
2022-07-28,MHZ20B-V01B,P4811301-M-1,ÅZ,9,600,1
2022-07-28,SY50M3-V01D,SY5000-20-118,ÅZ,9,1200,1
2022-07-28,PS40B-V01D,S502A61T40X09X27,Åú,9,1200,35
2022-07-28,MSQ30B2-V02D,P6260301-D,Åù,9,1200,6
2022-07-28,MSQ10B2-V03D,P6260101-D,Åú,9,1200,16
2022-07-28,MSQ30B2-V03D,P6260301-D,Åù,9,1200,6
2022-07-28,MGPL25B2-V01D,MGP25A-AC904-30K,Åú,9,1200,6
2022-07-28,XLA16B2-V01B,XLA16-1B-S,Åú,9,1200,12
2022-07-29,MHZ25B-V01B,P4811401-M-1,ÅZ,9,1200,1
2022-07-29,DXT199M1-V01D,DXT199-20-1,ÅZ,9,1200,1
2022-07-29,SY50MP-V02D,SY50M-20-E-1,ÅZ,9,1200,1
2022-07-29,PS25A-V01D,S502A61T25X06X27,Åú,9,600,25
2022-07-29,MGPL16B2-V01D,MGP16A-AC902-30K,Åú,9,1200,19
2022-07-29,MGPL32B2-V01D,MGP32A-AC905-30K,Åú,9,1200,12
2022-07-29,CUJ20A-V02D,CUJ20A-AD254-20K,Åú,9,600,14
2022-07-30,V100M1-V01D,V100-75-4,ÅZ,9,1200,1
2022-07-30,MHZ32B-V01D,P4811501-M-1,ÅZ,9,1200,1
2022-07-30,PS63B-V01D,S502A61T63X13X20,Åú,9,1200,2
2022-07-30,PS50B-V01D,S502A61T50X13X27,Åú,9,1200,2
2022-07-30,PS40-V01D,S500A61T40X10X30,Åú,9,1200,35
2022-07-30,MGPL40B2-V01D,MGP40A-AC906-30K,Åú,9,1200,18
2022-08-01,V100M2-V01D,V100-75-5,ÅZ,9,1200,1
2022-08-01,CQ50G-V01C,C2Q50G-F2256-30K,ÅZ,9,1200,2
2022-08-01,CQ63G-V01C,C2Q63G-F2257-20K,ÅZ,9,1200,2
2022-08-01,PS40B-V01D,S502A61T40X09X27,Åú,9,1200,15
2022-08-01,PS25-V01D,S500A61T25X06X30,Åú,9,1200,5
2022-08-01,CUJ16A-V01D,CUJ16A-AD253-20K,Åú,9,600,14
2022-08-01,MGPM20B2-V01D,MGP20A-AC893-30K,Åú,9,1200,3
2022-08-02,PS25-V01D,S500A61T25X06X30,Åú,9,1200,5
2022-08-02,MHL16B2-V01D,P3315261-M,ÅZ,9,1200,2
2022-08-02,SY50MP-V02D,SY50M-20-E-1,ÅZ,9,1200,1
2022-08-02,P5053B1-V01D,P5053-1081,ÅZ,9,1200,1
2022-08-02,V100M4-V01D,V100-75-25,ÅZ,9,1200,1
2022-08-02,PS25A-V01D,S502A61T25X06X27,Åú,9,600,28
2022-08-02,CXS20S3-V01D,CXS20A-BA023-20K,Åù,9,600,5
2022-08-02,MGPM25B2-V01D,MGP25A-AC894-30K,Åú,9,1200,8
2022-08-03,P5053B2-V01D,P5053-1082,ÅZ,9,1200,1
2022-08-03,MHL20B2-V01D,P3315361-M,ÅZ,9,1200,2
2022-08-03,CXS15S3-V01D,CXS15A-BA022-20K,ÅZ,9,600,1
2022-08-03,PS40-V01D,S500A61T40X10X30,Åú,9,1200,35
2022-08-03,MXS16TB-V02D,P3800402-M-2,Åú,9,600,10
2022-08-03,CUJ20A-V01D,CUJ20A-AD254-20K,Åú,9,600,21
2022-08-04,VJ30M-V01D,VJ300-8-5,ÅZ,9,600,1
2022-08-04,MHL10B2-V01D,P3315161-M,ÅZ,9,1200,1
2022-08-04,CXS32S3-V01D,CXS32A-BA025-20K,ÅZ,9,1200,2
2022-08-04,PS40B-V01D,S502A61T40X09X27,Åú,9,1200,35
2022-08-04,MSQ30B2-V02D,P6260301-D,Åú,9,1200,8
2022-08-04,MGPM40B2-V01D,MGP40A-AC896-30K,Åú,9,1200,15
2022-08-04,SY30MP-V02D,SY30M-20-E-1,Åú,9,1200,11
2022-08-05,MHL25B2-V01D,P3315461-M,ÅZ,9,1200,2
2022-08-05,P5053B3-V01D,P5053-1083,ÅZ,9,1200,2
2022-08-05,MSQ10B2-V01D,P6260101-D,ÅZ,9,1200,1
2022-08-05,VJ10M-V01D,VJ100-16-7,Åú,9,600,21
2022-08-05,PS25A-V01D,S502A61T25X06X27,Åú,9,600,28
2022-08-05,CUJ16A-V01D,CUJ16A-AD253-20K,Åú,9,600,16
2022-08-05,XLA16B2-V01B,XLA16-1B-S,Åú,9,1200,21
2022-08-06,VJ30M3-V01D,VJ3000-20-10,ÅZ,9,600,1
2022-08-06,SY50MP-V02D,SY50M-20-E-1,ÅZ,9,1200,1
2022-08-06,PS40-V01D,S500A61T40X10X30,Åú,9,1200,42
2022-08-06,MHY10B-V01D,P3319101-M,Åú,9,600,5
2022-08-06,CUJ20A-V02D,CUJ20A-AD254-20K,Åú,9,600,2
2022-08-06,MGPL20B2-V01D,MGP20A-AC903-30K,Åú,9,1200,14
2022-08-08,VP300M-V01D,VP300-22,ÅZ,9,1200,1
2022-08-08,MHZ10B-V01B,P4811101-M-2,ÅZ,9,600,1
2022-08-08,CQ63G-V01C,C2Q63G-F2257-20K,ÅZ,9,1200,2
2022-08-08,CQ63T-V02C,C2Q63-04-J0782AK,Åú,9,1200,18
2022-08-08,PS40B-V01D,S502A61T40X09X27,Åú,9,1200,28
2022-08-08,MGPM20B2-V01D,MGP20A-AC893-30K,Åú,9,1200,28
2022-08-09,CXS25S3-V01D,CXS25A-BA024-20K,ÅZ,9,1200,1
2022-08-09,CQS16T-V01B,CQS16-04-F6463-K,ÅZ,9,600,1
2022-08-09,PS32-V01D,S500A61T32X08X30,Åú,9,600,35
2022-08-09,MSQ10B2-V03D,P6260101-D,Åú,9,1200,2
2022-08-09,MGPL20B2-V01D,MGP20A-AC903-30K,Åú,9,1200,20
2022-08-09,SY30MP-V03D,SY30M-20-E-1,Åú,9,1200,16
2022-08-10,AXT663M6-V01D,AXT663-1-X437,ÅZ,9,600,1
2022-08-10,MGJ06B-V01D,MGJ06K-BA394-20K,ÅZ,9,600,1
2022-08-10,CQ40T-V02B,C2Q40-04-J0780-K,ÅZ,9,1200,2
2022-08-10,SY50MP-V02D,SY50M-20-E-1,Åù,9,1200,10
2022-08-10,VJ10M-V01D,VJ100-16-7,Åú,9,600,11
2022-08-10,PS32-V01D,S500A61T32X08X30,Åú,9,600,50
2022-08-10,XLA16B2-V01B,XLA16-1B-S,Åú,9,1200,18
2022-08-11,CUJ12A-V02D,CUJ12A-AD252-20K,ÅZ,9,600,1
2022-08-11,MGJ10B-V01D,MGJ10K-BA395-20K,ÅZ,9,600,1
2022-08-11,MGPL25B2-V01D,MGP25A-AC904-30K,Åú,9,1200,18
2022-08-11,MGPL32B2-V01D,MGP32A-AC905-30K,Åú,9,1200,6
2022-08-11,MGPL40B2-V01D,MGP40A-AC906-30K,Åú,9,1200,6
2022-08-11,PS40-V01D,S500A61T40X10X30,Åú,9,1200,35
2022-08-11,SY30MP-V02D,SY30M-20-E-1,Åú,9,1200,11
2022-08-12,MHKL12B-V01D,P3318110-M,ÅZ,9,1200,1
2022-08-12,MHZ32B-V01D,P4811501-M-1,ÅZ,9,1200,2
2022-08-12,AXT835M-V01D,AXT835-30D-1,ÅZ,9,1200,1
2022-08-12,MSQ10B2-V03D,P6260101-D,Åú,9,1200,14
2022-08-12,MGPM32B2-V01D,MGP32A-AC895-30K,Åú,9,1200,18
2022-08-12,PS25A-V01D,S502A61T25X06X27,Åú,9,600,40
2022-08-12,MGPM25B2-V01D,MGP25A-AC894-30K,Åú,9,1200,18
2022-08-13,CA40T-V01C,S192A63T47X40X30,ÅZ,9,600,1
2022-08-13,CRQ10B-V01C,P4730001-D,ÅZ,9,600,1
2022-08-13,S070M2-V01B,SS0700-50-1D,ÅZ,9,600,1
2022-08-13,RHC32B-V01D,RHC32K27-82083A,ÅZ,9,1200,1
2022-08-13,V100M1-V01D,V100-75-4,ÅZ,9,1200,1
2022-08-13,CA63T-V01C,S192A63T72X63X30,ÅZ,9,1200,1
2022-08-13,CUJ16A-V02D,CUJ16A-AD253-20K,Åú,9,600,14
2022-08-13,MXS16TB-V01D,P3800402-M-2,Åú,9,600,34
2022-08-13,PS32-V01D,S500A61T32X08X30,Åú,9,600,28
2022-08-13,SY50MP-V02D,SY50M-20-E-1,Åù,9,1200,6
2022-08-15,CXS15S3-V01D,CXS15A-BA022-20K,ÅZ,9,600,1
2022-08-15,AXT663M6-V01D,AXT663-1-X437,ÅZ,9,600,1
2022-08-15,VP300M-V01D,VP300-22,ÅZ,9,1200,1
2022-08-15,XLS25B-V01B,XLS25-1-1B,ÅZ,9,1200,1
2022-08-15,V100M1-V01D,V100-75-4,ÅZ,9,1200,1
2022-08-15,MGPM40B2-V01D,MGP40A-AC896-30K,Åú,9,1200,12
2022-08-15,PS32-V01D,S500A61T32X08X30,Åú,9,600,46
2022-08-15,XLS25B-V01B,XLS25-1-1B,ÅZ,9,1200,1
2022-08-15,SY30MP-V02D,SY30M-20-E-1,Åú,9,1200,15
2022-08-16,CP9663T-V01B,C9663AAAC961-30K,ÅZ,9,1200,2
2022-08-16,MXH16P-V01D,MXH16-47A7630K-K,ÅZ,9,1200,1
2022-08-16,SY50MP-V01D,SY50M-20-E-1,ÅZ,9,1200,1
2022-08-16,APT4-V02B,APTE00-98000565-D,ÅZ,9,1200,1
2022-08-16,CRQ10B-V01C,P4730001-D,ÅZ,9,600,1
2022-08-16,MHY16B-V01D,P3319201-M,Åú,9,600,20
2022-08-16,PS40-V01D,S500A61T40X10X30,Åú,9,1200,35
2022-08-16,MHY20B-V01D,P3319301-M,Åú,9,1200,12
2022-08-17,S070M2-V01B,SS0700-50-1D,ÅZ,9,600,1
2022-08-17,MSQ7B-V01D,P62104001-D,ÅZ,9,600,1
2022-08-17,V100M2-V01D,V100-75-5,ÅZ,9,1200,1
2022-08-17,MHL20B2-V01D,P3315361-M,ÅZ,9,1200,1
2022-08-17,SY50MP-V02D,SY50M-20-E-1,Åù,9,1200,10
2022-08-17,MSQ10B2-V03D,P6260101-D,Åú,9,1200,14
2022-08-17,CUJ16A-V01D,CUJ16A-AD253-20K,Åú,9,600,14
2022-08-17,PS25A-V01D,S502A61T25X06X27,Åú,9,600,28
2022-08-17,SY30MP-V03D,SY30M-20-E-1,Åú,9,1200,3
2022-08-17,XLA25B2-V01B,XLA25-1B-S,Åú,9,1200,4
2022-08-18,MB32T-V01C,S265A63T36X32X30,ÅZ,9,600,2
2022-08-18,MB40T-V01C,S265A63T45X40X30,ÅZ,9,600,2
2022-08-18,MB50T-V01C,S265A63T55X50X30,ÅZ,9,600,2
2022-08-18,SY50M3-V01D,SY5000-20-118,ÅZ,9,1200,1
2022-08-18,CUJ20A-V02D,CUJ20A-AD254-20K,Åú,9,600,14
2022-08-18,SY50MP-V01D,SY50M-20-E-1,Åù,9,1200,8
2022-08-18,PS32-V01D,S500A61T32X08X30,Åú,9,600,35
2022-08-18,PS40-V01D,S500A61T40X10X30,Åú,9,1200,29
2022-08-19,CAA0T-V01C,S192A63T110X100X30,ÅZ,9,1200,2
2022-08-19,APT6-V02B,APTE00-96000150-D,ÅZ,9,1200,1
2022-08-19,CQS12T-V01D,CQS12-04-F6462-K,ÅZ,9,600,1
2022-08-19,CRQ10B-V01C,P4730001-D,ÅZ,9,600,1
2022-08-19,VJ30M3-V01D,VJ3000-20-10,ÅZ,9,600,1
2022-08-19,PS40B-V01D,S502A61T40X09X27,Åú,9,1200,21
2022-08-19,XLA25B2-V02B,XLA25-1B-S,Åù,9,1200,6
2022-08-19,MXS20TB-V01D,P3800502-M-2,Åú,9,1200,21
2022-08-19,SY30MP-V02D,SY30M-20-E-1,Åú,9,1200,8
2022-08-19,MXS20TB-V01D,P3800502-M-2,Åú,9,1200,8
2022-08-20,CUJ12A-V02D,CUJ12A-AD252-20K,ÅZ,9,600,1
2022-08-20,CA50T-V01C,S192A63T58X50X30,ÅZ,9,600,2
2022-08-20,CU10B3-V01D,C2U10A-AS921-20K,ÅZ,9,600,1
2022-08-20,CG40TD-V01C,S163A63T47X40X30,ÅZ,9,600,2
2022-08-20,CQ40K-V01D,C2Q040K31-49702A,ÅZ,9,1200,1
2022-08-20,SY50MP-V02D,SY50M-20-E-1,Åú,9,1200,26
2022-08-20,XLA25B2-V01B,XLA25-1B-S,Åú,9,1200,22
2022-08-20,PS32-V01D,S500A61T32X08X30,Åú,9,600,16
2022-08-20,SY30MP-V03D,SY30M-20-E-1,Åú,9,1200,14
2022-08-22,CU20B3-V01D,C2U20A-AS923-20K,ÅZ,9,600,1
2022-08-22,CXS20S3-V01D,CXS20A-BA023-20K,ÅZ,9,600,1
2022-08-22,CQS12T-V01D,CQS12-04-F6462-K,ÅZ,9,600,1
2022-08-22,CA32T-V01C,S192A63T38X32X30,ÅZ,9,600,2
2022-08-22,CA40T-V01C,S192A63T47X40X30,ÅZ,9,600,2
2022-08-22,SY30MP-V03D,SY30M-20-E-1,Åú,9,1200,11
2022-08-22,PS25A-V01D,S502A61T25X06X27,Åú,9,600,23
2022-08-22,PS32-V01D,S500A61T32X08X30,Åú,9,600,26
2022-08-22,MSQ30B2-V02D,P6260301-D,Åú,9,1200,10
2022-08-23,CU25B3-V01D,C2U25A-AS924-20K,ÅZ,9,1200,1
2022-08-23,CA20T-V01C,S192A63T26X20X20,ÅZ,9,600,2
2022-08-23,CA25T-V01C,S192A63T31X25X30,ÅZ,9,600,2
2022-08-23,S070M2-V01B,SS0700-50-1D,ÅZ,9,600,1
2022-08-23,MHZ32B-V01D,P4811501-M-1,ÅZ,9,1200,1
2022-08-23,XLA25B2-V01B,XLA25-1B-S,Åú,9,1200,36
2022-08-23,MSQ10B2-V03D,P6260101-D,Åú,9,1200,14
2022-08-23,SY30MP-V02D,SY30M-20-E-1,Åú,9,1200,14
2022-08-24,MB32T-V01C,S265A63T36X32X30,ÅZ,9,600,1
2022-08-24,MB40T-V01C,S265A63T45X40X30,ÅZ,9,600,1
2022-08-24,MB50T-V01C,S265A63T55X50X30,ÅZ,9,600,1
2022-08-24,AXT663M6-V01D,AXT663-1-X437,ÅZ,9,600,1
2022-08-24,CQ40K-V01D,C2Q040K31-49702A,ÅZ,9,1200,1
2022-08-24,PS40B-V01D,S502A61T40X09X27,Åú,9,1200,28
2022-08-24,CUJ16A-V01D,CUJ16A-AD253-20K,Åú,9,600,14
2022-08-24,CUJ20A-V02D,CUJ20A-AD254-20K,Åú,9,600,14
2022-08-24,MXS20TB-V01D,P3800502-M-2,Åú,9,1200,14
2022-08-25,CXS15S3-V01D,CXS15A-BA022-20K,ÅZ,9,600,1
2022-08-25,CXS25S3-V01D,CXS25A-BA024-20K,ÅZ,9,1200,1
2022-08-25,CXS32S3-V01D,CXS32A-BA025-20K,ÅZ,9,1200,1
2022-08-25,MXW16B-V01D,P3801001-M,ÅZ,9,1200,1
2022-08-25,SY30MP-V02D,SY30M-20-E-1,Åú,9,1200,14
2022-08-25,PS40B-V01D,S502A61T40X09X27,Åú,9,1200,14
2022-08-25,PS40-V01D,S500A61T40X10X30,Åú,9,1200,30
2022-08-26,CAA0T-V01C,S192A63T110X100X30,ÅZ,9,1200,1
2022-08-26,VP300M-V01D,VP300-22,ÅZ,9,1200,1
2022-08-26,MHL10B2-V01D,P3315161-M,ÅZ,9,1200,1
2022-08-26,DXT155M-V01D,DXT155-38-1,Åú,9,1200,10
2022-08-26,SY50MP-V02D,SY50M-20-E-1,Åú,9,1200,36
2022-08-26,XLA25B2-V01B,XLA25-1B-S,Åú,9,1200,12
2022-08-26,DXT192M1-V01D,DXT192-11-3,Åú,9,600,19
2022-08-26,SY30MP-V03D,SY30M-20-E-1,Åú,9,1200,8
2022-08-27,XLA40B2-V01B,XLA40-1B-S,Åù,9,1200,2
2022-08-27,SY30M-V02B,SY3000-20-1,Åú,9,1200,5
2022-08-27,CG32TD-V01C,S163A63T38X32X30,ÅZ,9,600,2
2022-08-27,CG40TD-V01C,S163A63T47X40X30,ÅZ,9,600,2
2022-08-27,PS32-V01D,S500A61T32X08X30,Åú,9,600,32
2022-08-27,SY50MP-V01D,SY50M-20-E-1,Åú,9,1200,22
2022-08-27,XLA16BN-V01B,XLA16-3-1B,Åú,9,1200,7
2022-08-27,VV10M1-V01B,DXT156-10-11,Åú,9,1200,10
2022-08-27,MXS16TB-V01D,P3800402-M-2,Åú,9,600,7
2022-08-29,CG20TD-V01C,S163A63T26X20X20,ÅZ,9,600,2
2022-08-29,CG25TD-V01C,S163A63T31X25X30,ÅZ,9,600,2
2022-08-29,MHL25B2-V01D,P3315461-M,ÅZ,9,1200,1
2022-08-29,CQ63T-V02C,C2Q63-04-J0782AK,Åú,9,1200,18
2022-08-29,XLA25B2-V01B,XLA25-1B-S,Åú,9,1200,32
2022-08-29,PS40B-V01D,S502A61T40X09X27,Åú,9,1200,15
2022-08-29,SY30MP-V02D,SY30M-20-E-1,Åú,9,1200,5
2022-08-30,MHL16B2-V01D,P3315261-M,ÅZ,9,1200,1
2022-08-30,SY30MP-V03D,SY30M-20-E-1,Åú,9,1200,7
2022-08-30,MXS20TB-V01D,P3800502-M-2,Åú,9,1200,28
2022-08-30,MXS16TB-V02D,P3800402-M-2,Åú,9,600,7
2022-08-31,MXS25TB-V01D,P3800602-M-2,Åú,9,1200,28
2022-08-31,MXS08TB-V01D,P3800202-M-1,Åú,9,600,21
2022-08-31,VJ10M-V02D,VJ100-16-7,ÅZ,9,600,5
2022-08-31,CUJ20A-V02D,CUJ20A-AD254-20K,Åú,9,600,14
2022-08-31,MYB20H1-V02D,MYB20LAA7164-20K,Åù,9,1200,5
2022-08-31,XLA25B2-V01B,XLA25-1B-S,Åú,9,1200,21
2022-09-01,CG50TD-V01C,S163A63T58X50X30,ÅZ,9,600,2
2022-09-01,CG63TD-V01C,S163A63T72X63X30,ÅZ,9,1200,2
2022-09-01,MHZ32B-V01D,P4811501-M-1,ÅZ,9,1200,1
2022-09-01,VJ10M-V01D,VJ100-16-7,Åú,9,600,22
2022-09-01,MYB20H1-V01D,MYB20LAA7164-20K,Åú,9,1200,21
2022-09-01,MXS06TB-V01D,P3800102-M-1,Åú,9,600,10
2022-09-06,VJ30M-V01D,VJ300-8-5,ÅZ,9,600,1
2022-09-06,V100M1-V01D,V100-75-4,ÅZ,9,1200,1
2022-09-06,SY50M-V01B,SY5000-20-1,Åú,9,1200,2
2022-09-06,SY30MP-V02D,SY30M-20-E-1,Åú,9,1200,16
2022-09-06,SY30M-V01B,SY3000-20-1,Åú,9,1200,14
2022-09-06,XLA25BN-V01D,XLA25-3-1B,Åú,9,1200,22
2022-09-06,XLA25B2-V02B,XLA25-1B-S,Åù,9,1200,8
2022-09-06,MYB20H1-V01D,MYB20LAA7164-20K,Åú,9,1200,21
2022-09-06,MXS16TB-V01D,P3800402-M-2,Åú,9,600,11
2022-09-07,CQS12T-V01D,CQS12-04-F6462-K,ÅZ,9,600,1
2022-09-07,CQS16T-V01B,CQS16-04-F6463-K,ÅZ,9,600,1
2022-09-07,S070M2-V01B,SS0700-50-1D,ÅZ,9,600,1
2022-09-07,CRQ15B-V01C,P4730002-D,Åú,9,600,19
2022-09-07,VJ10M-V01D,VJ100-16-7,Åú,9,600,13
2022-09-07,CRQ20B-V01D,P4730003-D,Åú,9,1200,20
2022-09-07,CQ32T-V01B,C2Q32-04-J0779-K,Åú,9,1200,15
2022-09-07,CQ40T-V01B,C2Q40-04-J0780-K,Åú,9,1200,10
2022-09-08,AXT663M7-V01D,AXT663-1-X448,ÅZ,9,600,1
2022-09-08,CQ20T2-V01D,C2Q020K04-51396,ÅZ,9,600,1
2022-09-08,MXW16B-V01D,P3801001-M,ÅZ,9,1200,1
2022-09-08,CAA0T-V01C,S192A63T110X100X30,ÅZ,9,1200,1
2022-09-08,XLA40B2-V01B,XLA40-1B-S,Åù,9,1200,8
2022-09-08,PS25-V01D,S500A61T25X06X30,Åú,9,1200,28
2022-09-08,MSQ10B2-V03D,P6260101-D,Åú,9,1200,21
2022-09-08,SY50MP-V01D,SY50M-20-E-1,Åú,9,1200,24
2022-09-09,M1B50T-V01D,MB-50AAL8511-30K,ÅZ,9,1200,1
2022-09-09,MHL10B2-V01D,P3315161-M,ÅZ,9,1200,1
2022-09-09,M1B40T-V01D,MB-40AAL8510-30K,ÅZ,9,600,1
2022-09-09,CQS12T2-V01D,CQS12-04-F6464-K,ÅZ,9,600,1
2022-09-09,CQS16T2-V01D,CQS16-04-F6465-K,ÅZ,9,600,1
2022-09-09,PS40-V01D,S500A61T40X10X30,Åú,9,1200,42
2022-09-09,MXS12TB-V01D,P3800302-M-1,Åú,9,600,21
2022-09-09,MHY25B-V02D,P3319401-M,Åú,9,1200,9
2022-09-09,SY30MP-V03D,SY30M-20-E-1,Åú,9,1200,6
2022-09-10,CU10B3-V01D,C2U10A-AS921-20K,ÅZ,9,600,1
2022-09-10,CU20B3-V01D,C2U20A-AS923-20K,ÅZ,9,600,1
2022-09-10,CRQ15B-V02C,P4730002-D,ÅZ,9,600,1
2022-09-10,VJ30M-V01D,VJ300-8-5,ÅZ,9,600,1
2022-09-10,V100M1-V01D,V100-75-4,ÅZ,9,1200,1
2022-09-10,PS40B-V01D,S502A61T40X09X27,Åú,9,1200,28
2022-09-10,PS25-V01D,S500A61T25X06X30,Åú,9,1200,21
2022-09-10,SY50M-V01B,SY5000-20-1,Åú,9,1200,14
2022-09-10,MYB16H-V01D,MYB16LAA7163-20K,Åú,9,1200,14
2022-09-12,MB32TD-V01C,S409A63T36X32X30,ÅZ,9,600,1
2022-09-12,MB40TD-V01C,S409A63T45X40X30,ÅZ,9,600,1
2022-09-12,XLA16BN-V01B,XLA16-3-1B,Åú,9,1200,2
2022-09-12,XLA25BN-V01D,XLA25-3-1B,Åú,9,1200,2
2022-09-12,PS40-V01D,S500A61T40X10X30,Åú,9,1200,35
2022-09-12,DXT192M1-V02D,DXT192-11-3,Åù,9,600,5
2022-09-12,CUJ20A-V02D,CUJ20A-AD254-20K,Åú,9,600,21
2022-09-12,MXS08TB-V01D,P3800202-M-1,Åú,9,600,21
2022-09-12,SY30MP-V02D,SY30M-20-E-1,Åú,9,1200,8
2022-09-13,MB50TD-V01C,S409A63T55X50X30,ÅZ,9,600,1
2022-09-13,CRQ15B-V01C,P4730002-D,Åú,9,600,1
2022-09-13,XLS25B-V01B,XLS25-1-1B,ÅZ,9,1200,1
2022-09-13,MSQ50B2-V01D,P6260401-D,ÅZ,9,1200,2
2022-09-13,CXS32S3-V01D,CXS32A-BA025-20K,ÅZ,9,1200,1
2022-09-13,XLA40B2-V01B,XLA40-1B-S,Åù,9,1200,12
2022-09-13,PS40B-V01D,S502A61T40X09X27,Åú,9,1200,35
2022-09-13,MSQ10B2-V03D,P6260101-D,Åú,9,1200,24
2022-09-13,MXS12TB-V01D,P3800302-M-1,Åú,9,600,14
2022-09-14,MXS25TB-V01D,P3800602-M-2,Åú,9,1200,2
2022-09-14,CAA0T-V01C,S192A63T110X100X30,ÅZ,9,1200,1
2022-09-14,CA40T-V01C,S192A63T47X40X30,ÅZ,9,600,1
2022-09-14,MHL20B2-V01D,P3315361-M,ÅZ,9,1200,1
2022-09-14,CQ32T-V01B,C2Q32-04-J0779-K,Åú,9,1200,6
2022-09-14,SY30M-V01B,SY3000-20-1,Åú,9,1200,2
2022-09-14,CRQ20B-V01D,P4730003-D,Åú,9,1200,4
2022-09-14,CQ40T-V01B,C2Q40-04-J0780-K,Åú,9,1200,14
2022-09-14,SY50MP-V02D,SY50M-20-E-1,Åú,9,1200,3
2022-09-14,SY30MP-V02D,SY30M-20-E-1,Åú,9,1200,16
2022-09-14,MXS06TB-V01D,P3800102-M-1,Åú,9,600,4
2022-09-15,MHF12B-V01D,P4814201-M-1,ÅZ,9,600,1
2022-09-15,M1B32T-V01D,MB-32AAL8509-30K,ÅZ,9,600,1
2022-09-15,PS40-V01D,S500A61T40X10X30,Åú,9,1200,28
2022-09-15,MXS08TB-V02D,P3800202-M-1,Åú,9,600,11
2022-09-15,XLA25B2-V01B,XLA25-1B-S,Åú,9,1200,20
2022-09-15,SY50M-V01B,SY5000-20-1,Åú,9,1200,9
2022-09-15,SY30MP-V03D,SY30M-20-E-1,Åú,9,1200,2
2022-09-15,PS40-V01D,S500A61T40X10X30,Åú,9,1200,7
2022-09-16,CQS12T-V01D,CQS12-04-F6462-K,ÅZ,9,600,1
2022-09-16,NCA38TD-V01C,S183A63T43X38X30,ÅZ,9,600,1
2022-09-16,PS12-V02D,S500A61T12X04X30,ÅZ,9,600,1
2022-09-16,PS16-V02D,S500A61T16X05X30,ÅZ,9,600,1
2022-09-16,PS40B-V01D,S502A61T40X09X27,Åú,9,1200,28
2022-09-16,P5053B3-V01D,P5053-1083,Åù,9,1200,6
2022-09-16,XLA40B2-V01B,XLA40-1B-S,Åù,9,1200,12
2022-09-16,P5053B1-V01D,P5053-1081,Åù,9,1200,5
2022-09-16,SY50MP-V01D,SY50M-20-E-1,Åú,9,1200,12
2022-09-16,MXS12TB-V02D,P3800302-M-1,Åú,9,600,28
2022-09-17,MSQ10B2-V03D,P6260101-D,Åú,9,1200,23
2022-09-17,MXS20TB-V01D,P3800502-M-2,Åú,9,1200,16
2022-09-17,P5053B2-V01D,P5053-1082,Åù,9,1200,3
2022-09-17,MXS12TB-V01D,P3800302-M-1,Åú,9,600,17
2022-09-17,MXS16TB-V01D,P3800402-M-2,Åú,9,600,32
2022-09-19,PS40B-V01D,S502A61T40X09X27,Åú,9,1200,49
2022-09-19,PS25-V01D,S500A61T25X06X30,Åú,9,1200,12
2022-09-19,MYB16H-V01D,MYB16LAA7163-20K,Åú,9,1200,4
2022-09-19,NCA51TD-V01C,S183A63T56X51X30,ÅZ,9,600,1
2022-09-19,CU32B3-V01D,C2U32A-AS925-20K,ÅZ,9,1200,1
2022-09-19,MXS12TB-V01D,P3800302-M-1,Åú,9,600,16
2022-09-20,PS40-V01D,S500A61T40X10X30,Åú,9,1200,49
2022-09-20,MXS16TB-V02D,P3800402-M-2,Åú,9,600,12
2022-09-20,MXS12TB-V02D,P3800302-M-1,Åú,9,600,12
2022-09-20,CUJ20A-V02D,CUJ20A-AD254-20K,Åú,9,600,20
2022-09-21,CG80TD-V01C,S163A63T89X80X30,ÅZ,9,1200,1
2022-09-21,CXS15S3-V01D,CXS15A-BA022-20K,ÅZ,9,600,1
2022-09-21,PS40B-V01D,S502A61T40X09X27,Åú,9,1200,49
2022-09-21,XLA25B2-V01B,XLA25-1B-S,Åú,9,1200,12
2022-09-21,SY30MP-V02D,SY30M-20-E-1,Åú,9,1200,18
2022-09-22,SY30MP-V02D,SY30M-20-E-1,Åú,9,1200,18
2022-09-22,PS40-V01D,S500A61T40X10X30,Åú,9,1200,44
2022-09-22,MHL25B2-V01D,P3315461-M,ÅZ,9,1200,1
2022-09-22,V100M1-V01D,V100-75-4,ÅZ,9,1200,1
2022-09-22,VJ30M-V01D,VJ300-8-5,ÅZ,9,600,1
2022-09-23,PS25-V01D,S500A61T25X06X30,Åú,9,1200,40
2022-09-23,MXS12TB-V01D,P3800302-M-1,Åú,9,600,18
2022-09-23,CJ16C-V01D,C2J16L-AH081-30K,Åù,9,600,5
2022-09-23,CA32T-V01C,S192A63T38X32X30,ÅZ,9,600,1
2022-09-23,CQ25T3-V01B,C2Q25A-AD137A20K,ÅZ,9,600,1
2022-09-23,NCA83TD-V01C,S183A63T89X83X30,ÅZ,9,1200,1
2022-09-24,PS40-V01D,S500A61T40X10X30,Åú,9,1200,26
2022-09-24,XLA40B2-V01B,XLA40-1B-S,Åù,9,1200,12
2022-09-24,MSQ50B2-V01D,P6260401-D,Åù,9,1200,6
2022-09-24,S070M2-V01B,SS0700-50-1D,ÅZ,9,600,1
2022-09-24,MXS12TB-V01D,P3800302-M-1,Åú,9,600,28
2022-09-26,MXS25TB-V01D,P3800602-M-2,Åú,9,1200,39
2022-09-26,MXS20TB-V01D,P3800502-M-2,Åú,9,1200,27
2022-09-26,VV14M1-V02D,DXT199-20-23,Åú,9,1200,5
2022-09-26,CRQ15B-V02C,P4730002-D,Åù,9,600,5
2022-09-26,AXT663M7-V01D,AXT663-1-X448,ÅZ,9,600,1
2022-09-26,XLA25BN-V02D,XLA25-3-1B,ÅZ,9,1200,1
2022-09-26,SY30MP-V03D,SY30M-20-E-1,Åú,9,1200,3
2022-09-27,P5053B2-V01D,P5053-1082,Åú,9,1200,6
2022-09-27,CQ50T-V01B,C2Q50-04-J0781-K,Åú,9,1200,8
2022-09-27,XLA16B2-V01B,XLA16-1B-S,Åú,9,1200,14
2022-09-27,VJ30M1-V01D,VJ3000-20-1,Åú,9,600,14
2022-09-27,MXS12TB-V02D,P3800302-M-1,Åú,9,600,25
2022-09-27,MXS06TB-V01D,P3800102-M-1,Åú,9,600,10
2022-09-27,SY30MP-V02D,SY30M-20-E-1,ÅZ,9,1200,1
2022-09-27,MHF12B-V01D,P4814201-M-1,ÅZ,9,600,1
2022-09-27,CU32B3-V01D,C2U32A-AS925-20K,ÅZ,9,1200,1
2022-09-28,P5053B3-V01D,P5053-1083,Åù,9,1200,12
2022-09-28,CXS32S3-V01D,CXS32A-BA025-20K,ÅZ,9,1200,1
2022-09-28,CXS15S3-V01D,CXS15A-BA022-20K,ÅZ,9,600,1
2022-09-28,VJ10M-V01D,VJ100-16-7,Åú,9,600,7
2022-09-28,XLA25B2-V01B,XLA25-1B-S,Åú,9,1200,42
2022-09-28,MXS16TB-V01D,P3800402-M-2,Åú,9,600,31
2022-09-29,DXT192M1-V01D,DXT192-11-3,Åú,9,600,2
2022-09-29,MHY16B-V01D,P3319201-M,Åú,9,600,20
2022-09-29,MHY10B-V01D,P3319101-M,Åú,9,600,9
2022-09-29,MHY25B-V02D,P3319401-M,Åú,9,1200,5
2022-09-29,XLA16B2-V01B,XLA16-1B-S,Åú,9,1200,14
2022-09-29,MHL20B2-V01D,P3315361-M,ÅZ,9,1200,1
2022-09-29,CQS16T-V01B,CQS16-04-F6463-K,ÅZ,9,600,1
2022-09-29,DXT192M1-V02D,DXT192-11-3,Åù,9,600,2
2022-10-01,PS32-V01D,S500A61T32X08X30,Åú,9,600,28
2022-10-01,PS20A-V01D,S502A61T20X05X27,Åú,9,600,34
2022-10-01,PS16-V02D,S500A61T16X05X30,Åù,9,600,5
2022-10-01,CM25AH-V01D,C2M025K02-68715B,Åú,9,600,14
2022-10-01,V100M1-V01D,V100-75-4,ÅZ,9,1200,1
2022-10-01,VJ30M-V01D,VJ300-8-5,ÅZ,9,600,1
2022-10-03,PS32B-V01D,S502A61T32X06X27,Åú,9,600,28
2022-10-03,PS25A-V01D,S502A61T25X06X27,Åú,9,600,43
2022-10-03,XLS25B-V01B,XLS25-1-1B,ÅZ,9,1200,1
2022-10-03,MHL25B2-V01D,P3315461-M,ÅZ,9,1200,1
2022-10-03,SY30MP-V03D,SY30M-20-E-1,Åú,9,1200,8
2022-10-04,SY50MP-V01D,SY50M-20-E-1,Åú,9,1200,30
2022-10-04,XLA25B2-V01B,XLA25-1B-S,Åú,9,1200,30
2022-10-04,DXT199M1-V01D,DXT199-20-1,Åù,9,1200,5
2022-10-04,CJ06C2-V01D,C2J06LAAH080-30K,Åú,9,600,7
2022-10-04,CM25AH-V01D,C2M025K02-68715B,Åú,9,600,10
2022-10-04,SY30MP-V02D,SY30M-20-E-1,Åú,9,1200,7
2022-10-05,MB80TD-V01C,S409A63T86X80X30,ÅZ,9,1200,1
2022-10-05,CRQ10B-V01C,P4730001-D,ÅZ,9,600,1
2022-10-05,SY50MP-V02D,SY50M-20-E-1,Åú,9,1200,42
2022-10-05,MGPL12B2-V01D,MGP12A-AC901-30K,Åú,9,1200,6
2022-10-05,PS32B-V01D,S502A61T32X06X27,Åú,9,600,41
2022-10-06,MSQ50B2-V01D,P6260401-D,ÅZ,9,1200,1
2022-10-06,CQ25T3-V01B,C2Q25A-AD137A20K,ÅZ,9,600,1
2022-10-06,PS32B-V01D,S502A61T32X06X27,Åú,9,600,14
2022-10-06,P5053B1-V01D,P5053-1081,Åú,9,1200,20
2022-10-06,MHY25B-V02D,P3319401-M,Åú,9,1200,11
2022-10-06,CUJ12A-V01D,CUJ12A-AD252-20K,Åú,9,600,2
2022-10-06,CUJ16A-V01D,CUJ16A-AD253-20K,Åú,9,600,16
2022-10-06,VJ30M1-V01D,VJ3000-20-1,Åú,9,600,13
2022-10-07,CQS12T-V01D,CQS12-04-F6462-K,ÅZ,9,600,1
2022-10-07,MHL25B2-V01D,P3315461-M,ÅZ,9,1200,1
2022-10-07,MGPM20B2-V01D,MGP20A-AC893-30K,Åú,9,1200,8
2022-10-07,P5053B2-V01D,P5053-1082,Åú,9,1200,8
2022-10-07,PS16-V01D,S500A61T16X05X30,Åú,9,600,14
2022-10-07,PS20-V01D,S500A61T20X05X30,Åú,9,600,14
2022-10-07,CRQ30B-V01D,P4730004-D,Åú,9,1200,11
2022-10-07,MGPL16B2-V01D,MGP16A-AC902-30K,Åú,9,1200,6
2022-10-10,CRQ20B-V02D,P4730003-D,ÅZ,9,1200,1
2022-10-10,M1B32T-V01D,MB-32AAL8509-30K,ÅZ,9,600,1
2022-10-10,VJ30M1-V01D,VJ3000-20-1,Åú,9,600,12
2022-10-10,MB32C-V01D,MB-32-32-C6776-K,Åù,9,1200,6
2022-10-10,SY50MP-V02D,SY50M-20-E-1,Åú,9,1200,17
2022-10-10,XLA16B2-V01B,XLA16-1B-S,Åú,9,1200,12
2022-10-10,SY30MP-V03D,SY30M-20-E-1,Åú,9,1200,2
2022-10-11,MB40C-V01D,MB-40-32-C6777-K,Åù,9,1200,6
2022-10-11,CJ06C2-V01D,C2J06LAAH080-30K,Åú,9,600,2
2022-10-11,CXS15S3-V01D,CXS15A-BA022-20K,ÅZ,9,600,1
2022-10-11,CQS20T-V01D,CQS20-04-F6466-K,ÅZ,9,600,1
2022-10-11,PS16-V01D,S500A61T16X05X30,Åú,9,600,35
2022-10-11,PS20A-V01D,S502A61T20X05X27,Åú,9,600,17
2022-10-11,CUJ16A-V01D,CUJ16A-AD253-20K,Åú,9,600,11
2022-10-12,CQ63T3-V01C,C2Q63A-AD141A20K,ÅZ,9,1200,1
2022-10-12,XLS25B-V01B,XLS25-1-1B,ÅZ,9,1200,1
2022-10-12,CQS25T-V01D,CQS25-04-F6467-K,ÅZ,9,600,1
2022-10-12,S070M2-V01B,SS0700-50-1D,ÅZ,9,600,1
2022-10-12,PS20-V01D,S500A61T20X05X30,Åú,9,600,28
2022-10-12,PS32B-V01D,S502A61T32X06X27,Åú,9,600,21
2022-10-12,MGJ06B-V01D,MGJ06K-BA394-20K,Åù,9,600,5
2022-10-12,MGJ10B-V01D,MGJ10K-BA395-20K,Åù,9,600,5
2022-10-12,SY30MP-V02D,SY30M-20-E-1,Åú,9,1200,6
2022-10-13,MHF12B-V01D,P4814201-M-1,ÅZ,9,600,1
2022-10-13,CXS32S3-V01D,CXS32A-BA025-20K,ÅZ,9,1200,1
2022-10-13,MGPL20B2-V01D,MGP20A-AC903-30K,Åú,9,1200,8
2022-10-13,PS32-V01D,S500A61T32X08X30,Åú,9,600,35
2022-10-13,PS63-V01D,S500A61T63X14X20,Åú,9,1200,21
2022-10-13,MXH16P-V01D,MXH16-47A7630K-K,Åù,9,1200,6
2022-10-13,SY50MP-V01D,SY50M-20-E-1,Åú,9,1200,14
2022-10-13,AXT663M5-V01D,AXT663-1-X439,Åù,9,600,5
2022-10-14,MHL16B2-V01D,P3315261-M,ÅZ,9,1200,1
2022-10-14,V100M4-V01D,V100-75-25,Åù,9,1200,5
2022-10-14,MGPL25B2-V01D,MGP25A-AC904-30K,Åú,9,1200,8
2022-10-14,MGPM32B2-V01D,MGP32A-AC895-30K,Åú,9,1200,36
2022-10-14,PS16-V01D,S500A61T16X05X30,Åú,9,600,12
2022-10-14,SY30MP-V03D,SY30M-20-E-1,Åú,9,1200,4
2022-10-15,PS16-V01D,S500A61T16X05X30,Åú,9,600,28
2022-10-15,PS25A-V01D,S502A61T25X06X27,Åú,9,600,28
2022-10-15,SY50MP-V01D,SY50M-20-E-1,Åú,9,1200,32
2022-10-17,SY30MP-V02D,SY30M-20-E-1,Åú,9,1200,21
2022-10-17,PS32B-V01D,S502A61T32X06X27,Åú,9,600,28
2022-10-17,MGPL32B2-V01D,MGP32A-AC905-30K,Åú,9,1200,8
2022-10-17,MGPL40B2-V01D,MGP40A-AC906-30K,Åú,9,1200,12
2022-10-18,MHL20B2-V01D,P3315361-M,ÅZ,9,1200,1
2022-10-18,MSQ50B2-V01D,P6260401-D,ÅZ,9,1200,2
2022-10-18,CUJ12A-V01D,CUJ12A-AD252-20K,Åú,9,600,7
2022-10-18,VJ30M3-V01D,VJ3000-20-10,Åù,9,600,5
2022-10-18,VP300M-V01D,VP300-22,Åù,9,1200,5
2022-10-18,MGPM25B2-V01D,MGP25A-AC894-30K,Åú,9,1200,24
2022-10-18,PS16-V02D,S500A61T16X05X30,Åú,9,600,14
2022-10-18,SY30MP-V03D,SY30M-20-E-1,Åú,9,1200,14
2022-10-19,SY30MP-V03D,SY30M-20-E-1,Åú,9,1200,14
2022-10-19,PS20-V01D,S500A61T20X05X30,Åú,9,600,28
2022-10-19,PS32-V01D,S500A61T32X08X30,Åú,9,600,19
