,,,,,,,2021îN1åé,,,2021îN2åé,,,2021îN3åé,,,2021îN4åé,,,2021îN5åé,,,2021îN6åé,,,2021îN7åé,,,2021îN8åé,,,2021îN9åé,,,2021îN10åé,,,2021îN11åé,,,2021îN12åé,,
ã@éÌ,ÉVÉäÅ[ÉY,ïiî‘,å^î‘,çﬁéø,îMèàóù,íPèd,ééâü,ó éé,ó éY,ééâü,ó éé,ó éY,ééâü,ó éé,ó éY,ééâü,ó éé,ó éY,ééâü,ó éé,ó éY,ééâü,ó éé,ó éY,ééâü,ó éé,ó éY,ééâü,ó éé,ó éY,ééâü,ó éé,ó éY,ééâü,ó éé,ó éY,ééâü,ó éé,ó éY,ééâü,ó éé,ó éY
,,C1G20K02-AM405,CG20H2-V01D,A6061,T6,1.515,0.000000000,0.000000000,0.000000000,0.000000000,0.000000000,0.000000000,0.000000000,0.000000000,0.000000000,0.000000000,0.000000000,0.000000000,0.000000000,0.000000000,0.000000000,0.000000000,0.000000000,0.000000000,0.000000000,0.000000000,0.000000000,0.000000000,0.000000000,0.000000000,0.000000000,0.000000000,0.000000000,0.000000000,0.000000000,0.000000000,0.000000000,0.000000000,0.000000000,0.000000000,0.000000000,0.000000000
,,C1G25K02-AM406,CG25H2-V01D,A6061,T6,2.142,0.000000000,0.000000000,0.000000000,0.000000000,0.000000000,0.000000000,0.000000000,0.000000000,0.000000000,0.000000000,0.000000000,0.000000000,0.000000000,0.000000000,0.000000000,0.000000000,0.000000000,0.000000000,0.000000000,0.000000000,0.000000000,0.000000000,0.000000000,0.000000000,0.000000000,0.000000000,0.000000000,0.000000000,0.000000000,0.000000000,0.000000000,0.000000000,0.000000000,0.000000000,0.000000000,0.000000000
,,C1G32L-AT033-30K,CG32H3-V01D,A6061,T6,2.572,0.000000000,0.000000000,0.000000000,0.000000000,0.000000000,0.000000000,0.000000000,0.000000000,0.000000000,0.000000000,0.000000000,0.000000000,0.000000000,0.000000000,0.000000000,0.000000000,0.000000000,0.000000000,0.000000000,0.000000000,0.000000000,0.000000000,0.000000000,0.000000000,0.000000000,0.000000000,0.000000000,0.000000000,0.000000000,0.000000000,0.000000000,0.000000000,0.000000000,0.000000000,0.000000000,0.000000000
,,C1G32L-M3322-20K,CG32H-V01C,A6061,T6,3.224,0.000000000,0.000000000,0.000000000,0.000000000,0.000000000,0.000000000,0.000000000,0.000000000,0.000000000,0.000000000,0.000000000,0.000000000,0.000000000,0.000000000,0.000000000,0.000000000,0.000000000,0.000000000,0.000000000,0.000000000,0.000000000,0.000000000,0.000000000,0.000000000,0.000000000,0.000000000,0.000000000,0.000000000,0.000000000,0.000000000,0.264600000,0.000000000,0.000000000,0.000000000,0.000000000,0.000000000
,,C1G40L-AT034-30K,CG40H3-V01D,A6061,T6,3.859,0.000000000,0.000000000,0.000000000,0.000000000,0.000000000,0.000000000,0.000000000,0.000000000,0.000000000,0.000000000,0.000000000,0.000000000,0.000000000,0.000000000,0.000000000,0.000000000,0.000000000,0.000000000,0.000000000,0.000000000,0.000000000,0.000000000,0.000000000,0.000000000,0.000000000,0.000000000,0.000000000,0.000000000,0.000000000,0.000000000,0.000000000,0.000000000,0.000000000,0.000000000,0.000000000,0.000000000
,,C1G40L-M3323-20K,CG40H-V01C,A6061,T6,4.843,0.000000000,0.000000000,0.000000000,0.000000000,0.000000000,0.000000000,0.000000000,0.000000000,0.000000000,0.000000000,0.000000000,0.000000000,0.000000000,0.000000000,0.000000000,0.000000000,0.000000000,0.000000000,0.000000000,0.000000000,0.000000000,0.000000000,0.000000000,0.000000000,0.000000000,0.000000000,0.000000000,0.000000000,0.000000000,0.000000000,0.396900000,0.000000000,0.000000000,0.000000000,0.000000000,0.000000000
,,C1G50L-AT035-30K,CG50H3-V01D,A6061,T6,5.944,0.000000000,0.000000000,0.000000000,0.000000000,0.000000000,0.000000000,0.000000000,0.000000000,0.000000000,0.000000000,0.000000000,0.000000000,0.000000000,0.000000000,0.000000000,0.000000000,0.000000000,0.000000000,0.000000000,0.000000000,0.000000000,0.000000000,0.000000000,0.000000000,0.000000000,0.000000000,0.000000000,0.000000000,0.000000000,0.000000000,0.000000000,0.000000000,0.000000000,0.000000000,0.000000000,0.000000000
,,C1G50L-M3324-20K,CG50H-V01C,A6061,T6,7.6,0.000000000,0.000000000,0.000000000,0.000000000,0.000000000,0.000000000,0.000000000,0.000000000,0.000000000,0.000000000,0.000000000,0.000000000,0.000000000,0.000000000,0.000000000,0.000000000,0.000000000,0.000000000,0.000000000,0.000000000,0.000000000,0.000000000,0.000000000,0.000000000,0.000000000,0.000000000,0.000000000,0.000000000,0.000000000,0.000000000,0.000000000,0.000000000,0.000000000,0.000000000,0.000000000,0.000000000
,,C1G63L-AT036-30K,CG63H3-V01D,A6061,T6,9.86,0.000000000,0.000000000,0.000000000,0.000000000,0.000000000,0.000000000,0.000000000,0.000000000,0.000000000,0.000000000,0.000000000,0.000000000,0.000000000,0.000000000,0.000000000,0.000000000,0.000000000,0.000000000,0.000000000,0.000000000,0.000000000,0.000000000,0.000000000,0.000000000,0.000000000,0.000000000,0.000000000,0.000000000,0.000000000,0.000000000,0.000000000,0.000000000,0.000000000,0.000000000,0.000000000,0.000000000
,,C2J06LAAH080-30K,CJ06C2-V01D,6N01,T6,0.356,0.000000000,0.000000000,0.000000000,0.000000000,0.000000000,0.000000000,0.000000000,0.000000000,0.000000000,0.000000000,0.000000000,0.000000000,0.000000000,0.000000000,0.000000000,0.000000000,0.000000000,0.000000000,0.000000000,0.000000000,0.000000000,0.000000000,0.000000000,0.000000000,0.000000000,0.000000000,0.000000000,0.000000000,0.000000000,0.000000000,0.000000000,0.000000000,0.000000000,0.066150000,0.000000000,0.000000000
,,C2J06LBAH080-30K,CJ06C-V01D,6N01,T6,0.153,0.000000000,0.000000000,0.000000000,0.000000000,0.000000000,0.000000000,0.000000000,0.000000000,0.000000000,0.000000000,0.000000000,0.000000000,0.000000000,0.000000000,0.000000000,0.000000000,0.000000000,0.000000000,0.000000000,0.000000000,0.000000000,0.000000000,0.000000000,0.000000000,0.000000000,0.000000000,0.000000000,0.000000000,0.000000000,0.000000000,0.000000000,0.000000000,0.000000000,0.066150000,0.000000000,0.000000000
,,C2J06Y-AH080-30K,CJ06RT-V01D,6N01,T6,0.273,0.000000000,0.000000000,0.000000000,0.000000000,0.000000000,0.000000000,0.000000000,0.000000000,0.000000000,0.000000000,0.000000000,0.000000000,0.000000000,0.000000000,0.000000000,0.000000000,0.000000000,0.000000000,0.000000000,0.000000000,0.000000000,0.000000000,0.000000000,0.000000000,0.000000000,0.000000000,0.000000000,0.000000000,0.000000000,0.000000000,0.000000000,0.000000000,0.000000000,0.066150000,0.000000000,0.000000000
,,C2M020K02-68714B,CM20AH-V01D,6N01,T6,1.336,0.000000000,0.000000000,0.000000000,0.000000000,0.000000000,0.000000000,0.000000000,0.000000000,0.000000000,0.000000000,0.000000000,0.000000000,0.000000000,0.000000000,0.000000000,0.000000000,0.000000000,0.000000000,0.000000000,0.000000000,0.000000000,0.000000000,0.000000000,0.000000000,0.000000000,0.000000000,0.000000000,0.000000000,0.000000000,0.000000000,0.132300000,0.000000000,0.000000000,0.000000000,0.000000000,0.000000000
,,C2M025K02-68715B,CM25AH-V01D,6N01,T6,2.003,0.000000000,0.000000000,0.000000000,0.000000000,0.000000000,0.000000000,0.000000000,0.000000000,0.000000000,0.000000000,0.000000000,0.000000000,0.000000000,0.000000000,0.000000000,0.000000000,0.000000000,0.000000000,0.000000000,0.000000000,0.000000000,0.000000000,0.000000000,0.000000000,0.000000000,0.000000000,0.000000000,0.000000000,0.000000000,0.000000000,0.198450000,0.000000000,0.000000000,0.000000000,0.000000000,0.000000000
,,C2M032K02-68716B,CM32AH-V01D,6N01,T6,2.546,0.000000000,0.000000000,0.000000000,0.000000000,0.000000000,0.000000000,0.000000000,0.000000000,0.000000000,0.000000000,0.000000000,0.000000000,0.000000000,0.000000000,0.000000000,0.000000000,0.000000000,0.000000000,0.000000000,0.000000000,0.000000000,0.000000000,0.000000000,0.000000000,0.000000000,0.000000000,0.000000000,0.000000000,0.000000000,0.000000000,0.264600000,0.000000000,0.000000000,0.000000000,0.000000000,0.000000000
,,C2M040K02-68717B,CM40AH-V01D,6N01,T6,3.93,0.000000000,0.000000000,0.000000000,0.000000000,0.000000000,0.000000000,0.000000000,0.000000000,0.000000000,0.000000000,0.000000000,0.000000000,0.000000000,0.000000000,0.000000000,0.000000000,0.000000000,0.000000000,0.000000000,0.000000000,0.000000000,0.000000000,0.000000000,0.000000000,0.000000000,0.000000000,0.000000000,0.000000000,0.000000000,0.000000000,0.396900000,0.000000000,0.000000000,0.000000000,0.000000000,0.000000000
,,C2Q020K31-49998A,CQ20K-V01D,A6061,T6,0.882,0.000000000,0.000000000,0.000000000,0.000000000,0.000000000,0.000000000,0.000000000,0.000000000,0.000000000,0.000000000,0.000000000,0.000000000,0.000000000,0.000000000,0.000000000,0.000000000,0.000000000,0.000000000,0.000000000,0.000000000,0.000000000,0.000000000,0.000000000,0.000000000,0.000000000,0.000000000,0.000000000,0.000000000,0.000000000,0.000000000,0.000000000,0.000000000,0.000000000,0.000000000,0.000000000,0.000000000
,,C2Q12G-P1280-30K,CQ12G-V01C,A6061,T6,0.386,0.000000000,0.000000000,0.000000000,0.000000000,0.000000000,0.000000000,0.000000000,0.000000000,0.000000000,0.000000000,0.000000000,0.000000000,0.000000000,0.000000000,0.000000000,0.000000000,0.000000000,0.000000000,0.000000000,0.000000000,0.000000000,0.000000000,0.000000000,0.000000000,0.000000000,0.000000000,0.000000000,0.000000000,0.000000000,0.000000000,0.132300000,0.000000000,0.000000000,0.066150000,0.000000000,0.000000000
,,C2Q16G-P1281-30K,CQ16G-V01C,A6061,T6,0.726,0.000000000,0.000000000,0.000000000,0.000000000,0.000000000,0.000000000,0.000000000,0.000000000,0.000000000,0.000000000,0.000000000,0.000000000,0.000000000,0.000000000,0.000000000,0.000000000,0.000000000,0.000000000,0.000000000,0.000000000,0.000000000,0.000000000,0.000000000,0.000000000,0.000000000,0.000000000,0.000000000,0.000000000,0.000000000,0.000000000,0.198450000,0.000000000,0.000000000,0.000000000,0.000000000,0.000000000
,,C2Q20G-P1282-30K,CQ20G-V01C,A6061,T6,1.074,0.000000000,0.000000000,0.000000000,0.000000000,0.000000000,0.000000000,0.000000000,0.000000000,0.000000000,0.000000000,0.000000000,0.000000000,0.000000000,0.000000000,0.000000000,0.000000000,0.000000000,0.000000000,0.000000000,0.000000000,0.000000000,0.000000000,0.000000000,0.000000000,0.000000000,0.000000000,0.000000000,0.000000000,0.000000000,0.000000000,0.264600000,0.000000000,0.000000000,0.066150000,0.000000000,0.000000000
,,C2Q25G-P1283-30K,CQ25G-V01C,A6061,T6,1.512,0.000000000,0.000000000,0.000000000,0.000000000,0.000000000,0.000000000,0.000000000,0.000000000,0.000000000,0.000000000,0.000000000,0.000000000,0.000000000,0.000000000,0.000000000,0.000000000,0.000000000,0.000000000,0.000000000,0.000000000,0.000000000,0.000000000,0.000000000,0.000000000,0.000000000,0.000000000,0.000000000,0.000000000,0.000000000,0.000000000,0.264600000,0.000000000,0.000000000,0.132300000,0.000000000,0.000000000
,,C2Q32G-P1284-30K,CQ32G-V01C,A6061,T6,2.524,0.000000000,0.000000000,0.000000000,0.000000000,0.000000000,0.000000000,0.000000000,0.000000000,0.000000000,0.000000000,0.000000000,0.000000000,0.000000000,0.000000000,0.000000000,0.000000000,0.000000000,0.000000000,0.000000000,0.000000000,0.000000000,0.000000000,0.000000000,0.000000000,0.000000000,0.000000000,0.000000000,0.000000000,0.000000000,0.000000000,0.396900000,0.000000000,0.000000000,0.132300000,0.000000000,0.000000000
,,C2Q40G-P1285-30K,CQ40G-V01C,A6061,T6,3.83,0.000000000,0.000000000,0.000000000,0.000000000,0.000000000,0.000000000,0.000000000,0.000000000,0.000000000,0.000000000,0.000000000,0.000000000,0.000000000,0.000000000,0.000000000,0.000000000,0.000000000,0.000000000,0.000000000,0.000000000,0.000000000,0.000000000,0.000000000,0.000000000,0.000000000,0.000000000,0.000000000,0.000000000,0.000000000,0.000000000,0.661500000,0.000000000,0.000000000,0.132300000,0.000000000,0.000000000
,,C3G20K02-AG001,CG20R3-V01D,A6061,T6,1.344,0.000000000,0.000000000,0.000000000,0.000000000,0.000000000,0.000000000,0.000000000,0.000000000,0.000000000,0.000000000,0.000000000,0.000000000,0.000000000,0.000000000,0.000000000,0.000000000,0.000000000,0.000000000,0.000000000,0.000000000,0.000000000,0.000000000,0.000000000,0.000000000,0.000000000,0.000000000,0.000000000,0.000000000,0.000000000,0.000000000,0.000000000,0.000000000,0.000000000,0.000000000,0.000000000,0.000000000
,,C3G25K02-AG002,CG25R3-V01D,A6061,T6,1.885,0.000000000,0.000000000,0.000000000,0.000000000,0.000000000,0.000000000,0.000000000,0.000000000,0.000000000,0.000000000,0.000000000,0.000000000,0.000000000,0.000000000,0.000000000,0.000000000,0.000000000,0.000000000,0.000000000,0.000000000,0.000000000,0.000000000,0.000000000,0.000000000,0.000000000,0.000000000,0.000000000,0.000000000,0.000000000,0.000000000,0.000000000,0.000000000,0.000000000,0.000000000,0.000000000,0.000000000
,,C3G32K02-AG003,CG32R3-V01D,A6061,T6,2.824,0.000000000,0.000000000,0.000000000,0.000000000,0.000000000,0.000000000,0.000000000,0.000000000,0.000000000,0.000000000,0.000000000,0.000000000,0.000000000,0.000000000,0.000000000,0.000000000,0.000000000,0.000000000,0.000000000,0.000000000,0.000000000,0.000000000,0.000000000,0.000000000,0.000000000,0.000000000,0.000000000,0.000000000,0.000000000,0.000000000,0.000000000,0.000000000,0.000000000,0.000000000,0.000000000,0.000000000
,,C3G40K02-AG004,CG40R3-V01D,A6061,T6,4.313,0.000000000,0.000000000,0.000000000,0.000000000,0.000000000,0.000000000,0.000000000,0.000000000,0.000000000,0.000000000,0.000000000,0.000000000,0.000000000,0.000000000,0.000000000,0.000000000,0.000000000,0.000000000,0.000000000,0.000000000,0.000000000,0.000000000,0.000000000,0.000000000,0.000000000,0.000000000,0.000000000,0.000000000,0.000000000,0.000000000,0.000000000,0.000000000,0.000000000,0.000000000,0.000000000,0.000000000
,,C3G50K02-AG005,CG50R3-V01D,A6061,T6,6.477,0.000000000,0.000000000,0.000000000,0.000000000,0.000000000,0.000000000,0.000000000,0.000000000,0.000000000,0.000000000,0.000000000,0.000000000,0.000000000,0.000000000,0.000000000,0.000000000,0.000000000,0.000000000,0.000000000,0.000000000,0.000000000,0.000000000,0.000000000,0.000000000,0.000000000,0.000000000,0.000000000,0.000000000,0.000000000,0.000000000,0.000000000,0.000000000,0.000000000,0.000000000,0.000000000,0.000000000
,,C3G63K02-AG006,CG63R3-V01D,A6061,T6,10.388,0.000000000,0.000000000,0.000000000,0.000000000,0.000000000,0.000000000,0.000000000,0.000000000,0.000000000,0.000000000,0.000000000,0.000000000,0.000000000,0.000000000,0.000000000,0.000000000,0.000000000,0.000000000,0.000000000,0.000000000,0.000000000,0.000000000,0.000000000,0.000000000,0.000000000,0.000000000,0.000000000,0.000000000,0.000000000,0.000000000,0.000000000,0.000000000,0.000000000,0.000000000,0.000000000,0.000000000
,,C8512M-AF117-25K,CJ12P-V01D,A6063,T5,0.308,0.000000000,0.000000000,0.000000000,0.000000000,0.000000000,0.000000000,0.000000000,0.000000000,0.000000000,0.000000000,0.000000000,0.000000000,0.000000000,0.000000000,0.000000000,0.000000000,0.000000000,0.000000000,0.000000000,0.000000000,0.000000000,0.000000000,0.000000000,0.000000000,0.000000000,0.000000000,0.000000000,0.000000000,0.000000000,0.000000000,0.000000000,0.000000000,0.000000000,0.066150000,0.000000000,0.000000000
,,CG-040K02-35903A,CG40R-V01D,A6061,T6,4.226,0.000000000,0.000000000,0.000000000,0.000000000,0.000000000,0.000000000,0.000000000,0.000000000,0.000000000,0.000000000,0.000000000,0.000000000,0.000000000,0.000000000,0.000000000,0.000000000,0.000000000,0.000000000,0.000000000,0.000000000,0.000000000,0.000000000,0.000000000,0.000000000,0.000000000,0.000000000,0.000000000,0.000000000,0.000000000,0.000000000,0.000000000,0.000000000,0.000000000,0.000000000,0.000000000,0.000000000
,,CXS06A-R6000-20K,CXS06S3-V01D,A6063,T5,0.826,0.000000000,0.000000000,0.000000000,0.000000000,0.000000000,0.000000000,0.000000000,0.000000000,0.000000000,0.000000000,0.000000000,0.000000000,0.000000000,0.000000000,0.000000000,0.000000000,0.000000000,0.000000000,0.000000000,0.000000000,0.000000000,0.000000000,0.000000000,0.000000000,0.000000000,0.000000000,0.000000000,0.000000000,0.000000000,0.000000000,0.000000000,0.000000000,0.000000000,0.066150000,0.000000000,0.000000000
,,CXS10A-R6001-20K,CXS10S3-V01D,A6063,T5,1.12,0.000000000,0.000000000,0.000000000,0.000000000,0.000000000,0.000000000,0.000000000,0.000000000,0.000000000,0.000000000,0.000000000,0.000000000,0.000000000,0.000000000,0.000000000,0.000000000,0.000000000,0.000000000,0.000000000,0.000000000,0.000000000,0.000000000,0.000000000,0.000000000,0.000000000,0.000000000,0.000000000,0.000000000,0.000000000,0.000000000,0.000000000,0.000000000,0.000000000,0.066150000,0.000000000,0.000000000
,,CXS15A-BA022-20K,CXS15S3-V01D,A6063,T5,1.612,0.000000000,0.000000000,0.000000000,0.000000000,0.000000000,0.000000000,0.000000000,0.000000000,0.000000000,0.000000000,0.000000000,0.000000000,0.000000000,0.000000000,0.000000000,0.000000000,0.000000000,0.000000000,0.000000000,0.000000000,0.000000000,0.000000000,0.000000000,0.000000000,0.000000000,0.000000000,0.000000000,0.000000000,0.000000000,0.000000000,0.000000000,0.000000000,0.000000000,0.066150000,0.000000000,0.000000000
,,CXS20A-BA023-20K,CXS20S3-V01D,A6063,T5,2.082,0.000000000,0.000000000,0.000000000,0.000000000,0.000000000,0.000000000,0.000000000,0.000000000,0.000000000,0.000000000,0.000000000,0.000000000,0.000000000,0.000000000,0.000000000,0.000000000,0.000000000,0.000000000,0.000000000,0.000000000,0.000000000,0.000000000,0.000000000,0.000000000,0.000000000,0.000000000,0.000000000,0.000000000,0.000000000,0.000000000,0.000000000,0.000000000,0.000000000,0.000000000,0.000000000,0.000000000
,,CXS25A-BA024-20K,CXS25S3-V01D,A6063,T5,2.768,0.000000000,0.000000000,0.000000000,0.000000000,0.000000000,0.000000000,0.000000000,0.000000000,0.000000000,0.000000000,0.000000000,0.000000000,0.000000000,0.000000000,0.000000000,0.000000000,0.000000000,0.000000000,0.000000000,0.000000000,0.000000000,0.000000000,0.000000000,0.000000000,0.000000000,0.000000000,0.000000000,0.000000000,0.000000000,0.000000000,0.000000000,0.000000000,0.000000000,0.000000000,0.000000000,0.000000000
,,CXS32A-BA025-20K,CXS32S3-V01D,A6063,T5,4.467,0.000000000,0.000000000,0.000000000,0.000000000,0.000000000,0.000000000,0.000000000,0.000000000,0.000000000,0.000000000,0.000000000,0.000000000,0.000000000,0.000000000,0.000000000,0.000000000,0.000000000,0.000000000,0.000000000,0.000000000,0.000000000,0.000000000,0.000000000,0.000000000,0.000000000,0.000000000,0.000000000,0.000000000,0.000000000,0.000000000,0.000000000,0.000000000,0.000000000,0.000000000,0.000000000,0.000000000
,,MGP12A-AC891-30K,MGPM12B2-V01D,A6063,T5,2.55,0.000000000,0.000000000,0.000000000,0.000000000,0.000000000,0.000000000,0.000000000,0.000000000,0.000000000,0.000000000,0.000000000,0.000000000,0.000000000,0.000000000,0.000000000,0.000000000,0.000000000,0.000000000,0.000000000,0.000000000,0.000000000,0.000000000,0.000000000,0.000000000,0.000000000,0.000000000,0.000000000,0.000000000,0.000000000,0.000000000,0.264600000,0.000000000,0.000000000,0.000000000,0.000000000,0.000000000
,,MGP12A-AC901-30K,MGPL12B2-V01D,A6063,T5,2.46,0.000000000,0.000000000,0.000000000,0.000000000,0.000000000,0.000000000,0.000000000,0.000000000,0.000000000,0.000000000,0.000000000,0.000000000,0.000000000,0.000000000,0.000000000,0.000000000,0.000000000,0.000000000,0.000000000,0.000000000,0.000000000,0.000000000,0.000000000,0.000000000,0.000000000,0.000000000,0.000000000,0.000000000,0.000000000,0.000000000,0.000000000,0.000000000,0.000000000,0.000000000,0.000000000,0.000000000
,,MGP16A-AC892-30K,MGPM16B2-V01D,A6063,T5,3.26,0.000000000,0.000000000,0.000000000,0.000000000,0.000000000,0.000000000,0.000000000,0.000000000,0.000000000,0.000000000,0.000000000,0.000000000,0.000000000,0.000000000,0.000000000,0.000000000,0.000000000,0.000000000,0.000000000,0.000000000,0.000000000,0.000000000,0.000000000,0.000000000,0.000000000,0.000000000,0.000000000,0.000000000,0.000000000,0.000000000,0.132300000,0.000000000,0.000000000,0.000000000,0.000000000,0.000000000
,,MGP16A-AC902-30K,MGPL16B2-V01D,A6063,T5,3.04,0.000000000,0.000000000,0.000000000,0.000000000,0.000000000,0.000000000,0.000000000,0.000000000,0.000000000,0.000000000,0.000000000,0.000000000,0.000000000,0.000000000,0.000000000,0.000000000,0.000000000,0.000000000,0.000000000,0.000000000,0.000000000,0.000000000,0.000000000,0.000000000,0.000000000,0.000000000,0.000000000,0.000000000,0.000000000,0.000000000,0.000000000,0.000000000,0.000000000,0.000000000,0.000000000,0.000000000
,,MGP20A-AC893-30K,MGPM20B2-V01D,A6063,T5,5.03,0.000000000,0.000000000,0.000000000,0.000000000,0.000000000,0.000000000,0.000000000,0.000000000,0.000000000,0.000000000,0.000000000,0.000000000,0.000000000,0.000000000,0.000000000,0.000000000,0.000000000,0.000000000,0.000000000,0.000000000,0.000000000,0.000000000,0.000000000,0.000000000,0.000000000,0.000000000,0.000000000,0.000000000,0.000000000,0.000000000,0.132300000,0.000000000,0.000000000,0.000000000,0.000000000,0.000000000
,,MGP20A-AC903-30K,MGPL20B2-V01D,A6063,T5,4.49,0.000000000,0.000000000,0.000000000,0.000000000,0.000000000,0.000000000,0.000000000,0.000000000,0.000000000,0.000000000,0.000000000,0.000000000,0.000000000,0.000000000,0.000000000,0.000000000,0.000000000,0.000000000,0.000000000,0.000000000,0.000000000,0.000000000,0.000000000,0.000000000,0.000000000,0.000000000,0.000000000,0.000000000,0.000000000,0.000000000,0.000000000,0.000000000,0.000000000,0.000000000,0.000000000,0.000000000
,,MGP25A-AC894-30K,MGPM25B2-V01D,A6063,T5,6.19,0.000000000,0.000000000,0.000000000,0.000000000,0.000000000,0.000000000,0.000000000,0.000000000,0.000000000,0.000000000,0.000000000,0.000000000,0.000000000,0.000000000,0.000000000,0.000000000,0.000000000,0.000000000,0.000000000,0.000000000,0.000000000,0.000000000,0.000000000,0.000000000,0.000000000,0.000000000,0.000000000,0.000000000,0.000000000,0.000000000,0.000000000,0.000000000,0.000000000,0.132300000,0.000000000,0.000000000
,,MGP25A-AC904-30K,MGPL25B2-V01D,A6063,T5,5.51,0.000000000,0.000000000,0.000000000,0.000000000,0.000000000,0.000000000,0.000000000,0.000000000,0.000000000,0.000000000,0.000000000,0.000000000,0.000000000,0.000000000,0.000000000,0.000000000,0.000000000,0.000000000,0.000000000,0.000000000,0.000000000,0.000000000,0.000000000,0.000000000,0.000000000,0.000000000,0.000000000,0.000000000,0.000000000,0.000000000,0.000000000,0.000000000,0.000000000,0.000000000,0.000000000,0.000000000
,,MGP32A-AC895-30K,MGPM32B2-V01D,A6063,T5,8.15,0.000000000,0.000000000,0.000000000,0.000000000,0.000000000,0.000000000,0.000000000,0.000000000,0.000000000,0.000000000,0.000000000,0.000000000,0.000000000,0.000000000,0.000000000,0.000000000,0.000000000,0.000000000,0.000000000,0.000000000,0.000000000,0.000000000,0.000000000,0.000000000,0.000000000,0.000000000,0.000000000,0.000000000,0.000000000,0.000000000,0.000000000,0.000000000,0.000000000,0.000000000,0.000000000,0.000000000
,,MGP32A-AC905-30K,MGPL32B2-V01D,A6063,T5,7.11,0.000000000,0.000000000,0.000000000,0.000000000,0.000000000,0.000000000,0.000000000,0.000000000,0.000000000,0.000000000,0.000000000,0.000000000,0.000000000,0.000000000,0.000000000,0.000000000,0.000000000,0.000000000,0.000000000,0.000000000,0.000000000,0.000000000,0.000000000,0.000000000,0.000000000,0.000000000,0.000000000,0.000000000,0.000000000,0.000000000,0.000000000,0.000000000,0.000000000,0.000000000,0.000000000,0.000000000
,,MGP40A-AC896-30K,MGPM40B2-V01D,A6063,T5,9.68,0.000000000,0.000000000,0.000000000,0.000000000,0.000000000,0.000000000,0.000000000,0.000000000,0.000000000,0.000000000,0.000000000,0.000000000,0.000000000,0.000000000,0.000000000,0.000000000,0.000000000,0.000000000,0.000000000,0.000000000,0.000000000,0.000000000,0.000000000,0.000000000,0.000000000,0.000000000,0.000000000,0.000000000,0.000000000,0.000000000,0.000000000,0.000000000,0.000000000,0.000000000,0.000000000,0.000000000
,,MGP40A-AC906-30K,MGPL40B2-V01D,A6063,T5,8.64,0.000000000,0.000000000,0.000000000,0.000000000,0.000000000,0.000000000,0.000000000,0.000000000,0.000000000,0.000000000,0.000000000,0.000000000,0.000000000,0.000000000,0.000000000,0.000000000,0.000000000,0.000000000,0.000000000,0.000000000,0.000000000,0.000000000,0.000000000,0.000000000,0.000000000,0.000000000,0.000000000,0.000000000,0.000000000,0.000000000,0.000000000,0.000000000,0.000000000,0.000000000,0.000000000,0.000000000
,,S500A61T20X05X30,PS20-V01D,A6061,T6,0.856,0.000000000,0.000000000,0.000000000,0.000000000,0.000000000,0.000000000,0.000000000,0.000000000,0.000000000,0.000000000,0.000000000,0.000000000,0.000000000,0.000000000,0.000000000,0.000000000,0.000000000,0.000000000,0.000000000,0.000000000,0.000000000,0.000000000,0.000000000,0.000000000,0.000000000,0.000000000,0.000000000,0.000000000,0.000000000,0.000000000,0.000000000,0.000000000,0.000000000,0.000000000,0.000000000,0.000000000
,,S500A61T25X06X30,PS25-V01D,A6061,T6,1.253,0.000000000,0.000000000,0.000000000,0.000000000,0.000000000,0.000000000,0.000000000,0.000000000,0.000000000,0.000000000,0.000000000,0.000000000,0.000000000,0.000000000,0.000000000,0.000000000,0.000000000,0.000000000,0.000000000,0.000000000,0.000000000,0.000000000,0.000000000,0.000000000,0.000000000,0.000000000,0.000000000,0.000000000,0.000000000,0.000000000,0.000000000,0.000000000,0.000000000,0.000000000,0.000000000,0.000000000
,,S500A61T32X08X30,PS32-V01D,A6061,T6,2.06,0.000000000,0.000000000,0.000000000,0.000000000,0.000000000,0.000000000,0.000000000,0.000000000,0.000000000,0.000000000,0.000000000,0.000000000,0.000000000,0.000000000,0.000000000,0.000000000,0.000000000,0.000000000,0.000000000,0.000000000,0.000000000,0.000000000,0.000000000,0.000000000,0.000000000,0.000000000,0.000000000,0.000000000,0.000000000,0.000000000,0.000000000,0.000000000,0.000000000,0.000000000,0.000000000,0.000000000
,,S500A61T40X10X30,PS40-V01D,A6061,T6,3.218,0.000000000,0.000000000,0.000000000,0.000000000,0.000000000,0.000000000,0.000000000,0.000000000,0.000000000,0.000000000,0.000000000,0.000000000,0.000000000,0.000000000,0.000000000,0.000000000,0.000000000,0.000000000,0.000000000,0.000000000,0.000000000,0.000000000,0.000000000,0.000000000,0.000000000,0.000000000,0.000000000,0.000000000,0.000000000,0.000000000,0.000000000,0.000000000,0.000000000,0.000000000,0.000000000,0.000000000
,,S501A61T14X06X30,CQ12C-V01D,A6061,T6,0.322,0.000000000,0.000000000,0.000000000,0.000000000,0.000000000,0.000000000,0.000000000,0.000000000,0.000000000,0.000000000,0.000000000,0.000000000,0.000000000,0.000000000,0.000000000,0.000000000,0.000000000,0.000000000,0.000000000,0.000000000,0.000000000,0.000000000,0.000000000,0.000000000,0.000000000,0.000000000,0.000000000,0.000000000,0.000000000,0.000000000,0.066150000,0.000000000,0.000000000,0.000000000,0.000000000,0.000000000
,,S501A61T19X08X30,CQ16C-V01D,A6061,T6,0.606,0.000000000,0.000000000,0.000000000,0.000000000,0.000000000,0.000000000,0.000000000,0.000000000,0.000000000,0.000000000,0.000000000,0.000000000,0.000000000,0.000000000,0.000000000,0.000000000,0.000000000,0.000000000,0.000000000,0.000000000,0.000000000,0.000000000,0.000000000,0.000000000,0.000000000,0.000000000,0.000000000,0.000000000,0.000000000,0.000000000,0.132300000,0.000000000,0.000000000,0.000000000,0.000000000,0.000000000
,,S501A61T23X10X30,CQ20C-V01D,A6061,T6,0.882,0.000000000,0.000000000,0.000000000,0.000000000,0.000000000,0.000000000,0.000000000,0.000000000,0.000000000,0.000000000,0.000000000,0.000000000,0.000000000,0.000000000,0.000000000,0.000000000,0.000000000,0.000000000,0.000000000,0.000000000,0.000000000,0.000000000,0.000000000,0.000000000,0.000000000,0.000000000,0.000000000,0.000000000,0.000000000,0.000000000,0.132300000,0.000000000,0.000000000,0.000000000,0.000000000,0.000000000
,,S501A61T27X12X30,CQ25C-V01D,A6061,T6,1.231,0.000000000,0.000000000,0.000000000,0.000000000,0.000000000,0.000000000,0.000000000,0.000000000,0.000000000,0.000000000,0.000000000,0.000000000,0.000000000,0.000000000,0.000000000,0.000000000,0.000000000,0.000000000,0.000000000,0.000000000,0.000000000,0.000000000,0.000000000,0.000000000,0.000000000,0.000000000,0.000000000,0.000000000,0.000000000,0.000000000,0.198450000,0.000000000,0.000000000,0.000000000,0.000000000,0.000000000
,,S501A61T35X16X30,CQ32C-V01D,A6061,T6,2.014,0.000000000,0.000000000,0.000000000,0.000000000,0.000000000,0.000000000,0.000000000,0.000000000,0.000000000,0.000000000,0.000000000,0.000000000,0.000000000,0.000000000,0.000000000,0.000000000,0.000000000,0.000000000,0.000000000,0.000000000,0.000000000,0.000000000,0.000000000,0.000000000,0.000000000,0.000000000,0.000000000,0.000000000,0.000000000,0.000000000,0.264600000,0.000000000,0.000000000,0.000000000,0.000000000,0.000000000
,,S501A61T43X16X30,CQ40C-V01D,A6061,T6,3.321,0.000000000,0.000000000,0.000000000,0.000000000,0.000000000,0.000000000,0.000000000,0.000000000,0.000000000,0.000000000,0.000000000,0.000000000,0.000000000,0.000000000,0.000000000,0.000000000,0.000000000,0.000000000,0.000000000,0.000000000,0.000000000,0.000000000,0.000000000,0.000000000,0.000000000,0.000000000,0.000000000,0.000000000,0.000000000,0.000000000,0.396900000,0.000000000,0.000000000,0.000000000,0.000000000,0.000000000
,,S502A61T25X06X27,PS25A-V01D,A6061,T6,1.196,0.000000000,0.000000000,0.000000000,0.000000000,0.000000000,0.000000000,0.000000000,0.000000000,0.000000000,0.000000000,0.000000000,0.000000000,0.000000000,0.000000000,0.000000000,0.000000000,0.000000000,0.000000000,0.000000000,0.000000000,0.000000000,0.000000000,0.000000000,0.000000000,0.000000000,0.000000000,0.000000000,0.000000000,0.000000000,0.000000000,0.000000000,0.000000000,0.000000000,0.000000000,0.000000000,0.000000000
,,S502A61T32X06X27,PS32B-V01D,A6061,T6,1.983,0.000000000,0.000000000,0.000000000,0.000000000,0.000000000,0.000000000,0.000000000,0.000000000,0.000000000,0.000000000,0.000000000,0.000000000,0.000000000,0.000000000,0.000000000,0.000000000,0.000000000,0.000000000,0.000000000,0.000000000,0.000000000,0.000000000,0.000000000,0.000000000,0.000000000,0.000000000,0.000000000,0.000000000,0.000000000,0.000000000,0.000000000,0.000000000,0.000000000,0.000000000,0.000000000,0.000000000
,,S502A61T40X09X27,PS40B-V01D,A6061,T6,3.063,0.000000000,0.000000000,0.000000000,0.000000000,0.000000000,0.000000000,0.000000000,0.000000000,0.000000000,0.000000000,0.000000000,0.000000000,0.000000000,0.000000000,0.000000000,0.000000000,0.000000000,0.000000000,0.000000000,0.000000000,0.000000000,0.000000000,0.000000000,0.000000000,0.000000000,0.000000000,0.000000000,0.000000000,0.000000000,0.000000000,0.000000000,0.000000000,0.000000000,0.000000000,0.000000000,0.000000000
APT,APT,APTE00-96000150-D,APT6-V01B1,A6063,T6,4.31,0.000000000,0.000000000,0.000000000,0.000000000,0.000000000,0.000000000,0.000000000,0.000000000,0.000000000,0.000000000,0.000000000,0.000000000,0.000000000,0.000000000,0.000000000,0.000000000,0.000000000,0.000000000,0.000000000,0.000000000,0.000000000,0.000000000,0.000000000,0.000000000,0.000000000,0.000000000,0.000000000,0.000000000,0.000000000,0.000000000,0.000000000,0.000000000,0.000000000,0.132300000,0.000000000,0.000000000
APT,APT,APTE00-96000150-D,APT6-V01B,A6063,T6,4.31,0.000000000,0.000000000,0.000000000,0.000000000,0.000000000,0.000000000,0.000000000,0.000000000,0.000000000,0.000000000,0.000000000,0.000000000,0.000000000,0.000000000,0.000000000,0.132300000,0.000000000,0.000000000,0.000000000,1.323000000,0.000000000,0.000000000,0.000000000,0.000000000,0.000000000,0.000000000,0.132300000,0.000000000,0.000000000,0.000000000,0.000000000,0.000000000,8.202600000,0.000000000,0.661500000,2.646000000
APT,APT,APTE00-96000150-D,APT6-V02B,A6063,T6,4.31,0.000000000,0.000000000,0.000000000,0.000000000,0.000000000,0.000000000,0.000000000,0.000000000,0.000000000,0.000000000,0.000000000,0.000000000,0.000000000,0.000000000,0.000000000,0.000000000,0.000000000,0.000000000,0.000000000,0.000000000,0.000000000,0.000000000,0.000000000,0.000000000,0.000000000,0.000000000,0.000000000,0.000000000,0.000000000,0.000000000,0.000000000,0.000000000,0.000000000,0.000000000,0.000000000,0.000000000
APT,APT,APTE00-96000152-D,APT5-V01B,A6061,T6,2.104,0.000000000,0.000000000,0.000000000,0.000000000,0.000000000,0.000000000,0.000000000,0.000000000,0.000000000,0.000000000,0.000000000,0.000000000,0.000000000,0.000000000,0.000000000,0.000000000,0.000000000,0.000000000,0.000000000,0.000000000,0.000000000,0.000000000,0.000000000,0.000000000,0.000000000,0.000000000,0.000000000,0.000000000,0.000000000,0.000000000,0.066150000,0.000000000,0.000000000,0.000000000,0.000000000,0.000000000
APT,APT,APTE00-96001786-D,APT8-V01B,A6063,T6,2.515,0.000000000,0.000000000,0.000000000,0.000000000,0.000000000,0.000000000,0.000000000,0.000000000,0.000000000,0.000000000,0.000000000,0.000000000,0.000000000,0.000000000,0.000000000,0.000000000,0.000000000,0.000000000,0.000000000,0.000000000,0.000000000,0.000000000,0.000000000,0.000000000,0.000000000,0.000000000,0.000000000,0.000000000,0.000000000,0.000000000,0.000000000,0.000000000,0.000000000,0.264600000,0.000000000,0.000000000
APT,APT,APTE00-98000404-D,APT3-V01B,A6063,T6,0.465,0.000000000,0.000000000,0.000000000,0.000000000,0.000000000,0.000000000,0.000000000,0.000000000,0.000000000,0.000000000,0.000000000,0.000000000,0.000000000,0.000000000,0.000000000,0.000000000,0.000000000,0.000000000,0.000000000,0.000000000,0.000000000,0.000000000,0.000000000,0.000000000,0.000000000,0.000000000,0.000000000,0.000000000,0.000000000,0.000000000,0.066150000,0.000000000,0.000000000,0.000000000,0.000000000,0.000000000
APT,APT,APTE00-98000565-D,APT4-V02B,A6063,T6,3.06,0.000000000,0.000000000,0.000000000,0.000000000,0.000000000,0.000000000,0.000000000,0.000000000,0.000000000,0.000000000,0.000000000,0.000000000,0.000000000,0.000000000,0.000000000,0.000000000,0.000000000,0.000000000,0.000000000,0.000000000,0.000000000,0.000000000,0.000000000,0.000000000,0.000000000,0.000000000,0.000000000,0.000000000,0.000000000,0.000000000,0.000000000,0.000000000,0.000000000,0.000000000,0.000000000,0.000000000
APT,APT,APTE00-98000565-D,APT4-V01B,A6063,T6,3.06,0.000000000,0.000000000,0.000000000,0.000000000,0.000000000,0.000000000,0.000000000,0.000000000,0.000000000,0.000000000,0.000000000,0.000000000,0.000000000,0.000000000,0.000000000,0.132300000,0.000000000,0.000000000,0.000000000,0.661500000,0.661500000,0.000000000,0.000000000,0.000000000,0.000000000,0.000000000,0.000000000,0.000000000,0.000000000,0.000000000,0.000000000,0.000000000,13.362300000,0.000000000,0.000000000,7.938000000
APT,APT,APTE00-98000724-D,APT2-V01B,A6063,T6,1.221,0.000000000,0.000000000,0.000000000,0.000000000,0.000000000,0.000000000,0.000000000,0.000000000,0.000000000,0.000000000,0.000000000,0.000000000,0.000000000,0.000000000,0.000000000,0.000000000,0.000000000,0.000000000,0.000000000,0.000000000,0.000000000,0.000000000,0.000000000,0.000000000,0.000000000,0.000000000,0.000000000,0.000000000,0.000000000,0.000000000,0.066150000,0.000000000,0.000000000,0.000000000,0.000000000,0.000000000
APT,APT,APTE00-98000948-D,APT7-V01B,A6061,T6,2.182,0.000000000,0.000000000,0.000000000,0.000000000,0.000000000,0.000000000,0.000000000,0.000000000,0.000000000,0.000000000,0.000000000,0.000000000,0.000000000,0.000000000,0.000000000,0.000000000,0.000000000,0.000000000,0.000000000,0.000000000,0.000000000,0.000000000,0.000000000,0.000000000,0.000000000,0.000000000,0.000000000,0.000000000,0.000000000,0.000000000,0.066150000,0.000000000,0.000000000,0.000000000,0.000000000,0.000000000
Cover,"Head cover",C2M020K03-68714B,CM20AS-V01D,6N01,T6,1.452,0.000000000,0.000000000,0.000000000,0.000000000,0.000000000,0.000000000,0.000000000,0.000000000,0.000000000,0.000000000,0.000000000,0.000000000,0.000000000,0.000000000,0.000000000,0.000000000,0.000000000,0.000000000,0.000000000,0.000000000,0.000000000,0.000000000,0.000000000,0.000000000,0.000000000,0.000000000,0.000000000,0.132300000,0.000000000,0.000000000,0.000000000,0.000000000,0.000000000,0.000000000,0.000000000,0.000000000
Cover,"Head cover",C2M025K03-68715B,CM25AS-V01D,6N01,T6,2.171,0.000000000,0.000000000,0.000000000,0.000000000,0.000000000,0.000000000,0.000000000,0.000000000,0.000000000,0.000000000,0.000000000,0.000000000,0.000000000,0.000000000,0.000000000,0.000000000,0.000000000,0.000000000,0.000000000,0.000000000,0.000000000,0.000000000,0.000000000,0.000000000,0.000000000,0.000000000,0.000000000,0.198450000,0.000000000,0.000000000,0.000000000,0.000000000,0.000000000,0.000000000,0.000000000,0.000000000
Cover,"Head cover",C2M032K03-68716B,CM32AS-V01D,6N01,T6,2.822,0.000000000,0.000000000,0.000000000,0.000000000,0.000000000,0.000000000,0.000000000,0.000000000,0.000000000,0.000000000,0.000000000,0.000000000,0.000000000,0.000000000,0.000000000,0.000000000,0.000000000,0.000000000,0.000000000,0.000000000,0.000000000,0.000000000,0.000000000,0.000000000,0.000000000,0.000000000,0.000000000,0.396900000,0.000000000,0.000000000,0.000000000,0.000000000,0.000000000,0.000000000,0.000000000,0.000000000
Cover,"Head cover",C2M040K03-68717B,CM40AS-V01D,6N01,T6,4.311,0.000000000,0.000000000,0.000000000,0.000000000,0.000000000,0.000000000,0.000000000,0.000000000,0.000000000,0.000000000,0.000000000,0.000000000,0.000000000,0.000000000,0.000000000,0.000000000,0.000000000,0.000000000,0.000000000,0.000000000,0.000000000,0.000000000,0.000000000,0.000000000,0.000000000,0.000000000,0.000000000,0.396900000,0.000000000,0.000000000,0.000000000,0.000000000,0.000000000,0.000000000,0.000000000,0.000000000
CQ,CQ2,C2Q32-04-J0779-K,CQ32T-V01B,A6063,T5,2.56,3.307500000,0.000000000,0.000000000,1.323000000,0.000000000,0.000000000,0.000000000,0.000000000,0.000000000,0.000000000,0.000000000,0.000000000,0.000000000,0.000000000,0.000000000,0.000000000,0.000000000,0.000000000,0.000000000,0.000000000,0.000000000,0.132300000,0.000000000,0.000000000,0.000000000,0.000000000,0.000000000,0.000000000,0.000000000,0.661500000,0.000000000,0.000000000,3.175200000,0.000000000,0.000000000,3.439800000
CQ,CQ2,C2Q40-04-J0780-K,CQ40T-V01B,A6063,T5,3.08,0.000000000,0.000000000,0.000000000,2.646000000,0.000000000,0.000000000,0.000000000,0.000000000,0.000000000,0.000000000,0.000000000,0.000000000,0.000000000,0.000000000,0.000000000,0.000000000,0.000000000,0.000000000,0.000000000,0.000000000,0.000000000,0.132300000,0.000000000,0.000000000,0.000000000,0.000000000,0.000000000,0.000000000,0.000000000,0.661500000,0.000000000,0.000000000,2.646000000,0.000000000,0.000000000,5.821200000
CQ,CQ2,C2Q50-04-J0781-K,CQ50T-V01B,A6063,T5,4.8,0.000000000,0.000000000,0.000000000,0.000000000,0.000000000,0.000000000,0.000000000,0.000000000,0.000000000,0.132300000,0.000000000,0.000000000,0.000000000,0.000000000,0.000000000,0.000000000,0.000000000,0.000000000,0.000000000,0.000000000,0.000000000,0.661500000,0.000000000,0.000000000,0.264600000,0.000000000,0.000000000,0.000000000,0.661500000,0.000000000,0.793800000,0.000000000,0.000000000,0.793800000,0.000000000,0.000000000
CQ,CQ2,C2Q63-04-J0782AK,CQ63T-V01C,A6063,T5,5.53,0.000000000,0.000000000,0.000000000,0.000000000,0.000000000,0.000000000,0.000000000,0.000000000,0.000000000,0.000000000,0.000000000,0.000000000,0.000000000,0.000000000,0.000000000,0.000000000,0.000000000,0.000000000,0.132300000,0.000000000,0.000000000,0.000000000,0.000000000,0.000000000,0.000000000,0.000000000,0.000000000,0.000000000,0.000000000,0.000000000,0.000000000,0.000000000,0.000000000,0.000000000,0.000000000,0.000000000
CQ,CQ2,C2Q63-04-J0782AK,CQ63T-V02C,A6063,T5,5.53,0.000000000,0.000000000,0.000000000,0.000000000,0.000000000,0.000000000,0.000000000,0.000000000,0.000000000,0.000000000,0.000000000,0.000000000,0.000000000,0.000000000,0.000000000,0.000000000,0.000000000,0.000000000,0.000000000,0.000000000,0.000000000,0.132300000,0.000000000,0.000000000,0.264600000,0.000000000,0.000000000,0.000000000,0.000000000,0.000000000,0.000000000,0.529200000,0.000000000,0.000000000,1.190700000,0.132300000
CRQ2B,CRQ2B,P4730002-D,CRQ15B-V01C,A6063,T5,1.98,0.000000000,0.000000000,0.000000000,0.000000000,0.000000000,0.000000000,0.000000000,0.000000000,0.000000000,0.066150000,0.000000000,0.000000000,0.000000000,0.000000000,0.000000000,0.000000000,0.000000000,0.000000000,0.000000000,0.000000000,0.000000000,0.000000000,0.000000000,0.000000000,0.066150000,0.000000000,0.000000000,0.000000000,0.000000000,0.000000000,0.000000000,0.000000000,0.000000000,0.132300000,0.330750000,0.000000000
CRQ2B,CRQ2B,P4730003-D,CRQ20B-V01D,A6063,T5,3.42,0.000000000,0.000000000,0.000000000,0.000000000,0.000000000,0.000000000,0.000000000,0.000000000,0.000000000,0.132300000,0.000000000,0.000000000,0.000000000,0.000000000,0.000000000,0.000000000,0.000000000,0.000000000,0.000000000,0.000000000,0.000000000,0.000000000,0.000000000,0.000000000,0.264600000,0.000000000,0.000000000,0.000000000,0.000000000,0.000000000,0.000000000,0.000000000,0.000000000,0.132300000,0.661500000,1.984500000
CRQ2B,CRQ2B,P4730004-D,CRQ30B-V01D,A6063,T5,4.08,0.000000000,0.000000000,0.000000000,0.000000000,0.000000000,0.000000000,0.000000000,0.000000000,0.000000000,0.132300000,0.000000000,0.000000000,0.000000000,0.000000000,0.000000000,0.000000000,0.000000000,0.000000000,0.000000000,0.000000000,0.000000000,0.000000000,0.000000000,0.000000000,0.396900000,0.000000000,0.000000000,0.132300000,0.000000000,0.000000000,0.000000000,0.000000000,0.000000000,0.132300000,0.661500000,1.323000000
CRQ2B,CRQ2B,P4730005-D,CRQ40B-V01D,A6063,T5,4.95,0.000000000,0.000000000,0.000000000,0.000000000,0.000000000,0.000000000,0.000000000,0.000000000,0.000000000,0.132300000,0.000000000,0.000000000,0.000000000,0.000000000,0.000000000,0.000000000,0.000000000,0.000000000,0.000000000,0.000000000,0.000000000,0.000000000,0.000000000,0.000000000,0.132300000,0.000000000,0.000000000,0.000000000,0.000000000,0.000000000,0.000000000,0.000000000,0.000000000,0.396900000,1.323000000,0.000000000
CUJ,CUJ,CUJ12A-AD252-20K,CUJ12A-V02D,A6063,T5,1.07,0.000000000,0.000000000,0.000000000,0.000000000,0.000000000,0.000000000,0.000000000,0.000000000,0.000000000,0.000000000,0.000000000,0.000000000,0.000000000,0.000000000,0.000000000,0.000000000,0.000000000,0.000000000,0.000000000,0.000000000,0.000000000,0.000000000,0.000000000,0.000000000,0.000000000,0.000000000,0.000000000,0.000000000,0.000000000,0.000000000,0.000000000,0.000000000,0.000000000,0.000000000,0.000000000,0.000000000
CUJ,CUJ,CUJ12A-AD252-20K,CUJ12A-V01D,A6063,T5,1.07,0.000000000,0.000000000,0.000000000,0.000000000,0.000000000,0.000000000,0.000000000,0.000000000,0.000000000,0.066150000,0.000000000,0.000000000,0.000000000,0.000000000,0.000000000,0.000000000,0.000000000,0.000000000,0.000000000,0.000000000,0.000000000,0.330750000,0.000000000,0.000000000,0.000000000,0.000000000,0.000000000,0.000000000,0.000000000,0.066150000,0.000000000,0.330750000,0.661500000,0.000000000,0.000000000,1.653750000
CUJ,CUJ,CUJ16A-AD253-20K,CUJ16A-V02D,A6063,T5,1.52,0.000000000,0.000000000,0.000000000,0.000000000,0.000000000,0.000000000,0.000000000,0.000000000,0.000000000,0.000000000,0.000000000,0.000000000,0.000000000,0.000000000,0.000000000,0.000000000,0.000000000,0.000000000,0.000000000,0.000000000,0.000000000,0.000000000,0.000000000,0.000000000,0.000000000,0.000000000,0.000000000,0.000000000,0.000000000,0.000000000,0.000000000,0.000000000,0.000000000,0.000000000,0.000000000,0.000000000
CUJ,CUJ,CUJ16A-AD253-20K,CUJ16A-V01D,A6063,T5,1.52,0.000000000,0.000000000,0.000000000,0.000000000,0.000000000,0.000000000,0.000000000,0.000000000,0.000000000,0.066150000,0.000000000,0.000000000,0.000000000,0.000000000,0.000000000,0.000000000,0.000000000,0.000000000,0.000000000,0.000000000,0.000000000,0.000000000,0.000000000,0.000000000,0.000000000,0.000000000,0.000000000,0.132300000,0.330750000,0.000000000,0.066150000,0.330750000,0.661500000,0.000000000,0.000000000,3.572100000
CUJ,CUJ,CUJ20A-AD254-20K,CUJ20A-V01D,A6063,T5,2.22,0.000000000,0.000000000,0.000000000,0.000000000,0.000000000,0.000000000,0.000000000,0.000000000,0.000000000,0.066150000,0.000000000,0.000000000,0.000000000,0.000000000,0.000000000,0.000000000,0.000000000,0.000000000,0.000000000,0.000000000,0.000000000,0.264600000,0.000000000,0.000000000,0.330750000,0.000000000,0.000000000,0.000000000,0.000000000,0.000000000,0.000000000,0.000000000,0.330750000,0.000000000,0.000000000,4.895100000
MHY,MHY-B,P3319101-M,MHY10B-V02D,A6063,T5,1.02,0.000000000,0.000000000,0.000000000,0.000000000,0.000000000,0.000000000,0.000000000,0.000000000,0.000000000,0.000000000,0.000000000,0.000000000,0.000000000,0.000000000,0.000000000,0.000000000,0.000000000,0.000000000,0.000000000,0.000000000,0.000000000,0.000000000,0.000000000,0.000000000,0.000000000,0.000000000,0.000000000,0.000000000,0.000000000,0.000000000,0.000000000,0.000000000,0.000000000,0.000000000,0.000000000,0.000000000
MHY,MHY-B,P3319101-M,MHY10B-V01D,A6063,T5,1.02,1.256850000,0.000000000,0.000000000,0.000000000,0.000000000,0.000000000,0.000000000,0.000000000,0.000000000,0.000000000,0.000000000,0.000000000,0.000000000,0.000000000,0.000000000,0.066150000,0.000000000,0.000000000,0.132300000,0.000000000,0.000000000,0.000000000,0.330750000,0.000000000,0.000000000,0.000000000,0.000000000,0.000000000,0.000000000,0.396900000,0.000000000,0.000000000,0.000000000,0.000000000,0.000000000,0.000000000
MHY,MHY-B,P3319201-M,MHY16B-V02D,A6063,T5,1.73,0.000000000,0.000000000,0.000000000,0.000000000,0.000000000,0.000000000,0.000000000,0.000000000,0.000000000,0.000000000,0.000000000,0.000000000,0.000000000,0.000000000,0.000000000,0.000000000,0.000000000,0.000000000,0.000000000,0.000000000,0.000000000,0.000000000,0.000000000,0.000000000,0.000000000,0.000000000,0.000000000,0.000000000,0.000000000,0.000000000,0.000000000,0.000000000,0.000000000,0.000000000,0.000000000,0.000000000
MHY,MHY-B,P3319201-M,MHY16B-V01D,A6063,T5,1.73,0.396900000,0.000000000,0.000000000,0.000000000,0.000000000,0.000000000,0.000000000,0.000000000,0.000000000,0.000000000,0.000000000,0.000000000,0.000000000,0.000000000,0.000000000,0.066150000,0.000000000,0.000000000,0.000000000,0.330750000,0.000000000,0.000000000,0.000000000,0.000000000,0.000000000,0.000000000,0.000000000,0.000000000,0.000000000,1.786050000,0.000000000,0.000000000,0.000000000,0.000000000,0.000000000,0.000000000
MHY,MHY-B,P3319301-M,MHY20B-V01D,A6063,T5,2.95,0.000000000,0.000000000,0.000000000,0.000000000,0.000000000,0.000000000,0.132300000,0.000000000,0.000000000,0.000000000,0.000000000,0.000000000,0.000000000,0.000000000,0.000000000,0.264600000,0.000000000,0.000000000,0.264600000,0.000000000,0.000000000,0.000000000,0.000000000,0.000000000,0.000000000,0.000000000,0.000000000,0.000000000,0.264600000,0.000000000,0.000000000,0.661500000,0.000000000,0.000000000,0.000000000,1.719900000
MHY,MHY-B,P3319301-M,MHY20B-V02D,A6063,T5,2.95,0.000000000,0.000000000,0.000000000,0.000000000,0.000000000,0.000000000,0.000000000,0.000000000,0.000000000,0.000000000,0.000000000,0.000000000,0.000000000,0.000000000,0.000000000,0.000000000,0.000000000,0.000000000,0.000000000,0.000000000,0.000000000,0.000000000,0.000000000,0.000000000,0.000000000,0.000000000,0.000000000,0.000000000,0.000000000,0.000000000,0.000000000,0.000000000,0.000000000,0.000000000,0.000000000,0.000000000
MHY,MHY-B,P3319401-M,MHY25B-V02D,A6063,T5,4.18,0.000000000,0.000000000,0.000000000,0.000000000,0.000000000,0.000000000,0.000000000,0.000000000,0.000000000,0.000000000,0.000000000,0.000000000,0.000000000,0.000000000,0.000000000,0.000000000,0.000000000,0.000000000,0.000000000,0.000000000,0.000000000,0.000000000,0.000000000,0.000000000,0.000000000,0.000000000,0.000000000,0.000000000,0.000000000,0.000000000,0.000000000,0.000000000,0.000000000,0.000000000,0.000000000,0.000000000
MHY,MHY-B,P3319401-M,MHY25B-V01D,A6063,T5,4.18,0.000000000,0.000000000,0.000000000,0.000000000,0.000000000,0.000000000,0.132300000,0.000000000,0.000000000,0.000000000,0.000000000,0.000000000,0.000000000,0.000000000,0.000000000,0.264600000,0.000000000,0.000000000,0.132300000,0.000000000,0.000000000,0.000000000,0.000000000,0.000000000,0.000000000,0.000000000,0.000000000,0.000000000,0.264600000,0.000000000,0.000000000,0.661500000,0.000000000,0.000000000,0.000000000,4.365900000
MSQ,MSQ-B2,P6260101-D,MSQ10B2-V01D,A6063,T5,3.26,0.000000000,0.000000000,0.000000000,0.000000000,0.000000000,0.000000000,0.000000000,0.000000000,0.000000000,0.132300000,0.000000000,0.000000000,0.000000000,0.000000000,0.000000000,0.000000000,0.000000000,0.000000000,0.000000000,0.000000000,0.000000000,0.132300000,0.000000000,0.000000000,0.132300000,0.000000000,0.000000000,0.000000000,0.000000000,0.000000000,0.000000000,0.000000000,0.000000000,0.132300000,0.661500000,1.984500000
MSQ,MSQ-B2,P6260201-D,MSQ20B2-V01D,A6063,T5,4.66,0.000000000,0.000000000,0.000000000,0.000000000,0.000000000,0.000000000,0.000000000,0.000000000,0.000000000,0.000000000,0.000000000,0.000000000,0.132300000,0.000000000,0.000000000,0.000000000,0.000000000,0.000000000,0.000000000,0.000000000,0.000000000,0.132300000,0.000000000,0.000000000,0.264600000,0.000000000,0.000000000,0.132300000,0.000000000,0.000000000,0.000000000,0.000000000,0.000000000,0.132300000,0.661500000,1.984500000
MSQ,MSQ-B2,P6260301-D,MSQ30B2-V01D,A6063,T5,5.19,0.000000000,0.000000000,0.000000000,0.000000000,0.000000000,0.000000000,0.000000000,0.000000000,0.000000000,0.000000000,0.000000000,0.000000000,0.264600000,0.000000000,0.000000000,0.264600000,0.000000000,0.000000000,0.000000000,0.000000000,0.000000000,0.132300000,0.000000000,0.000000000,0.132300000,0.000000000,0.000000000,0.000000000,0.000000000,0.000000000,0.000000000,0.000000000,0.000000000,0.132300000,0.396900000,0.000000000
MSQ,MSQ-B2,P6260401-D,MSQ50B2-V01D,A6063,T5,6.76,0.000000000,0.000000000,0.000000000,0.000000000,0.000000000,0.000000000,0.000000000,0.000000000,0.000000000,0.000000000,0.000000000,0.000000000,0.264600000,0.000000000,0.000000000,0.000000000,0.000000000,0.000000000,0.000000000,0.000000000,0.000000000,0.132300000,0.000000000,0.000000000,0.396900000,0.000000000,0.000000000,0.000000000,0.000000000,0.000000000,0.264600000,0.000000000,0.000000000,0.529200000,0.000000000,0.000000000
MXSÉeÅ[ÉuÉã,MXS-TB,P3800102-M-1,MXS06TB-V01D,6N01,T5,0.44,0.000000000,0.000000000,0.000000000,0.000000000,0.000000000,0.000000000,0.000000000,0.000000000,0.000000000,0.000000000,0.000000000,0.000000000,0.000000000,0.000000000,0.000000000,0.000000000,0.000000000,0.000000000,0.066150000,0.000000000,0.000000000,0.000000000,0.330750000,0.926100000,0.000000000,0.000000000,0.000000000,0.000000000,0.000000000,0.000000000,0.000000000,0.000000000,0.000000000,0.000000000,0.000000000,0.000000000
MXSÉeÅ[ÉuÉã,MXS-TB,P3800102-M-1,MXS06TB-V02D,6N01,T5,0.44,0.000000000,0.000000000,0.000000000,0.000000000,0.000000000,0.000000000,0.000000000,0.000000000,0.000000000,0.000000000,0.000000000,0.000000000,0.000000000,0.000000000,0.000000000,0.000000000,0.000000000,0.000000000,0.000000000,0.000000000,0.000000000,0.000000000,0.000000000,0.000000000,0.000000000,0.000000000,0.000000000,0.000000000,0.000000000,0.000000000,0.000000000,0.000000000,0.000000000,0.000000000,0.000000000,0.000000000
MXSÉeÅ[ÉuÉã,MXS-TB,P3800202-M-1,MXS08TB-V01D,6N01,T5,0.7,0.529200000,0.000000000,0.000000000,1.058400000,0.000000000,0.000000000,0.000000000,0.000000000,0.000000000,0.000000000,0.000000000,0.000000000,0.000000000,0.000000000,0.000000000,0.000000000,0.000000000,0.000000000,0.066150000,0.000000000,0.000000000,0.000000000,0.330750000,0.000000000,0.000000000,0.000000000,1.455300000,0.000000000,0.000000000,3.373650000,0.000000000,0.000000000,0.000000000,0.000000000,0.000000000,0.000000000
MXSÉeÅ[ÉuÉã,MXS-TB,P3800202-M-1,MXS08TB-V02D,6N01,T5,0.7,0.000000000,0.000000000,0.000000000,0.000000000,0.000000000,0.000000000,0.000000000,0.000000000,0.000000000,0.000000000,0.000000000,0.000000000,0.000000000,0.000000000,0.000000000,0.000000000,0.000000000,0.000000000,0.000000000,0.000000000,0.000000000,0.000000000,0.000000000,0.000000000,0.000000000,0.000000000,0.000000000,0.000000000,0.000000000,0.000000000,0.000000000,0.000000000,0.000000000,0.000000000,0.000000000,0.000000000
MXSÉeÅ[ÉuÉã,MXS-TB,P3800302-M-1,MXS12TB-V02D,6N01,T5,1,0.000000000,0.000000000,0.000000000,0.000000000,0.000000000,0.000000000,0.000000000,0.000000000,0.000000000,0.000000000,0.000000000,0.000000000,0.000000000,0.000000000,0.000000000,0.000000000,0.000000000,0.000000000,0.000000000,0.000000000,0.000000000,0.000000000,0.000000000,0.000000000,0.000000000,0.000000000,0.000000000,0.000000000,0.000000000,0.000000000,0.000000000,0.000000000,0.000000000,0.000000000,0.000000000,0.000000000
MXSÉeÅ[ÉuÉã,MXS-TB,P3800302-M-1,MXS12TB-V03D,6N01,T5,1,0.000000000,0.000000000,0.000000000,0.000000000,0.000000000,0.000000000,0.000000000,0.000000000,0.000000000,0.000000000,0.000000000,0.000000000,0.000000000,0.000000000,0.000000000,0.000000000,0.000000000,0.000000000,0.000000000,0.000000000,0.000000000,0.000000000,0.000000000,0.000000000,0.000000000,0.000000000,0.000000000,0.000000000,0.000000000,0.000000000,0.000000000,0.000000000,0.000000000,0.000000000,0.000000000,0.000000000
MXSÉeÅ[ÉuÉã,MXS-TB,P3800302-M-1,MXS12TB-V01D,6N01,T5,1,0.000000000,0.000000000,0.000000000,0.000000000,0.000000000,0.000000000,0.000000000,0.000000000,0.000000000,0.000000000,0.000000000,0.000000000,0.066150000,0.000000000,0.000000000,0.000000000,0.000000000,0.000000000,0.000000000,0.330750000,0.000000000,0.000000000,0.000000000,0.661500000,0.000000000,0.000000000,2.910600000,0.000000000,0.000000000,1.455300000,0.000000000,0.000000000,5.755050000,0.000000000,0.000000000,0.000000000
MXSÉeÅ[ÉuÉã,MXS-TB,P3800402-M-2,MXS16TB-V03D,6N01,T5,1.46,0.000000000,0.000000000,0.000000000,0.000000000,0.000000000,0.000000000,0.000000000,0.000000000,0.000000000,0.000000000,0.000000000,0.000000000,0.000000000,0.000000000,0.000000000,0.000000000,0.000000000,0.000000000,0.000000000,0.000000000,0.000000000,0.000000000,0.000000000,0.000000000,0.000000000,0.000000000,0.000000000,0.000000000,0.000000000,0.000000000,0.000000000,0.000000000,0.000000000,0.000000000,0.000000000,0.000000000
MXSÉeÅ[ÉuÉã,MXS-TB,P3800402-M-2,MXS16TB-V02D,6N01,T5,1.46,0.000000000,0.000000000,0.000000000,0.000000000,0.000000000,0.000000000,0.000000000,0.000000000,0.000000000,0.000000000,0.000000000,0.000000000,0.000000000,0.000000000,0.000000000,0.000000000,0.000000000,0.000000000,0.000000000,0.000000000,0.000000000,0.000000000,0.000000000,0.000000000,0.000000000,0.000000000,0.000000000,0.000000000,0.000000000,0.000000000,0.000000000,0.000000000,0.000000000,0.000000000,0.000000000,0.000000000
MXSÉeÅ[ÉuÉã,MXS-TB,P3800402-M-2,MXS16TB-V01D,6N01,T5,1.46,0.000000000,0.000000000,0.000000000,0.000000000,0.000000000,0.000000000,0.000000000,0.000000000,0.000000000,0.000000000,0.000000000,0.000000000,0.132300000,0.000000000,0.000000000,0.000000000,0.000000000,0.000000000,0.066150000,0.000000000,0.000000000,0.000000000,0.330750000,0.926100000,0.000000000,0.000000000,2.712150000,0.000000000,0.000000000,1.984500000,0.000000000,0.000000000,5.159700000,0.000000000,0.000000000,0.000000000
MXSÉeÅ[ÉuÉã,MXS-TB,P3800502-M-2,MXS20TB-V02D,6N01,T5,2.64,0.000000000,0.000000000,0.000000000,0.000000000,0.000000000,0.000000000,0.000000000,0.000000000,0.000000000,0.000000000,0.000000000,0.000000000,0.000000000,0.000000000,0.000000000,0.000000000,0.000000000,0.000000000,0.000000000,0.000000000,0.000000000,0.000000000,0.000000000,0.000000000,0.000000000,0.000000000,0.000000000,0.000000000,0.000000000,0.000000000,0.000000000,0.000000000,0.000000000,0.000000000,0.000000000,0.000000000
MXSÉeÅ[ÉuÉã,MXS-TB,P3800502-M-2,MXS20TB-V01D,6N01,T5,2.64,0.000000000,0.000000000,0.000000000,0.000000000,0.000000000,0.000000000,0.000000000,0.000000000,0.000000000,0.000000000,0.000000000,0.000000000,0.264600000,0.000000000,0.000000000,0.000000000,0.000000000,0.000000000,0.132300000,0.000000000,0.000000000,0.000000000,0.661500000,3.572100000,0.000000000,0.000000000,0.000000000,0.000000000,0.000000000,1.984500000,0.000000000,0.000000000,6.482700000,0.000000000,0.000000000,0.000000000
MXSÉeÅ[ÉuÉã,MXS-TB,P3800602-M-2,MXS25TB-V02D,6N01,T5,4.22,0.000000000,0.000000000,0.000000000,0.000000000,0.000000000,0.000000000,0.000000000,0.000000000,0.000000000,0.000000000,0.000000000,0.000000000,0.000000000,0.000000000,0.000000000,0.000000000,0.000000000,0.000000000,0.000000000,0.000000000,0.000000000,0.000000000,0.000000000,0.000000000,0.000000000,0.000000000,0.000000000,0.000000000,0.000000000,0.000000000,0.000000000,0.000000000,0.000000000,0.000000000,0.000000000,0.000000000
MXSÉeÅ[ÉuÉã,MXS-TB,P3800602-M-2,MXS25TB-V01D,6N01,T5,4.22,0.000000000,0.000000000,0.000000000,0.000000000,0.000000000,0.000000000,0.000000000,0.000000000,0.000000000,0.000000000,0.000000000,0.000000000,0.264600000,0.000000000,0.000000000,0.000000000,0.000000000,0.000000000,0.000000000,0.661500000,0.000000000,0.000000000,0.000000000,1.190700000,0.000000000,0.000000000,0.000000000,0.000000000,0.000000000,0.000000000,0.000000000,0.000000000,0.000000000,0.000000000,0.000000000,0.000000000
MXW-B,MXW-B,P3801001-M,MXW16B-V01D,A6063,T5,3.31,0.000000000,0.000000000,0.000000000,0.000000000,0.000000000,0.000000000,0.000000000,0.000000000,0.000000000,0.264600000,0.000000000,0.000000000,0.000000000,0.000000000,0.000000000,0.000000000,0.000000000,0.000000000,0.000000000,0.000000000,0.000000000,0.000000000,0.000000000,0.000000000,0.132300000,0.000000000,0.000000000,0.000000000,0.000000000,0.000000000,0.132300000,0.000000000,0.000000000,0.264600000,0.000000000,0.000000000
MXW-B,MXW-B,P3801101-M,MXW20B-V02D,A6063,T5,6.42,0.000000000,0.000000000,0.000000000,0.000000000,0.000000000,0.000000000,0.000000000,0.000000000,0.000000000,0.000000000,0.000000000,0.000000000,0.000000000,0.000000000,0.000000000,0.000000000,0.000000000,0.000000000,0.000000000,0.000000000,0.000000000,0.000000000,0.000000000,0.000000000,0.000000000,0.000000000,0.000000000,0.000000000,0.000000000,0.000000000,0.000000000,0.000000000,0.000000000,0.000000000,0.000000000,0.000000000
MXW-B,MXW-B,P3801101-M,MXW20B-V01D,A6063,T5,6.42,0.000000000,0.000000000,0.000000000,0.000000000,0.000000000,0.000000000,0.000000000,0.000000000,0.000000000,0.264600000,0.000000000,0.000000000,0.000000000,0.000000000,0.000000000,0.000000000,0.000000000,0.000000000,0.000000000,0.000000000,0.000000000,0.000000000,0.000000000,0.000000000,0.529200000,0.000000000,0.000000000,0.529200000,0.000000000,0.000000000,0.132300000,0.000000000,0.000000000,0.132300000,0.000000000,0.000000000
MY,MYB-H,MYB16LAA7163-20K,MYB16H-V02D,A6063,T5,2.98,0.000000000,0.000000000,0.000000000,0.000000000,0.000000000,0.000000000,0.000000000,0.000000000,0.000000000,0.000000000,0.000000000,0.000000000,0.000000000,0.000000000,0.000000000,0.000000000,0.000000000,0.000000000,0.000000000,0.000000000,0.000000000,0.000000000,0.000000000,0.000000000,0.000000000,0.000000000,0.000000000,0.000000000,0.000000000,0.000000000,0.000000000,0.000000000,0.000000000,0.000000000,0.000000000,0.000000000
MY,MYB-H,MYB16LAA7163-20K,MYB16H-V01D,A6063,T5,2.98,0.000000000,0.000000000,0.000000000,0.000000000,0.000000000,0.000000000,0.132300000,0.000000000,0.000000000,0.000000000,0.000000000,0.000000000,0.000000000,0.000000000,0.000000000,0.132300000,0.000000000,0.000000000,0.000000000,0.000000000,0.000000000,0.000000000,0.661500000,0.000000000,0.000000000,0.000000000,0.000000000,0.000000000,0.000000000,1.455300000,0.000000000,0.000000000,0.000000000,0.000000000,0.000000000,0.000000000
MY,MYB-H,MYB16LAA7163-20K,MYB16H-V03D,A6063,T5,2.98,0.000000000,0.000000000,0.000000000,0.000000000,0.000000000,0.000000000,0.000000000,0.000000000,0.000000000,0.000000000,0.000000000,0.000000000,0.000000000,0.000000000,0.000000000,0.000000000,0.000000000,0.000000000,0.000000000,0.000000000,0.000000000,0.000000000,0.000000000,0.000000000,0.000000000,0.000000000,0.000000000,0.000000000,0.000000000,0.000000000,0.000000000,0.000000000,0.000000000,0.000000000,0.000000000,0.000000000
MY,MYB-H1,MYB20LAA7164-20K,MYB20H1-V02D,A6063,T5,4.44,0.000000000,0.000000000,0.000000000,0.000000000,0.000000000,0.000000000,0.000000000,0.000000000,0.000000000,0.000000000,0.000000000,0.000000000,0.000000000,0.000000000,0.000000000,0.000000000,0.000000000,0.000000000,0.000000000,0.000000000,0.000000000,0.000000000,0.000000000,0.000000000,0.000000000,0.000000000,0.000000000,0.000000000,0.000000000,0.000000000,0.000000000,0.000000000,0.000000000,0.000000000,0.000000000,0.000000000
MY,MYB-H1,MYB20LAA7164-20K,MYB20H1-V01D,A6063,T5,4.44,0.000000000,0.000000000,0.000000000,0.000000000,0.000000000,0.000000000,0.132300000,0.000000000,0.000000000,0.000000000,0.000000000,0.000000000,0.000000000,0.000000000,0.000000000,0.000000000,0.000000000,0.000000000,0.000000000,0.000000000,0.661500000,0.000000000,0.000000000,0.000000000,0.000000000,0.000000000,0.000000000,0.000000000,0.000000000,6.879600000,0.000000000,0.000000000,0.000000000,0.000000000,0.000000000,0.000000000
MY,MYB-H1,MYB20LAA7164-20K,MYB20H1-V03D,A6063,T5,4.44,0.000000000,0.000000000,0.000000000,0.000000000,0.000000000,0.000000000,0.000000000,0.000000000,0.000000000,0.000000000,0.000000000,0.000000000,0.000000000,0.000000000,0.000000000,0.000000000,0.000000000,0.000000000,0.000000000,0.000000000,0.000000000,0.000000000,0.000000000,0.000000000,0.000000000,0.000000000,0.000000000,0.000000000,0.000000000,0.000000000,0.000000000,0.000000000,0.000000000,0.000000000,0.000000000,0.000000000
Piston,CJ,C2J10M-AF112-25K,CJ10P-V01D,A6063,T5,0.216,0.000000000,0.000000000,0.000000000,0.000000000,0.000000000,0.000000000,0.000000000,0.000000000,0.000000000,0.000000000,0.000000000,0.000000000,0.000000000,0.000000000,0.000000000,0.000000000,0.000000000,0.000000000,0.000000000,0.000000000,0.000000000,0.000000000,0.000000000,0.000000000,0.066150000,0.000000000,0.000000000,0.066150000,0.000000000,0.000000000,0.000000000,0.000000000,0.000000000,0.000000000,0.000000000,0.000000000
Piston,CJ,C2J16M-AF113-25K,CJ16P-V01D,A6063,T5,0.544,0.000000000,0.000000000,0.000000000,0.000000000,0.000000000,0.000000000,0.000000000,0.000000000,0.000000000,0.000000000,0.000000000,0.000000000,0.000000000,0.000000000,0.000000000,0.000000000,0.000000000,0.000000000,0.000000000,0.000000000,0.000000000,0.000000000,0.000000000,0.000000000,0.000000000,0.000000000,0.000000000,0.066150000,0.000000000,0.000000000,0.000000000,0.000000000,0.000000000,0.000000000,0.000000000,0.000000000
Piston,PS,S500A61T12X04X30,PS12-V01D,A6061,T6,0.285,0.000000000,0.000000000,0.000000000,0.000000000,0.000000000,0.000000000,0.000000000,0.000000000,0.000000000,0.000000000,0.000000000,0.000000000,0.000000000,0.000000000,0.000000000,0.000000000,0.000000000,0.000000000,0.000000000,0.000000000,0.000000000,0.000000000,0.000000000,0.000000000,0.000000000,0.000000000,0.000000000,0.066150000,0.000000000,0.000000000,0.000000000,0.000000000,0.000000000,0.000000000,0.000000000,0.000000000
Piston,PS,S500A61T16X05X30,PS16-V01D,A6061,T6,0.507,0.000000000,0.000000000,0.000000000,0.000000000,0.000000000,0.000000000,0.000000000,0.000000000,0.000000000,0.000000000,0.000000000,0.000000000,0.000000000,0.000000000,0.000000000,0.000000000,0.000000000,0.000000000,0.000000000,0.000000000,0.000000000,0.000000000,0.000000000,0.000000000,0.000000000,0.000000000,0.000000000,0.066150000,0.000000000,0.000000000,0.000000000,0.000000000,0.000000000,0.000000000,0.000000000,0.000000000
Piston,PS,S502A61T20X05X27,PS20A-V01D,A6061,T6,0.774,0.000000000,0.000000000,0.000000000,0.000000000,0.000000000,0.000000000,0.000000000,0.000000000,0.000000000,0.000000000,0.000000000,0.000000000,0.000000000,0.000000000,0.000000000,0.000000000,0.000000000,0.000000000,0.000000000,0.000000000,0.000000000,0.000000000,0.000000000,0.000000000,0.000000000,0.000000000,0.000000000,0.132300000,0.000000000,0.000000000,0.000000000,0.000000000,0.000000000,0.000000000,0.000000000,0.000000000
XLA,BNT,XLA16-3-1B,XLA16BN-V02B,A6063,T6,3.68,0.000000000,0.000000000,0.000000000,0.000000000,0.000000000,0.000000000,0.000000000,0.000000000,0.000000000,0.000000000,0.000000000,0.000000000,0.000000000,0.000000000,0.000000000,0.000000000,0.000000000,0.000000000,0.000000000,0.000000000,0.000000000,0.000000000,0.000000000,0.000000000,0.000000000,0.000000000,0.000000000,0.000000000,0.000000000,0.000000000,0.000000000,0.000000000,0.000000000,0.000000000,0.000000000,0.000000000
XLA,BNT,XLA16-3-1B,XLA16BN-V01B,A6063,T6,3.68,0.000000000,0.000000000,0.000000000,0.000000000,0.000000000,0.000000000,0.132300000,0.000000000,0.000000000,0.000000000,0.000000000,0.000000000,0.000000000,0.000000000,0.000000000,0.132300000,0.000000000,0.000000000,0.000000000,0.661500000,0.000000000,0.000000000,0.000000000,0.000000000,0.000000000,0.000000000,0.000000000,0.000000000,0.000000000,3.572100000,0.000000000,0.000000000,0.000000000,0.000000000,0.000000000,0.000000000
XLA,BNT,XLA25-3-1B,XLA25BN-V01D,A6063,T6,5.87,0.000000000,0.000000000,0.000000000,0.000000000,0.000000000,0.000000000,0.000000000,0.000000000,0.000000000,0.264600000,0.000000000,0.000000000,0.000000000,0.000000000,0.000000000,0.000000000,0.793800000,0.000000000,0.000000000,0.000000000,0.000000000,0.000000000,0.000000000,4.762800000,0.000000000,0.000000000,9.790200000,0.000000000,0.000000000,0.000000000,0.000000000,0.000000000,0.000000000,0.000000000,0.000000000,0.000000000
XLA,BNT,XLA25-3-1B,XLA25BN-V02D,A6063,T6,5.87,0.000000000,0.000000000,0.000000000,0.000000000,0.000000000,0.000000000,0.000000000,0.000000000,0.000000000,0.000000000,0.000000000,0.000000000,0.000000000,0.000000000,0.000000000,0.000000000,0.000000000,0.000000000,0.000000000,0.000000000,0.000000000,0.000000000,0.000000000,0.000000000,0.000000000,0.000000000,0.000000000,0.000000000,0.000000000,0.000000000,0.000000000,0.000000000,0.000000000,0.000000000,0.000000000,0.000000000
XLA,Body,XLA16-1B-S,XLA16B2-V02B,A6063,T6,4.85,0.000000000,0.000000000,0.000000000,0.000000000,0.000000000,0.000000000,0.000000000,0.000000000,0.000000000,0.000000000,0.000000000,0.000000000,0.000000000,0.000000000,0.000000000,0.000000000,0.000000000,0.000000000,0.000000000,0.000000000,0.000000000,0.000000000,0.000000000,0.000000000,0.000000000,0.000000000,0.000000000,0.000000000,0.000000000,0.000000000,0.000000000,0.000000000,0.000000000,0.000000000,0.000000000,0.000000000
XLA,Body,XLA16-1B-S,XLA16B2-V01B,A6063,T6,4.85,0.000000000,0.000000000,0.000000000,0.000000000,0.000000000,0.000000000,0.132300000,0.000000000,0.000000000,0.000000000,0.000000000,0.000000000,0.000000000,0.000000000,0.000000000,0.132300000,0.000000000,0.000000000,0.000000000,0.661500000,0.000000000,0.000000000,0.000000000,0.000000000,0.000000000,0.000000000,2.646000000,0.000000000,0.000000000,3.969000000,0.000000000,0.000000000,13.759200000,0.000000000,0.000000000,0.000000000
XLA,Body,XLA25-1B-S,XLA25B2-V01B,A6063,T6,7.28,0.000000000,0.000000000,0.000000000,0.793800000,0.000000000,0.000000000,0.000000000,0.000000000,0.000000000,0.000000000,0.000000000,0.000000000,0.000000000,0.000000000,0.000000000,0.000000000,0.793800000,0.000000000,0.000000000,0.793800000,0.000000000,0.000000000,0.000000000,15.346800000,0.000000000,0.000000000,20.506500000,0.000000000,0.000000000,30.958200000,0.000000000,0.000000000,3.969000000,0.000000000,0.000000000,11.113200000
XLA,Body,XLA25-1B-S,XLA25B2-V02B,A6063,T6,7.28,0.000000000,0.000000000,0.000000000,0.000000000,0.000000000,0.000000000,0.000000000,0.000000000,0.000000000,0.000000000,0.000000000,0.000000000,0.000000000,0.000000000,0.000000000,0.000000000,0.000000000,0.000000000,0.000000000,0.000000000,0.000000000,0.000000000,0.000000000,0.000000000,0.000000000,0.000000000,0.000000000,0.000000000,0.000000000,0.000000000,0.000000000,0.000000000,0.000000000,0.000000000,0.000000000,0.000000000
XLA,Body,XLA40-1B-S,XLA40B2-V01B,A6063,T6,12.34,1.455300000,0.000000000,0.000000000,0.000000000,0.000000000,0.000000000,0.000000000,0.000000000,0.000000000,0.000000000,0.000000000,0.000000000,0.000000000,0.000000000,0.000000000,0.529200000,0.000000000,0.000000000,0.793800000,0.000000000,0.000000000,0.661500000,0.000000000,0.000000000,0.264600000,0.000000000,0.000000000,0.264600000,0.000000000,0.000000000,1.323000000,0.000000000,0.000000000,0.000000000,0.000000000,0.000000000
É}ÉjÉzÅ[ÉãÉh,DXT,DXT155-38-1,DXT155M-V02D,A6063,T5,2.43,0.000000000,0.000000000,0.000000000,0.000000000,0.000000000,0.000000000,0.000000000,0.000000000,0.000000000,0.000000000,0.000000000,0.000000000,0.000000000,0.000000000,0.000000000,0.000000000,0.000000000,0.000000000,0.000000000,0.000000000,0.000000000,0.000000000,0.000000000,0.000000000,0.000000000,0.000000000,0.000000000,0.000000000,0.000000000,0.000000000,0.000000000,0.000000000,0.000000000,0.000000000,0.000000000,0.000000000
É}ÉjÉzÅ[ÉãÉh,DXT,DXT155-38-1,DXT155M-V01D,A6063,T5,2.43,0.000000000,0.000000000,0.000000000,0.000000000,0.000000000,0.000000000,0.132300000,0.000000000,0.000000000,0.000000000,0.000000000,0.000000000,0.264600000,0.000000000,0.000000000,0.661500000,0.000000000,0.000000000,0.264600000,0.000000000,4.233600000,0.000000000,0.000000000,0.000000000,0.000000000,0.000000000,0.000000000,0.000000000,0.000000000,0.000000000,0.000000000,0.000000000,0.000000000,0.000000000,0.000000000,0.000000000
É}ÉjÉzÅ[ÉãÉh,DXT,DXT192-11-3,DXT192M1-V01D,A6063,T5,1.85,0.000000000,0.000000000,0.000000000,0.000000000,0.000000000,0.000000000,0.000000000,0.000000000,0.000000000,0.066150000,0.000000000,0.000000000,0.066150000,0.000000000,0.000000000,0.264600000,0.330750000,0.000000000,0.000000000,0.396900000,8.731800000,0.000000000,0.000000000,0.595350000,0.000000000,0.000000000,0.000000000,0.000000000,0.000000000,0.000000000,0.000000000,0.000000000,3.836700000,0.000000000,0.000000000,0.000000000
É}ÉjÉzÅ[ÉãÉh,DXT,DXT192-11-3,DXT192M1-V02D,A6063,T5,1.85,0.000000000,0.000000000,0.000000000,0.000000000,0.000000000,0.000000000,0.000000000,0.000000000,0.000000000,0.000000000,0.000000000,0.000000000,0.000000000,0.000000000,0.000000000,0.000000000,0.000000000,0.000000000,0.000000000,0.000000000,0.000000000,0.000000000,0.000000000,0.000000000,0.000000000,0.000000000,0.000000000,0.000000000,0.000000000,0.000000000,0.000000000,0.000000000,0.000000000,0.000000000,0.000000000,0.000000000
É}ÉjÉzÅ[ÉãÉh,SY,SY3000-20-1,SY30M-V01B,A6063,T5,3.22,1.984500000,0.000000000,0.000000000,0.661500000,0.000000000,0.000000000,0.000000000,0.000000000,0.000000000,0.000000000,0.000000000,0.000000000,0.132300000,0.000000000,0.000000000,0.926100000,0.000000000,0.000000000,0.000000000,1.323000000,0.000000000,0.000000000,0.000000000,1.587600000,0.000000000,0.000000000,4.365900000,0.000000000,0.000000000,0.000000000,0.000000000,0.000000000,0.000000000,0.000000000,0.000000000,0.000000000
É}ÉjÉzÅ[ÉãÉh,SY,SY3000-20-1,SY30M-V02B,A6063,T5,3.22,0.000000000,0.000000000,0.000000000,0.000000000,0.000000000,0.000000000,0.000000000,0.000000000,0.000000000,0.000000000,0.000000000,0.000000000,0.000000000,0.000000000,0.000000000,0.000000000,0.000000000,0.000000000,0.000000000,0.000000000,0.000000000,0.000000000,0.000000000,0.000000000,0.000000000,0.000000000,0.000000000,0.000000000,0.000000000,0.000000000,0.000000000,0.000000000,0.000000000,0.000000000,0.000000000,0.000000000
É}ÉjÉzÅ[ÉãÉh,SY,SY5000-20-1,SY50M-V01B,A6063,T5,4.44,0.000000000,0.000000000,0.000000000,0.000000000,0.000000000,0.000000000,0.132300000,0.000000000,0.000000000,0.000000000,0.000000000,0.000000000,0.000000000,0.000000000,0.000000000,0.264600000,0.000000000,0.000000000,0.396900000,0.000000000,0.000000000,0.264600000,0.000000000,0.000000000,0.132300000,0.000000000,0.000000000,0.000000000,0.000000000,0.000000000,0.264600000,0.000000000,0.000000000,0.000000000,0.000000000,0.000000000
É}ÉjÉzÅ[ÉãÉh,SY,SY7000-20-1,SY70M-V01B,A6063,T5,6.22,1.058400000,0.000000000,0.000000000,0.000000000,0.000000000,0.000000000,0.000000000,0.000000000,0.000000000,0.000000000,0.000000000,0.000000000,0.000000000,0.000000000,0.000000000,0.264600000,0.000000000,0.000000000,0.264600000,0.000000000,0.000000000,0.529200000,0.000000000,0.000000000,0.000000000,0.000000000,0.000000000,0.000000000,0.000000000,0.529200000,0.000000000,0.000000000,1.719900000,0.000000000,0.000000000,0.000000000
É}ÉjÉzÅ[ÉãÉh,VJ,VJ100-16-7,VJ10M-V01D,A6063,T5,0.66,0.000000000,0.000000000,0.000000000,0.000000000,0.000000000,0.000000000,0.000000000,0.000000000,0.000000000,0.066150000,0.000000000,0.000000000,0.000000000,0.000000000,0.000000000,0.198450000,0.000000000,0.000000000,0.000000000,0.000000000,0.132300000,0.000000000,0.132300000,0.330750000,0.000000000,0.000000000,0.000000000,0.000000000,0.000000000,2.646000000,0.000000000,0.000000000,1.984500000,0.000000000,0.000000000,0.000000000
É}ÉjÉzÅ[ÉãÉh,VJ,VJ100-16-7,VJ10M-V02D,A6063,T5,0.66,0.000000000,0.000000000,0.000000000,0.000000000,0.000000000,0.000000000,0.000000000,0.000000000,0.000000000,0.000000000,0.000000000,0.000000000,0.000000000,0.000000000,0.000000000,0.000000000,0.000000000,0.000000000,0.000000000,0.000000000,0.000000000,0.000000000,0.000000000,0.000000000,0.000000000,0.000000000,0.000000000,0.000000000,0.000000000,0.000000000,0.000000000,0.000000000,0.000000000,0.000000000,0.000000000,0.000000000
É}ÉjÉzÅ[ÉãÉh,VJ,VJ3000-20-1,VJ30M1-V02D,A6063,T5,1.79,0.000000000,0.000000000,0.000000000,0.000000000,0.000000000,0.000000000,0.000000000,0.000000000,0.000000000,0.000000000,0.000000000,0.000000000,0.000000000,0.000000000,0.000000000,0.000000000,0.000000000,0.000000000,0.000000000,0.000000000,0.000000000,0.000000000,0.000000000,0.000000000,0.000000000,0.000000000,0.000000000,0.000000000,0.000000000,0.000000000,0.000000000,0.000000000,0.000000000,0.000000000,0.000000000,0.000000000
É}ÉjÉzÅ[ÉãÉh,VJ,VJ3000-20-1,VJ30M1-V01D,A6063,T5,1.79,0.000000000,0.000000000,0.000000000,0.000000000,0.000000000,0.000000000,0.000000000,0.000000000,0.000000000,0.066150000,0.000000000,0.000000000,0.000000000,0.000000000,0.000000000,0.132300000,0.000000000,0.000000000,0.264600000,0.000000000,0.000000000,0.198450000,0.000000000,0.000000000,0.000000000,0.000000000,0.330750000,0.000000000,0.000000000,0.000000000,0.000000000,0.000000000,4.233600000,0.000000000,0.000000000,4.101300000
É}ÉjÉzÅ[ÉãÉh,VV,DXT156-10-11,VV10M1-V01B,A6063,T5,3.33,0.000000000,0.000000000,0.000000000,0.132300000,0.000000000,0.000000000,0.000000000,0.000000000,0.000000000,0.000000000,0.000000000,0.000000000,0.000000000,0.000000000,0.000000000,0.132300000,0.000000000,0.000000000,0.264600000,0.000000000,0.396900000,0.000000000,0.000000000,0.000000000,0.000000000,0.000000000,1.984500000,0.000000000,0.000000000,2.646000000,0.000000000,0.000000000,0.000000000,0.000000000,0.000000000,0.000000000
É}ÉjÉzÅ[ÉãÉh,VV,DXT199-20-23,VV14M1-V01D,A6063,T5,2.58,0.000000000,0.000000000,0.000000000,0.000000000,0.000000000,0.000000000,0.000000000,0.000000000,0.000000000,0.132300000,0.000000000,0.000000000,0.000000000,0.000000000,0.000000000,0.793800000,0.000000000,0.000000000,0.396900000,0.000000000,4.895100000,0.000000000,0.000000000,0.000000000,0.000000000,0.000000000,0.000000000,0.000000000,0.000000000,0.000000000,0.000000000,0.000000000,0.000000000,0.000000000,0.000000000,0.000000000
É}ÉjÉzÅ[ÉãÉh,VV,DXT199-20-23,VV14M1-V02D,A6063,T5,2.58,0.000000000,0.000000000,0.000000000,0.000000000,0.000000000,0.000000000,0.000000000,0.000000000,0.000000000,0.000000000,0.000000000,0.000000000,0.000000000,0.000000000,0.000000000,0.000000000,0.000000000,0.000000000,0.000000000,0.000000000,0.000000000,0.000000000,0.000000000,0.000000000,0.000000000,0.000000000,0.000000000,0.000000000,0.000000000,0.000000000,0.000000000,0.000000000,0.000000000,0.000000000,0.000000000,0.000000000
É}ÉjÉzÅ[ÉãÉh,VV,DXT201-13-13,VV15M1-V01D,A6063,T5,3.54,0.000000000,0.000000000,0.000000000,0.000000000,0.000000000,0.000000000,0.000000000,0.000000000,0.000000000,0.132300000,0.000000000,0.000000000,0.000000000,0.000000000,0.000000000,0.793800000,0.000000000,0.000000000,0.000000000,0.000000000,0.529200000,0.000000000,0.000000000,0.529200000,0.000000000,0.000000000,0.000000000,0.000000000,0.000000000,0.000000000,0.000000000,0.000000000,0.000000000,0.000000000,0.000000000,0.000000000
É}ÉjÉzÅ[ÉãÉh,VV,DXT201-13-13,VV15M1-V02D,A6063,T5,3.54,0.000000000,0.000000000,0.000000000,0.000000000,0.000000000,0.000000000,0.000000000,0.000000000,0.000000000,0.000000000,0.000000000,0.000000000,0.000000000,0.000000000,0.000000000,0.000000000,0.000000000,0.000000000,0.000000000,0.000000000,0.000000000,0.000000000,0.000000000,0.000000000,0.000000000,0.000000000,0.000000000,0.000000000,0.000000000,0.000000000,0.000000000,0.000000000,0.000000000,0.000000000,0.000000000,0.000000000
É}ÉjÉzÅ[ÉãÉhÉäÉtÉåÉbÉVÉÖ,SY_MP,SY30M-20-E-1,SY30MP-V01D,A6063,T5,4.22,0.000000000,0.000000000,0.000000000,0.000000000,0.000000000,0.000000000,0.132300000,0.000000000,0.000000000,0.000000000,0.000000000,0.000000000,0.000000000,0.000000000,0.000000000,0.132300000,0.000000000,0.000000000,0.396900000,0.000000000,0.000000000,0.926100000,0.000000000,0.000000000,0.000000000,0.661500000,0.000000000,0.000000000,0.000000000,0.000000000,0.000000000,0.000000000,7.144200000,0.000000000,0.000000000,7.673400000
É}ÉjÉzÅ[ÉãÉhÉäÉtÉåÉbÉVÉÖ,SY_MP,SY50M-20-E-1,SY50MP-V02D,A6063,T5,6.73,0.000000000,0.000000000,0.000000000,0.000000000,0.000000000,0.000000000,0.000000000,0.000000000,0.000000000,0.000000000,0.000000000,0.000000000,0.000000000,0.000000000,0.000000000,0.000000000,0.000000000,0.000000000,0.000000000,0.000000000,0.000000000,0.000000000,0.000000000,0.000000000,0.000000000,0.000000000,0.000000000,0.000000000,0.000000000,0.000000000,0.000000000,0.000000000,0.000000000,0.000000000,0.000000000,0.000000000
É}ÉjÉzÅ[ÉãÉhÉäÉtÉåÉbÉVÉÖ,SY_MP,SY50M-20-E-1,SY50MP-V01D,A6063,T5,6.73,0.000000000,0.000000000,0.000000000,0.000000000,0.000000000,0.000000000,0.264600000,0.000000000,0.000000000,0.000000000,0.000000000,0.000000000,0.000000000,0.000000000,0.000000000,0.264600000,0.000000000,0.000000000,1.058400000,0.000000000,0.000000000,1.719900000,0.000000000,0.000000000,0.000000000,0.000000000,3.439800000,0.000000000,0.000000000,5.292000000,0.000000000,0.000000000,8.731800000,0.000000000,0.000000000,5.292000000
