"die number","production number","arrival at","die diamater",bolster,die_postition
APT2-V01B,APTE00-98000724-D,2021-11-17,260,B4626-1710-**,A1_1A
APT3-V01B,APTE00-98000404-D,2021-11-17,260,B4626-1710-**,A1_2A
APT4-V01B,APTE00-98000565-D,0000-00-00,260,B4626-1010-**,A1_3A
APT4-V02B,APTE00-98000565-D,2021-12-27,260,B4626-1010-**,A1_3B
APT5-V01B,APTE00-96000152-D,2021-11-17,260,B4626-1010-**,A2_1A
APT5-V01C,APTE00-96000152-D,2023-03-21,260,B4626-1010-**,A2_1B
APT6-V01B,APTE00-96000150-D,0000-00-00,260,B4626-1010-**,A2_2A
APT6-V01B1,APTE00-96000150-D,2021-11-01,260,B4626-1010-**,
APT6-V02B,APTE00-96000150-D,2021-12-27,260,B4626-1010-**,A2_2B
APT7-V01B,APTE00-98000948-D,2021-11-17,260,B4626-1010-**,A2_3A
APT8-V01B,APTE00-96001786-D,2021-12-07,260,B4626-1010-**,A3_1A
AXT663M5-V01D,AXT663-1-X439,2022-06-29,260,B4626-1710-**,K1_1A
AXT663M5-V02D,AXT663-1-X439,2023-08-28,260,B4626-1710-**,K1_2A
AXT663M6-V01D,AXT663-1-X437,2022-06-29,260,B4626-1710-**,K1_1B
AXT663M6-V02D,AXT663-1-X437,2023-08-29,260,B4626-1710-**,K1_2B
AXT663M7-V01D,AXT663-1-X448,2022-06-29,260,B4626-1710-**,K1_3A
AXT663M7-V02D,AXT663-1-X448,2023-08-29,260,B4626-1710-**,K2_2A
AXT835M-V01D,AXT835-30D-1,2022-07-02,260,B4626-1710-**,K1_3B
AXT835M-V02D,AXT835-30D-1,2023-08-29,260,B4626-1710-**,K2_2B
CA20T-V01C,S192A63T26X20X20,2022-06-27,260,B4626-1710-**,K2_1A
CA25T-V01C,S192A63T31X25X30,2022-06-27,260,B4626-1710-**,K2_1B
CA32T-V01C,S192A63T38X32X30,2022-06-27,260,B4626-1710-**,K2_3A
CA40S-V01D,C2A40E-AA698-15K,2023-10-24,230,B4626-1710-**,T1_2A
CA40T-V01C,S192A63T47X40X30,2022-06-27,260,B4626-1710-**,K2_3B
CA50T-V01C,S192A63T58X50X30,2022-06-27,260,B4626-1710-**,K3_1A
CA63S-V01D,C2A63E-AA699-15K,2023-10-24,230,B4626-1710-**,T2_2A
CA63T-V01C,S192A63T72X63X30,2022-06-27,300,B4630-2012-**,K3_1B
CA80S-V01D,C2A80E-AA700-15K,2023-09-20,260,B4626-1710-**,H5-1A
CA80T-V01C,S192A63T89X80X30,2022-06-27,300,B4630-2012-**,K3_3A
CAA0T-V01C,S192A63T110X100X30,2022-06-27,300,B4630-1515-**,K3_3B
CG20H2-V01D,C1G20K02-AM405,2022-02-23,260,B4626-1710-**,A3_2A
CG20H2-V02D,C1G20K02-AM405,2022-11-14,260,B4626-1710-**,A3_2B
CG20R3-V01D,C3G20K02-AG001,0000-00-00,260,B4626-1010-**,A3_3A
CG20R3-V02D,C3G20K02-AG001,2022-11-23,260,B4626-1710-**,A3_3B
CG20TD-V01C,S163A63T26X20X20,2022-08-17,260,B4626-1710-**,K4_1A
CG25H2-V01D,C1G25K02-AM406,0000-00-00,260,B4626-1010-**,A4_1A
CG25H2-V02D,C1G25K02-AM406,2022-11-14,260,B4626-1710-**,A4_1B
CG25R3-V01D,C3G25K02-AG002,0000-00-00,260,B4626-1010-**,A4_2A
CG25R3-V02D,C3G25K02-AG002,2022-11-23,260,B4626-1710-**,A4_2B
CG25TD-V01C,S163A63T31X25X30,2022-08-17,260,B4626-1710-**,K4_1B
CG32H-V01C,C1G32L-M3322-20K,2021-11-04,260,B4626-1010-**,A5_1A
CG32H3-V01D,C1G32L-AT033-30K,0000-00-00,260,B4626-1010-**,A4_3A
CG32H3-V02D,C1G32L-AT033-30K,2022-11-21,260,B4626-1710-**,A4_3B
CG32R3-V01D,C3G32K02-AG003,0000-00-00,260,B4626-1010-**,A5_2A
CG32R3-V02D,C3G32K02-AG003,2022-11-23,260,B4626-1710-**,A5_2B
CG32TD-V01C,S163A63T38X32X30,2022-08-17,260,B4626-1710-**,K4_3A
CG40H-V01C,C1G40L-M3323-20K,2021-11-04,260,B4626-1010-**,B1_2A
CG40H3-V01D,C1G40L-AT034-30K,0000-00-00,260,B4626-1010-**,B1_1A
CG40H3-V02D,C1G40L-AT034-30K,2022-11-21,260,B4626-1710-**,B1_1B
CG40R-V01D,CG-040K02-35903A,2021-12-07,260,B4626-1010-**,B2_1A
CG40R3-V01D,C3G40K02-AG004,0000-00-00,260,B4626-1010-**,B1_3A
CG40R3-V02D,C3G40K02-AG004,2022-11-23,260,B4626-1710-**,B1_3B
CG40TD-V01C,S163A63T47X40X30,2022-08-08,260,B4626-1710-**,K4_3B
CG50H-V01C,C1G50L-M3324-20K,0000-00-00,260,B4626-1010-**,B2_3A
CG50H3-V01D,C1G50L-AT035-30K,0000-00-00,260,B4626-1010-**,B2_2A
CG50H3-V02D,C1G50L-AT035-30K,2022-11-21,260,B4626-1710-**,B2_2B
CG50R3-V01D,C3G50K02-AG005,0000-00-00,260,B4626-1010-**,B3_1A
CG50R3-V02D,C3G50K02-AG005,2022-11-23,260,B4626-1710-**,B3_1B
CG50TD-V01C,S163A63T58X50X30,2022-08-17,260,B4626-1710-**,K5_1A
CG63H3-V01D,C1G63L-AT036-30K,0000-00-00,300,B4630-1515-**,B3_2A
CG63H3-V02D,C1G63L-AT036-30K,2023-05-22,300,B4630-2012-**,2A1_1A
CG63R3-V01D,C3G63K02-AG006,0000-00-00,300,B4630-1515-**,B3_3A
CG63R3-V02D,C3G63K02-AG006,2022-11-29,260,B4630-1515-**,B3_3B
CG63TD-V01C,S163A63T72X63X30,2022-08-17,300,B4630-2012-**,K5_1B
CG80TD-V01C,S163A63T89X80X30,2022-08-17,300,B4630-2012-**,K5_3A
CGA0R-V01D,C1GA0L-M3207-20K,2023-05-23,380,B6033-2121--**,2A1_3A
CGA0TD-V01C,S163A63T110X100X30,2022-10-01,300,B4630-1515-**,K5_3B
CJ06C-V01D,C2J06LBAH080-30K,2021-12-07,260,B4626-1710-**,B4_2A
CJ06C2-V01D,C2J06LAAH080-30K,2021-12-07,260,B4626-1710-**,B4_1A
CJ06RT-V01D,C2J06Y-AH080-30K,0000-00-00,260,B4626-1710-**,B4_3A
CJ10C-V01D,C2J10L-AH082-30K,2022-04-29,260,B4626-1710-**,L1_1A
CJ10C-V02D,C2J10L-AH082-30K,2023-02-08,260,B4626-1710-**,L1_1B
CJ10P-V01D,C2J10M-AF112-25K,2021-10-01,260,B4626-1710-**,B5_1A
CJ10P-V02D,C2J10M-AF112-25K,2023-02-08,260,B4626-1710-**,B5_1B
CJ12P-V01D,C8512M-AF117-25K,2021-12-07,260,B4626-1710-**,B5_2A
CJ16C-V01D,C2J16L-AH081-30K,2022-04-29,260,B4626-1710-**,L1_2A
CJ16C-V02D,C2J16L-AH081-30K,2023-02-08,260,B4626-1710-**,L1_2B
CJ16P-V01D,C2J16M-AF113-25K,2021-10-01,260,B4626-1710-**,B5_3A
CJ16P-V02D,C2J16M-AF113-25K,2023-02-08,260,B4626-1710-**,B5_3B
CJP10B-V01D,C2P10K-AB841-20K,2022-11-29,260,B4626-1710-**,L1_3A
CJP10B-V02D,C2P10K-AB841-20K,2023-08-17,260,B4626-1710-**,L2_2A
CJP16B-V01D,C2P16K-AB842-20K,2022-11-29,260,B4626-1710-**,L1_3B
CJP16B-V02D,C2P16K-AB842-20K,2023-08-17,260,B4626-1710-**,L2_2B
CKQ50B2-V01D,CKQ50-27-BA265-20K,2023-05-22,300,B6030-1515--**,2A2_1A
CKZ40C-V01D,CKZ40-03AAB376-20K,2023-04-05,260,B6026-1712--**,P5_1A
CLK50R-V01D,CLK50L-AC510-20K,2023-05-22,330,B6033-2121--**,2A2_3A
CLK63R-V01D,CLK63L-AC511-20K,2023-05-22,380,B6033-2121--**,2A3_1A
CM20AH-V01D,C2M020K02-68714B,2021-11-30,260,B4626-1010-**,C1_1A
CM20AH-V02D,C2M020K02-68714B,2022-11-23,260,B4626-1710-**,C1_1B
CM20AS-V01D,C2M020K03-68714B,2021-10-09,260,B4626-1010-**,C1_2A
CM20AS-V02D,C2M020K03-68714B,2022-11-14,260,B4626-1710-**,C1_2B
CM25AH-V01D,C2M025K02-68715B,2021-11-30,260,B4626-1010-**,C1_3A
CM25AH-V02D,C2M025K02-68715B,2022-11-29,260,B4626-1710-**,C1_3B
CM25AS-V01D,C2M025K03-68715B,2021-10-09,260,B4626-1010-**,C2_1A
CM25AS-V02D,C2M025K03-68715B,2022-11-14,260,B4626-1710-**,C2_1B
CM32AH-V01D,C2M032K02-68716B,2021-11-30,260,B4626-1010-**,C2_2A
CM32AH-V02D,C2M032K02-68716B,2022-11-23,260,B4626-1710-**,C2_2B
CM32AS-V01D,C2M032K03-68716B,2021-10-09,260,B4626-1010-**,C2_3A
CM32AS-V02D,C2M032K03-68716B,2022-11-14,260,B4626-1710-**,C2_3B
CM40AH-V01D,C2M040K02-68717B,2021-11-30,260,B4626-1010-**,C3_1A
CM40AH-V02D,C2M040K02-68717B,2022-11-23,260,B4626-1710-**,C3_1B
CM40AS-V01D,C2M040K03-68717B,2021-10-09,260,B4626-1010-**,C3_2A
CM40AS-V02D,C2M040K03-68717B,2022-11-14,260,B4626-1710-**,C3_2B
CP9632T-V01B,C9632ABAC958-30K,2022-06-27,260,B4626-1710-**,L2_1A
CP9640T-V01B,C9640ABAC959-30K,2022-06-27,260,B4626-1710-**,L2_1B
CP9650T-V01B,C9650ABAC960-30K,2022-06-27,300,B4630-2012-**,L2_3A
CP9663T-V01B,C9663ABAC961-30K,2022-07-02,300,B4630-2012-**,L2_3B
CP9680T-V01B,C9680AAAC962A30K,2023-08-24,330,B6033-2121--**,2J2_1A
CP96A0T-V01B,C96A0AAAC963A30K,2023-08-24,380,B6033-2121--**,2J2_3A
CP96A2T-V01B,C96A2AAAC964A30K,2023-08-24,420,B6042-3030--**,2J3_1A
CQ12C-V01D,S501A61T14X06X30,2021-11-30,260,B4626-1710-**,C3_3A
CQ12C-V02D,S501A61T14X06X30,2022-11-02,260,B4626-1710-**,C3_3B
CQ12G-V01C,C2Q12G-P1280-30K,2021-11-30,260,B4626-1710-**,C4_1A
CQ12G-V01D,C2Q12G-P1280-30K,2023-04-10,260,B4630-2012-**,C4_1B
CQ12T3L-V01B,C2Q12A-AD367-20K,2022-05-17,260,B4626-1010-**,L3_1A
CQ12TH-V01D,C2Q012K04-56563,2022-12-07,260,B4626-1710-**,L3_1B
CQ16C-V01D,S501A61T19X08X30,2021-11-17,260,B4626-1710-**,C4_2A
CQ16C-V02D,S501A61T19X08X30,2022-11-02,260,B4626-1710-**,C4_2B
CQ16G-V01C,C2Q16G-P1281-30K,2021-11-04,260,B4626-1710-**,C4_3A
CQ16G-V01D,C2Q16G-P1281-30K,2023-05-23,260,B4626-1710-**,C4_3B
CQ16T3L-V01B,C2Q16A-AD368-20K,2022-05-17,260,B4626-1710-**,L3_3A
CQ16TH-V01D,C2Q016K04-56564,2023-02-08,260,B4626-1710-**,L3_3B
CQ20C-V01D,S501A61T23X10X30,2021-11-17,260,B4626-1710-**,C5_1A
CQ20C-V02D,S501A61T23X10X30,2022-11-02,260,B4626-1710-**,C5_1B
CQ20G-V01C,C2Q20G-P1282-30K,2021-11-04,260,B4626-1710-**,C5_2A
CQ20G-V01D,C2Q20G-P1282-30K,2023-05-23,260,B4626-1710-**,C5_2B
CQ20K-V01D,C2Q020K31-49998A,2021-11-17,260,B4626-1710-**,C5_3A
CQ20K-V02D,C2Q020K31-49998A,2023-05-23,260,B4630-2012-**,C5_3B
CQ20T2-V01D,C2Q020K04-51396,2022-08-24,260,B4626-1710-**,L4_1A
CQ20T2-V02D,C2Q020K04-51396,2023-09-29,260,B4626-1710-**,L4_2A
CQ20T3-V01B,C2Q20A-AD136A20K,2022-06-16,260,B4626-1710-**,L4_1B
CQ25C-V01D,S501A61T27X12X30,2021-11-17,260,B4626-1710-**,D1_1A
CQ25C-V02D,S501A61T27X12X30,2022-11-02,260,B4626-1710-**,D1_1B
CQ25G-V01C,C2Q25G-P1283-30K,2021-11-04,260,B4626-1710-**,D1_2A
CQ25G-V01D,C2Q25G-P1283-30K,2023-05-23,260,B4626-1710-**,D1_2B
CQ25T3-V01B,C2Q25A-AD137A20K,2022-06-16,260,B4626-1710-**,L4_3A
CQ32C-V01D,S501A61T35X16X30,2021-11-17,260,B4626-1010-**,D1_3A
CQ32C-V02D,S501A61T35X16X30,2022-11-02,260,B4626-1710-**,D1_3B
CQ32G-V01C,C2Q32G-P1284-30K,2021-11-04,260,B4626-1010-**,D2_1A
CQ32K-V01D,C2Q032K31-49701A,2023-04-05,260,B4626-1710-**,P5_3A
CQ32R3-V01D,C2Q32L-AD138-20K,2023-03-03,260,B6026-1712--**,P4_1A
CQ32T-V01B,C2Q32-04-J0779-K,2020-06-17,260,B4626-1010-**,D2_2A
CQ32T-V02B,C2Q32-04-J0779-K,2022-05-05,260,B4626-1010-**,D2_2B
CQ32T3-V01B,C2Q32A-AD138A20K,2022-06-27,260,B4626-1710-**,L4_3B
CQ32T3-V01B-ZZZ,C2Q32A-AD138A30K,2022-07-26,260,B4626-1710-**,
CQ40C-V01D,S501A61T43X16X30,2021-11-17,260,B4626-1010-**,D2_3A
CQ40C-V02D,S501A61T43X16X30,2022-11-09,260,B4626-1710-**,D2_3B
CQ40G-V01C,C2Q40G-P1285-30K,2021-11-04,260,B4626-1010-**,D3_1A
CQ40G-V01D,C2Q40G-P1285-30K,2023-04-10,260,B4630-2012-**,2A4_1A
CQ40K-V01D,C2Q040K31-49702A,2022-08-10,260,B4626-1710-**,L5_1A
CQ40K-V02D,C2Q040K31-49702A,2023-10-24,260,B4626-1710-**,S5_2A
CQ40R-V01D,C2Q40-02-J0786-K,2023-02-27,300,B6030-1515--**,P4_3A
CQ40T-V01B,C2Q40-04-J0780-K,2020-06-17,260,B4626-1010-**,D3_2A
CQ40T-V02B,C2Q40-04-J0780-K,2022-05-05,260,B4626-1010-**,D3_2B
CQ40T3-V01B,C2Q40A-AD139A20K,2022-06-27,260,B4626-1710-**,L5_1B
CQ40T3-V01B-ZZZ,C2Q40A-AD139A30K,2024-05-14,260,B4626-1710-**,
CQ50G-V01C,C2Q50G-F2256-30K,2022-06-15,260,B4626-1710-**,L5_3A
CQ50R-V01D,C2Q50-02-J0787-K,2023-04-05,330,B6033-2121--**,2G3_1A
CQ50R3-V01D,C2Q50L-AD140-20K,2023-05-23,330,B6033-2121--**,2A4_3A
CQ50T-V01B,C2Q50-04-J0781-K,2020-06-17,300,B4630-1515-**,D3_3A
CQ50T-V02B,C2Q50-04-J0781-K,2022-04-06,300,B6030-2012--**,D3_3B
CQ50T3-V01B,C2Q50A-AD140A20K,2022-06-16,300,B4630-2012-**,L5_3B
CQ50T3-V01B-ZZZ,C2Q50A-AD140A30K,2022-06-16,300,B4630-2012-**,
CQ63G-V01C,C2Q63G-F2257-20K,2022-06-15,260,B4626-1710-**,M1_1A
CQ63R-V01D,C2Q63-02-J1429-K,2023-05-23,380,B6033-2121--**,2B1_1A
CQ63R3-V01D,C2Q63L-AD141-20K,2023-05-23,380,B6033-2121--**,2G3_3A
CQ63T-V01C,C2Q63-04-J0782AK,2020-06-02,330,B6033-2121--**,D4_1A
CQ63T-V02C,C2Q63-04-J0782AK,2020-06-02,300,B4630-1515-**,D4_1B
CQ63T-V03C,C2Q63-04-J0782AK,2023-01-10,300,B4630-2012-**,Q5_3A
CQ63T3-V01C,C2Q63A-AD141A20K,2022-10-01,300,B6030-1515--**,2G2_1A
CQ63T3-V01C-ZZZ,C2Q63A-AD141A30K,2024-05-14,300,B6030-1515--**,
CQ80E-V01C,C2Q80G-F2258-20K,2023-05-23,300,B6030-1515--**,2B1_3A
CQ80K-V01D,C2Q080K31-49705A,2023-04-05,300,B6030-1515--**,Q5_3B
CQ80R3-V01D,C2Q80L-AD142-20K,2023-04-05,380,B6033-2121--**,2B2_1A
CQ80T-V01C,C2Q80-04-J0783-K,2023-05-29,380,B6033-2121--**,2B3_1A
CQ80T3-V01C,C2Q80A-AD142-20K,2023-05-16,380,B6033-2121--**,2B2_3A
CQ80T3-V01C-ZZZ,C2Q80A-AD142-30K,2024-05-14,380,B6033-2121--**,
CQA0E-V01C,C2QA0G-F2259-20K,2023-05-23,300,B6030-1515--**,2B3_3A
CQA0K-V01D,C2Q100K31-49706A,2023-04-05,300,B6030-1515--**,Q5_1A
CQA0T-V01C,C2QA0-04-J0784-K,2023-05-29,380,B6033-2121--**,2B4_3A
CQA0T3-V01C,C2QA0A-AD143-20K,2023-05-29,380,B6033-2121--**,2B4_1A
CQA0T3-V01C-ZZZ,C2QA0A-AD143-30K,2024-05-14,380,B6033-2121--**,
CQM63P0-V01E,CQM63J-AA073-20K,2023-10-18,300,B6030-1515--**,T3_2A
CQM80P0-V01E,CQM80J-AA074-20K,2023-10-18,330,B6033-2121--**,F5_3A
CQMA0P0-V01E,CQMA0J-AA075-20K,2023-10-18,380,B6033-2121--**,2J3_3A
CQS12R-V01D,CQS12-02-J4466-K,2023-10-06,230,B4620-1208-**,Q1_1A
CQS12T-V01D,CQS12-04-F6462-K,2022-08-10,260,B4626-1710-**,M1_3A
CQS12T2-V01D,CQS12-04-F6464-K,2022-08-24,260,B4626-1710-**,M1_3B
CQS12T3-V01D,CQS12-04-3819L-K,2023-10-06,230,B4620-1208-**,Q1_2A
CQS16R-V01E,CQS16-02-J4467-K,2023-10-16,260,B4626-1710-**,S3_2A
CQS16T-V01B,CQS16-04-F6463-K,2022-07-13,260,B4626-1710-**,M2_1A
CQS16T2-V01D,CQS16-04-F6465-K,2022-08-24,260,B4626-1710-**,M2_1B
CQS20R-V01E,CQS20-02-J4468-K,2023-10-16,260,B4626-1710-**,S2_3A
CQS20T-V01D,CQS20-04-F6466-K,2022-10-01,260,B4626-1710-**,M2_3A
CQS25R-V01E,CQS25-02-J4469-K,2023-10-18,260,B4626-1710-**,T4_2A
CQS25T-V01D,CQS25-04-F6467-K,2022-10-01,260,B4626-1710-**,M2_3B
CRQ10B-V01C,P4730001-D,2022-07-27,260,B4626-1710-**,D5_3A
CRQ10B-V02C,P4730001-D,2023-05-16,260,B4626-1710-**,D5_3B
CRQ10B-V03C,P4730001-D,2023-11-01,260,B4626-1710-**,I5_2A
CRQ15B-V01C,P4730002-D,2020-12-18,260,B4626-1710-**,D4_2A
CRQ15B-V02C,P4730002-D,2022-03-24,260,B4626-1710-**,D4_2B
CRQ20B-V01D,P4730003-D,2020-06-23,260,B4626-1710-**,D4_3A
CRQ20B-V02D,P4730003-D,2022-06-07,260,B4626-1710-**,D4_3B
CRQ20B-V03D,P4730003-D,2022-06-07,260,B4626-1710-**,T5_3B
CRQ30B-V01D,P4730004-D,2020-06-23,260,B4626-1010-**,D5_1A
CRQ30B-V02D,P4730004-D,2022-06-07,260,B4626-1710-**,D5_1B
CRQ30B-V03D,P4730004-D,2022-06-07,260,B4626-1710-**,S4_2A
CRQ40B-V01D,P4730005-D,2020-07-08,300,B4630-1515-**,D5_2A
CRQ40B-V02D,P4730005-D,2022-06-07,300,B4630-2012-**,D5_2B
CSA2S-V01D,C1SA2E-AA749-15K,2023-09-20,260,B4626-1710-**,Q1_3A
CSA6S-V01D,C1SA6E-AA750-15K,2023-09-20,260,B4626-1710-**,Q2_1A
CSA6S0-V01D,C1SA6E-Q4561-15K,2023-09-20,260,B4626-1710-**,Q2_2A
CSB0S-V01D,C1SB0E-AA752-15K,2023-10-24,230,B4620-1208-**,K4_2A
CU10B3-V01D,C2U10A-AS921-20K,2022-08-10,260,B4626-1710-**,M3_1A
CU10B3-V02D,C2U10A-AS921-20K,2023-10-24,260,B4626-1710-**,M3_1B
CU20B3-V01D,C2U20A-AS923-20K,2022-08-10,260,B4626-1710-**,M3_3A
CU20B3-V02D,C2U20A-AS923-20K,2023-10-06,260,B4626-1710-**,Q2_3A
CU25B3-V01D,C2U25A-AS924-20K,2022-08-10,260,B4626-1710-**,M3_3B
CU25B3-V02D,C2U25A-AS924-20K,2023-10-06,260,B4626-1710-**,Q3_1A
CU32B3-V01D,C2U32A-AS925-20K,2022-08-24,300,B4630-2012-**,M4_1A
CU32B3-V02D,C2U32A-AS925-20K,2023-10-24,300,B4630-2012-**,I5_3A
CUJ12A-V01D,CUJ12A-AD252-20K,2020-06-17,260,B4626-1710-**,E1_1A
CUJ12A-V02D,CUJ12A-AD252-20K,2022-01-17,260,B4626-1010-**,E1_1B
CUJ16A-V01D,CUJ16A-AD253-20K,2020-06-17,260,B4626-1710-**,E1_2A
CUJ16A-V02D,CUJ16A-AD253-20K,2022-01-17,260,B4626-1010-**,E1_2B
CUJ20A-V01D,CUJ20A-AD254-20K,2020-06-17,260,B4626-1710-**,E1_3A
CUJ20A-V02D,CUJ20A-AD254-20K,2022-04-01,260,B4626-1010-**,E1_3B
CX10P-V01D,C2X10J-K0456-20K,2023-10-06,230,B4626-1710-**,Q3_2A
CX15P-V01D,C2X15J-K0457-20K,2023-10-06,230,B4626-1710-**,Q3_3A
CXS06S3-V01D,CXS06A-R6000-20K,0000-00-00,260,B4626-1010-**,E2_1A
CXS06S3-V02D,CXS06A-R6000-20K,2023-08-29,260,B4626-1710-**,E2_1B
CXS10S3-V01D,CXS10A-R6001-20K,0000-00-00,260,B4626-1010-**,E2_2A
CXS10S3-V02D,CXS10A-R6001-20K,2023-08-29,260,B4626-1010-**,E2_2B
CXS15S3-V01D,CXS15A-BA022-20K,0000-00-00,260,B4626-1010-**,E2_3A
CXS15S3-V02D,CXS15A-BA022-20K,2023-08-29,260,B4626-1710-**,E2_3B
CXS20S3-V01D,CXS20A-BA023-20K,0000-00-00,260,B4626-1710-**,E3_1A
CXS20S3-V02D,CXS20A-BA023-20K,2023-08-29,260,B4626-1710-**,E3_1B
CXS25S3-V01D,CXS25A-BA024-20K,0000-00-00,300,B4630-1515-**,E3_2A
CXS25S3-V02D,CXS25A-BA024-20K,2023-09-11,300,B4630-1515-**,E3_2B
CXS32S3-V01D,CXS32A-BA025-20K,0000-00-00,300,B4630-1515-**,E3_3A
CXS32S3-V02D,CXS32A-BA025-20K,2023-09-11,300,B4630-1515-**,E3_3B
CYB06C-V01D,CYB06L-AS375-30K,2024-05-09,260,B4626-1710-**,
CYB10C-V01D,CYB10L-AS376-30K,2024-05-08,260,B4626-1710-**,
CYB15C-V01D,CYB15L-AS377-30K,2024-05-08,260,B4626-1710-**,
CYB32C-V01D,CYB32L-AS380-30K,2024-05-13,260,B4626-1710-**,
CYB40B-V01D,CYB40K-AS381-20K,2024-06-17,300,B6030-1515--**,
CYB40C-V01D,CYB40L-AS381-30K,2024-05-13,260,B4626-1710-**,
CYP15S-V01D,CYP15K-R5500-20K,2023-09-20,260,B4626-1710-**,Q4_1A
CYP32S-V01D,CYP32K-R5501-20K,2023-09-20,300,B4630-2012-**,Q4_2A
CYR06AR-V01D,CYR06L-AX660-20K,2023-11-20,230,B4620-1208-**,S1_2A
CYR06E-V01D,CYR06J-AX660-20K,2023-11-04,200,B4620-1208-**,K5_2A
CYR10AR-V01D,CYR10L-AX661-20K,2023-11-20,230,B4620-1208-**,A2_3B
CYR10B-V01D,CYR10K-AX661-20K,2023-11-04,230,B4620-1208-**,L5_2A
CYR10E-V01D,CYR10J-AX661-20K,2023-11-04,200,B4620-1208-**,M1_2A
CYR15AR-V01E,CYR15L-AX662-20K,2023-11-16,230,B4620-1208-**,O3_2A
CYR15B-V01D,CYR15K-AX662-20K,2023-11-04,230,B4620-1208-**,M2_2A
CYR15E-V01E,CYR15J-AX662-20K,2023-11-16,200,B4620-1208-**,Q4_3A
CYR20AR-V01E,CYR20L-AX663-20K,2023-11-16,230,B4620-1208-**,L3_2A
CYR20B-V01D,CYR20K-AX663-20K,2023-11-04,260,B4626-1710-**,M3_2A
CYR20E-V01E,CYR20J-AX663-20K,2023-11-16,200,B4620-1208-**,P1_2A
CYR25AR-V01E,CYR25L-AX664-20K,2023-11-16,230,B4620-1208-**,K3_2A
CYR25B-V01D,CYR25K-AX664-20K,2023-11-04,260,B4626-1710-**,P3_2A
CYR25E-V01E,CYR25J-AX664-20K,2023-11-16,260,B6026-1212--**,A3_1B
CYR32AR-V01D,CYR32L-AX665-20K,2023-11-04,260,B4626-1710-**,P4_2A
CYR32B-V01D,CYR32K-AX665-20K,2023-11-20,260,B4626-1710-**,J4_3A
CYR32E-V01D,CYR32-32-786GL,2023-09-20,300,B4630-2012-**,R1_1A
CYR32E2-V01E,CYR32J-AX665-20K,2023-11-16,260,B6026-1212--**,J5_1A
CYR40AR-V01D,CYR40L-AX666-20K,2023-11-04,260,B4626-1710-**,P5_2A
CYR40B-V01D,CYR40K-AX666-20K,2023-11-20,300,B4630-1515-**,J5_2A
CYR40E-V01E,CYR40J-AX666-20K,2023-11-16,300,B6030-2012--**,J5_3A
CYR50AR-V01E,CYR50L-AX667-20K,2023-11-16,300,B6030-2012--**,P2_2A
CYR50B-V01D,CYR50K-AX667-20K,2023-11-16,330,B6033-2121--**,2H3_2A
CYR50E-V01E,CYR50J-AX667-20K,2023-11-16,300,B6033-2121--**,A5_3A
CYR63AR-V01E,CYR63L-AX668-20K,2023-11-16,330,B6033-3114--**,2F1_2A
CYR63B-V01D,CYR63K-AX668-20K,2023-11-20,330,B6033-2121--**,2G1_2A
CYR63E-V01E,CYR63J-AX668-20K,2023-11-16,380,B6033-2121--**,2G2_2A
CYV15C-V01D,CYV15G-R5502-20K,2023-09-20,260,B4626-1710-**,Q5_2A
CYV15K-V01D,CYV15C-R5502-20K,2023-09-20,260,B4626-1710-**,R1_2A
CYV32C-V01D,CYV32G-R5503-20K,2023-09-20,260,B4626-1710-**,R1_3A
CYV32K-V01D,CYV32C-R5503A20K,2022-10-11,300,B4630-2012-**,T4_3B
DXT155M-V01D,DXT155-38-1,2020-06-17,260,B4626-1710-**,I2_3A
DXT155M-V02D,DXT155-38-1,2021-12-01,260,B4626-1710-**,I2_3B
DXT192M1-V01D,DXT192-11-3,2020-06-17,260,B4626-1710-**,I3_1A
DXT192M1-V02D,DXT192-11-3,2021-12-01,260,B4626-1010-**,I3_1B
DXT199M1-V01D,DXT199-20-1,2022-06-29,260,B4626-1710-**,M4_2A
DXT199M1-V02D,DXT199-20-1,2023-08-17,260,B4626-1710-**,M4_2B
LEF16MC1-V01D,LEF16-9D,2023-08-09,260,B4626-1710-**,H5_2A
LEF16MM0-V01D,LEF16-8D-HF,2023-08-09,260,B4626-1710-**,I5_1A
LEF25MC1-V01D,LEF25-9D,2023-08-18,260,B4626-1710-**,S3_1A
LEF25MC2-V01D,LEF25-9D-HF,2023-08-18,260,B4626-1710-**,S4_3A
LEF25MM0-V01D,LEF25-8D-HF,2023-08-30,300,B6030-2012--**,S2_1A
LEF32MM0-V01D,LEF32-8D-HF,2023-08-30,330,B6033-3114--**,S2_2A
LEF40MC1-V01D,LEF40-9D,2023-08-09,300,B4630-2012-**,S3_3A
LEF40MC2-V01D,LEF40-9D-HF,2023-08-09,330,B6033-2121--**,T5_2A
LEF40MM0-V01D,LEF40-8D-HF,2023-09-12,380,B6033-2121--**,2J4_1A
LEY63B-V01B,LEY63-1D,2023-04-20,300,B6030-1515--**,2G4_1A
LEYA0B-V01B,LEYA0A-YA012-25-K,2023-04-20,330,B6033-2121--**,2G4_3A
M1B32T-V01D,MB-32AAL8509-30K,2022-08-24,260,B4626-1710-**,M4_3A
M1B40T-V01D,MB-40AAL8510-30K,2022-08-24,260,B4626-1710-**,M4_3B
M1B50T-V01D,MB-50AAL8511-30K,2022-08-24,300,B4630-2012-**,M5_1A
M1B63T-V01D,MB-63ABL8512-30K,2022-08-24,330,B6033-2121--**,M5_1B
M1B80T-V01D,MB-80ABL8513-30K,2023-06-03,330,B6033-2121--**,2C1_1A
M1BA0T-V01B,MB-A0ABL8514-30K,2023-08-24,380,B6033-2121--**,2C1_1B
M1BA2T-V01D,MB-A2ABAB708-30K,2023-04-24,420,B6042-3030--**,2C1_3A
MB32C-V01D,MB-32-32-C6776-K,2022-06-29,260,B4626-1710-**,M5_3A
MB32C-V02D,MB-32-32-C6776-K,2023-08-28,260,B4626-1710-**,M5_3B
MB32T-V01C,S265A63T36X32X30,2022-06-27,260,B4626-1710-**,N1_1A
MB32TD-V01C,S409A63T36X32X30,2022-08-08,260,B4626-1710-**,M5_2A
MB40C-V01D,MB-40-32-C6777-K,2022-06-29,300,B4630-2012-**,N1_2A
MB40C-V02D,MB-40-32-C6777-K,2023-08-17,300,B4630-2012-**,N1_2B
MB40T-V01C,S265A63T45X40X30,2022-06-27,260,B4626-1710-**,N1_3A
MB40TD-V01C,S409A63T45X40X30,2022-08-08,260,B4626-1710-**,N1_3B
MB50C-V01D,MB-50-32-C6778-K,2023-05-23,330,B6033-2121--**,2C2_1A
MB50T-V01C,S265A63T55X50X30,2022-06-27,260,B4626-1710-**,N2_1B
MB50TD-V01C,S409A63T55X50X30,2022-08-08,260,B4626-1710-**,N2_1A
MB63C-V01D,MB-63-32-C6779-K,2023-05-23,380,B6033-2121--**,2C2_3A
MB63TD-V01C,S409A63T68X63X30,2022-06-01,260,B4626-1010-**,N2_3A
MB80C-V01D,MB-80-32-C6780-K,2023-05-23,380,B6033-2121--**,2C3_1A
MB80TD-V01C,S409A63T86X80X30,2022-08-17,300,B4630-2012-**,N2_3B
MBA0C-V01D,MB-A0-32-C6781-K,2023-05-23,380,B6033-2121--**,2C3_3A
MBA0TD-V01C,S409A63T107X100X30,2022-10-01,300,B4630-1515-**,N3_1A
MGJ06B-V01D,MGJ06K-BA394-20K,2022-07-02,260,B4626-1710-**,N3_2A
MGJ06B-V02D,MGJ06K-BA394-20K,2023-08-17,260,B4626-1710-**,N3_2B
MGJ10B-V01D,MGJ10K-BA395-20K,2022-07-02,260,B4626-1710-**,N3_3A
MGPL12B2-V01D,MGP12A-AC901-30K,0000-00-00,260,B4626-1710-**,E4_1A
MGPL12B2-V02D,MGP12A-AC901-30K,2022-11-23,260,B4626-1710-**,E4_1B
MGPL16B2-V01D,MGP16A-AC902-30K,0000-00-00,260,B4626-1710-**,E4_2A
MGPL16B2-V02D,MGP16A-AC902-30K,2022-11-29,260,B4626-1710-**,E4_2B
MGPL20B2-V01D,MGP20A-AC903-30K,0000-00-00,300,B4630-2012-**,E4_3A
MGPL20B2-V02D,MGP20A-AC903-30K,2022-11-29,260,B4630-1515-**,E4_3B
MGPL25B2-V01D,MGP25A-AC904-30K,0000-00-00,300,B4630-2012-**,E5_1A
MGPL25B2-V02D,MGP25A-AC904-30K,2022-11-29,300,B4630-2012-**,E5_1B
MGPL32B2-V01D,MGP32A-AC905-30K,0000-00-00,300,B4630-2012-**,E5_2A
MGPL32B2-V02D,MGP32A-AC905-30K,2023-05-29,300,B4630-2012-**,2C4_1A
MGPL40B2-V01D,MGP40A-AC906-30K,0000-00-00,300,B4630-2012-**,E5_3A
MGPL40B2-V02D,MGP40A-AC906-30K,2023-05-29,300,B4630-2012-**,2C4_3A
MGPL50B2-V01D,MGP50A-AC907-20K,2023-05-22,380,B6033-3114--**,2H1_1A
MGPL63B2-V01D,MGP63A-AC908-20K,2023-05-23,420,B6042-4020--**,2H1_3A
MGPL80B2-V01D,MGP80A-AC909-20K,2023-04-24,500,B6042-4020--**,2D1_1A
MGPLA0B2-V01D,MGPA0A-AC910-20K,2023-05-22,500,B6042-4020--**,2D1_3A
MGPM12B2-V01D,MGP12A-AC891-30K,2021-10-28,260,B4626-1010-**,F1_1A
MGPM12B2-V02D,MGP12A-AC891-30K,2022-11-23,260,B4626-1710-**,F1_1B
MGPM16B2-V01D,MGP16A-AC892-30K,2021-11-17,260,B4626-1710-**,F1_2A
MGPM16B2-V02D,MGP16A-AC892-30K,2022-11-29,260,B4626-1710-**,F1_2B
MGPM20B2-V01D,MGP20A-AC893-30K,2021-11-17,300,B4630-2012-**,F1_3A
MGPM20B2-V02D,MGP20A-AC893-30K,2022-11-21,300,B4630-2012-**,F1_3B
MGPM25B2-V01D,MGP25A-AC894-30K,2021-11-17,300,B4630-1515-**,F2_1A
MGPM25B2-V02D,MGP25A-AC894-30K,2022-11-29,300,B4630-2012-**,F2_1B
MGPM32B2-V01D,MGP32A-AC895-30K,0000-00-00,300,B4630-2012-**,F2_2A
MGPM32B2-V02D,MGP32A-AC895-30K,2023-05-24,300,B4630-2012-**,F2_2B
MGPM40B2-V01D,MGP40A-AC896-30K,0000-00-00,300,B4630-2012-**,F2_3A
MGPM40B2-V02D,MGP40A-AC896-30K,2023-05-24,300,B4630-2012-**,F2_3B
MGPM50B2-V01D,MGP50A-AC897-20K,2023-05-22,380,B6033-3114--**,2D2_1A
MGPM63B2-V01D,MGP63A-AC898-20K,2023-05-22,420,B6042-4020--**,2D2_3A
MGPM80B2-V01D,MGP80A-AC899-20K,2023-05-22,500,B6042-4020--**,2D3_1A
MGPMA0B2-V01D,MGPA0A-AC900-20K,2023-05-22,500,B6042-4020--**,2D3_3A
MGZ63H-V01D,MGZ63LBQ5434-20K,2023-05-23,380,B6033-2121--**,2D4_1A
MGZ63T-V01D,MGZ63ABQ5434-25K,2024-01-03,330,B6033-2121--**,
MGZ80H-V01D,MGZ80LBY0501-20K,2023-04-05,380,B6033-2121--**,2D4_3A
MHF08B-V01D,P4814101-M-1,2022-08-24,260,B4626-1710-**,N2_2A
MHF08B-V02D,P4814101-M-1,2023-11-06,260,B4626-1710-**,N2_2B
MHF12B-V01D,P4814201-M-1,2022-08-24,260,B4626-1710-**,N4_1A
MHF12B-V02D,P4814201-M-1,2023-11-06,260,B4626-1710-**,N4_1B
MHKL12B-V01D,P3318110-M,2022-06-29,260,B4626-1710-**,N5_2A
MHKL12B-V02D,P3318110-M,2023-08-28,260,B4626-1710-**,N5_2B
MHL10B2-V01D,P3315161-M,2022-06-29,260,B4626-1710-**,N4_3A
MHL10B2-V02D,P3315161-M,2023-09-11,260,B4626-1710-**,N4_3B
MHL16B2-V01D,P3315261-M,2022-06-29,260,B4626-1710-**,N4_2A
MHL16B2-V02D,P3315261-M,2023-08-29,260,B4626-1710-**,N4_2B
MHL20B2-V01D,P3315361-M,2022-06-29,260,B4626-1710-**,N5_1A
MHL25B2-V01D,P3315461-M,2022-06-29,300,B4630-2012-**,N5_1B
MHL32B2-V01D,P3315561-M,2023-05-23,300,B6030-1515--**,2H4_1A
MHL40B2-V01D,P3315661-M,2023-03-03,330,B6033-2121--**,T5_1B
MHM50B1-V01D,P7471701-M,2023-02-27,300,B6030-1515--**,P2_1A
MHQ40B-V01D,P3311602-M,2022-10-01,300,B4630-2012-**,P2_3A
MHW25B-V01E,XT331-7433-25-1-M,2024-03-20,230,B4620-1208-**,
MHY10B-V01D,P3319101-M,2020-12-08,260,B4626-1710-**,F3_1A
MHY10B-V02D,P3319101-M,2021-12-27,260,B4626-1010-**,F3_1B
MHY16B-V01D,P3319201-M,2020-12-08,260,B4626-1710-**,F3_2A
MHY16B-V02D,P3319201-M,2021-12-27,260,B4626-1010-**,F3_2B
MHY20B-V01D,P3319301-M,2020-12-08,260,B4626-1710-**,F3_3A
MHY20B-V02D,P3319301-M,2021-12-27,260,B4626-1010-**,F3_3B
MHY25B-V01D,P3319401-M,2020-12-08,260,B4626-1010-**,F4_1A
MHY25B-V02D,P3319401-M,2022-01-17,260,B4626-1010-**,F4_1B
MHZ06B-V01D,P4811001-M,2022-06-29,260,B4626-1710-**,N5_3A
MHZ06B-V02D,P4811001-M,2023-08-28,260,B4626-1710-**,N5_3B
MHZ10B-V01B,P4811101-M-2,2022-06-29,260,B4626-1710-**,O1_2A
MHZ10B-V02B,P4811101-M-2,2024-05-02,260,B4626-1710-**,
MHZ16B-V01B,P4811201-M-1,2022-06-29,260,B4626-1710-**,O1_1A
MHZ16B-V02B,P4811201-M-1,2024-05-02,260,B4626-1710-**,
MHZ20B-V01B,P4811301-M-1,2022-06-29,260,B4626-1710-**,O1_1B
MHZ20B-V02B,P4811301-M-1,2024-05-02,260,B4626-1710-**,
MHZ25B-V01B,P4811401-M-1,2022-06-29,260,B4626-1710-**,O1_3A
MHZ25B-V02B,P4811401-M-1,2024-05-02,260,B4626-1710-**,
MHZ32B-V01D,P4811501-M-1,2022-06-29,260,B4626-1710-**,O1_3B
MHZ32B-V02D,P4811501-M-1,2023-11-06,260,B4626-1710-**,O2_1B
MHZ40B-V01D,P4811601-M-1,2022-12-07,300,B4630-2012-**,O2_1A
MHZJ20B-V01D,P4811321-M,2023-02-27,260,B6026-1712--**,P1_1A
MHZJ25B-V01D,P4811421-M,2023-03-03,300,B6030-1515--**,P1_3A
MRH16B2-V01D,P40606002-D,2023-02-27,260,B6026-1712--**,T3_3B
MSQ10B2-V01D,P6260101-D,2020-06-17,260,B4626-1010-**,F4_2A
MSQ10B2-V02D,P6260101-D,2022-06-07,260,B4626-1010-**,F4_2B
MSQ10B2-V03D,P6260101-D,2022-06-07,260,B4626-1010-**,T4_1B
MSQ10B2-V04D,P6260101-D,2024-06-21,260,B4626-1010-**,
MSQ20B2-V01D,P6260201-D,2020-06-17,260,B4626-1710-**,F4_3A
MSQ20B2-V02D,P6260201-D,2022-06-07,260,B4626-1710-**,F4_3B
MSQ20B2-V03D,P6260201-D,2022-06-07,260,B4626-1710-**,H5_3A
MSQ20B2-V04D,P6260201-D,2024-06-04,260,B4626-1710-**,
MSQ30B2-V01D,P6260301-D,2020-06-17,260,B4626-1710-**,F5_1A
MSQ30B2-V02D,P6260301-D,2022-06-07,260,B4626-1710-**,F5_1B
MSQ30B2-V03D,P6260301-D,2022-06-07,260,B4626-1710-**,T2_1B
MSQ30B2-V04D,P6260301-D,2024-06-04,260,B4626-1710-**,
MSQ50B2-V01D,P6260401-D,2020-06-17,300,B4630-2012-**,F5_2A
MSQ50B2-V02D,P6260401-D,2022-10-01,300,B4630-2012-**,F5_2B
MSQ50B2-V03D,P6260401-D,2024-06-04,300,B4630-2012-**,
MSQ70B2-V01D,P3910013,2023-04-05,300,B6030-1515--**,T3_1B
MSQ70C-V01D,P3910016,2023-02-27,300,B6030-1515--**,P3_1B
MSQ70C-V02D,P3910016,2024-05-08,300,B6030-1515--**,
MSQ7B-V01D,P62104001-D,2022-06-29,260,B4626-1710-**,O2_2A
MSQ7B-V02D,P62104001-D,2023-08-17,260,B4626-1710-**,O2_2B
MSQA0B2-V01D,P3910014,2023-04-05,330,B6033-2121--**,2H4_3A
MSQA0C-V01D,P3910017,2023-04-05,330,B6033-2121--**,2E1_1A
MSQA0C-V02D,P3910017,2024-05-08,330,B6033-2121--**,
MSQB0C-V01D,P3910018,2023-04-05,380,B6033-2121--**,2E1_3A
MSUB20B-V01D,P40108002-D,2023-02-27,300,B6030-1515--**,2G2_3A
MSUB3B-V01D,P40109002-D,2023-02-27,260,B6026-1712--**,P3_3B
MSUB7B-V01D,P40106002-D,2023-02-27,260,B6026-1712--**,P3_1A
MTS12R-V01D,MTS12-02-J3850-K,2023-09-20,260,B4626-1710-**,R2_1A
MTS16R-V01D,MTS16-02-J3851-K,2023-09-20,260,B4626-1710-**,R2_2A
MTS20R-V01D,MTS20-02-J3852-K,2023-09-20,260,B4626-1710-**,R2_3A
MTS25R-V01E,MTS25-02-J3853-K,2023-10-18,260,B4626-1710-**,S4_1A
MTS32R-V01E,MTS32-02-J3854-K,2023-10-18,260,B4626-1710-**,S5_1A
MTS40R-V01E,MTS40-02-J3855-K,2023-10-18,260,B6026-1712--**,S5_3A
MXH06T0-V01D,MXH06-27-E7098-K,2023-09-29,260,B4626-1710-**,R3_1A
MXH10T0-V01D,MXH10-27-E7099-K,2023-09-29,260,B4626-1710-**,R3_2A
MXH16P-V01D,MXH16-47A7630K-K,2022-06-29,300,B4630-2012-**,O2_3A
MXH16P-V02D,MXH16-47A7630K-K,2023-08-28,300,B4630-2012-**,S1_1A
MXH16T0-V01D,MXH16-27-E7100-K,2023-10-06,260,B4626-1710-**,R3_3A
MXH20T0-V01D,MXH20-27-E7101-K,2023-10-06,260,B4626-1710-**,R4_1A
MXQ06B-V01D,P3802301B-M,2023-12-12,260,B4626-1710-**,
MXQ08B-V01D,P3802401B-M,2023-12-12,260,B4626-1710-**,
MXQ12B-V01D,P3802501B-M,2023-12-29,260,B4626-1710-**,
MXQ16B-V01D,P3802601B-M,2023-12-29,260,B4626-1710-**,
MXQ20B-V01D,P3802701B-M,2024-01-02,260,B4626-1710-**,
MXQ25B-V01D,P3802801B-M,2024-01-03,300,B4630-2012-**,
MXS06B-V01D,P3800101B-M,2023-12-12,230,B4620-1208-**,
MXS06E-V01D,P3800103-MH1,2023-09-08,260,B4626-1710-**,R4_2A
MXS06TB-V01D,P3800102-M-1,2020-12-18,260,B4626-1710-**,G1_1A
MXS06TB-V02D,P3800102-M-1,2021-12-27,260,B4626-1710-**,G1_1B
MXS08B-V01D,P3800201B-M,2023-12-12,230,B4620-1208-**,
MXS08E-V01D,P3800203-MH1,2023-09-08,260,B4626-1710-**,R4_3A
MXS08TB-V01D,P3800202-M-1,2020-12-18,260,B4626-1710-**,G1_2A
MXS08TB-V02D,P3800202-M-1,2021-12-27,260,B4626-1710-**,G1_2B
MXS12B-V01D,P3800301B-M,2023-12-29,260,B4626-1710-**,
MXS12E-V01D,P3800303-MH1,2023-08-09,260,B4626-1710-**,R5_1A
MXS12TB-V01D,P3800302-M-1,2020-12-18,260,B4626-1710-**,G1_3A
MXS12TB-V02D,P3800302-M-1,2022-01-17,260,B4626-1710-**,G1_3B
MXS12TB-V03D,P3800302-M-1,2022-02-23,260,B4626-1010-**,P3_3A
MXS16B-V01D,P3800401B-M,2023-12-29,260,B4626-1710-**,
MXS16E-V01D,P3800403-MH2,2023-08-09,260,B4626-1710-**,R5_2A
MXS16TB-V01D,P3800402-M-2,2020-12-18,260,B4626-1710-**,G2_1A
MXS16TB-V02D,P3800402-M-2,2022-01-17,260,B4626-1710-**,G2_1B
MXS16TB-V03D,P3800402-M-2,2022-02-23,260,B4626-1010-**,P4_1B
MXS20B-V01D,P3800501B-M,2024-01-03,260,B4626-1710-**,
MXS20E-V01D,P3800503-MH1,2023-08-09,300,B6030-1515--**,R5_3A
MXS20TB-V01D,P3800502-M-2,2020-12-18,260,B4626-1710-**,G2_2A
MXS20TB-V02D,P3800502-M-2,2022-01-17,260,B4626-1710-**,G2_2B
MXS25B-V01D,P3800601B-M,2024-01-03,300,B4630-2012-**,
MXS25E-V01D,P3800603-MH1,2023-08-09,330,B6033-2121--**,S1_3A
MXS25TB-V01D,P3800602-M-2,2020-12-18,300,B4630-1515-**,G2_3A
MXS25TB-V02D,P3800602-M-2,2022-01-17,300,B4630-2012-**,G2_3B
MXW16B-V01D,P3801001-M,0000-00-00,260,B4626-1710-**,G3_1A
MXW20B-V01D,P3801101-M,0000-00-00,300,B4630-2012-**,G3_2A
MXW20B-V02D,P3801101-M,2021-12-27,300,B4630-2012-**,G3_2B
MY1B32T2-V01D,MYB32A-AS551-35-K,2024-03-08,330,B6033-2121--**,
MYB16H-V01D,MYB16LAA7163-20K,2020-12-08,260,B4626-1010-**,G3_3A
MYB16H-V02D,MYB16LAA7163-20K,2021-12-27,260,B4626-1010-**,G3_3B
MYB16H-V03D,MYB16LAA7163-20K,2022-02-23,260,B4626-1010-**,P5_1B
MYB20H1-V01D,MYB20LAA7164-20K,2020-12-08,260,B4626-1710-**,G4_1A
MYB20H1-V02D,MYB20LAA7164-20K,2021-12-31,260,B4626-1010-**,G4_1B
MYB20H1-V03D,MYB20LAA7164-20K,2022-02-23,260,B4626-1010-**,P4_3B
MYB25P2-V01D,MYB25-55-AS550-20-K,2022-12-14,260,B4626-1710-**,H4_2A
MYB32P2-V01D,MYB32-55-AS551-20-K,2022-12-14,260,B4626-1710-**,H4_3A
MYB40P2-V01D,MYB40-55-AS552-20-K,2022-12-14,260,B4626-1710-**,P5_3B
MYB50H1-V01D,MYB50LAA7165-20K,2023-05-23,330,B6033-2121--**,2E2_1A
MYB63H1-V01D,MYB63-02-A7166-K,2023-05-23,330,B6033-2121--**,2E2_3A
MYB80H-V01D,MYB80-02-K2470-K,2023-05-23,380,B6033-2121--**,2E3_1A
MYBA0H-V01D,MYB100-02-K2471-K,2023-04-24,380,B6033-2121--**,2E3_3A
MYH40K-V01D,MYH40J-R6302-30K,2023-05-23,330,B6033-3114--**,2E4_1A
MYM20H2-V01D,MYM20LAK0501-20K,2023-04-11,260,B6026-1712--**,P2_1B
MYM50H3-V01D,MYM50LAK0502-20K,2023-05-23,380,B6033-2121--**,2E4_3A
MYM50S-V01D,MYM50-27-K0502-K,2023-05-23,330,B6033-3114--**,2H3_1A
MYM63H2-V01D,MYM63-02-K0503-K,2023-04-24,380,B6033-2121--**,2H3_3A
MYM63S-V01D,MYM63-27-K0503-K,2023-05-23,380,B6033-3114--**,2F1_1A
NCA150H-V01D,N2A150-03-AV286-20K,2023-07-17,260,B4626-1010-**,2I1_1A
NCA150R-V01D,N2A150-02-AV286-20K,2023-07-17,260,B4626-1010-**,2I1_3A
NCA200H-V01D,N2A200-03-AV287-20K,2023-07-17,300,B6030-1515--**,2I2_1A
NCA200R-V01D,N2A200-02-AV287-20K,2023-07-17,300,B6030-1515--**,2I2-3A
NCA250H-V01D,N2A250-03-AV288-20K,2023-07-17,330,B6033-2121--**,2I3_1A
NCA250R-V01D,N2A250-02-AV288-20K,2023-07-17,330,B6033-2121--**,2I3_3A
NCA325H-V01D,N2A325-03-AV289-20K,2023-07-17,330,B6033-2121--**,2I4_1A
NCA325R-V01D,N2A325-02-AV289-20K,2023-07-17,330,B6033-2121--**,2I4_3A
NCA38TD-V01C,S183A63T43X38X30,2022-08-08,260,B4626-1710-**,O2_3B
NCA400H-V01D,N2A400-03-AV290-20K,2023-07-17,380,B6033-2121--**,2J1_1A
NCA400R-V01D,N2A400-02-AV290-20K,2023-07-17,380,B6033-2121--**,2J1_3A
NCA51TD-V01C,S183A63T56X51X30,2022-08-08,260,B4626-1710-**,O3_1A
NCA64TD-V01C,S183A63T68X64X30,2022-06-01,260,B4626-1010-**,O3_1B
NCA83TD-V01C,S183A63T89X83X30,2022-08-31,300,B4630-2012-**,O3_3A
NCAA0TD-V01C,S183A63T108X102X30,2022-10-01,300,B4630-1515-**,O3_3B
P5053B1-V01D,P5053-1081,2022-06-29,260,B4626-1710-**,O4_1A
P5053B1-V02D,P5053-1081,2023-08-28,260,B4626-1710-**,O4_2A
P5053B2-V01D,P5053-1082,2022-06-29,300,B4630-1515-**,O4_1B
P5053B2-V02D,P5053-1082,2023-08-30,300,B4630-2012-**,O4_2B
P5053B3-V01D,P5053-1083,2022-07-02,300,B4630-2012-**,O4_3A
P5053B3-V02D,P5053-1083,2023-08-29,300,B4630-2012-**,O5_2A
PS12-V01D,S500A61T12X04X30,2021-10-01,260,B4626-1710-**,G4_2A
PS12-V02D,S500A61T12X04X30,2022-09-07,260,B4626-1710-**,G4_2B
PS16-V01D,S500A61T16X05X30,2021-10-01,260,B4626-1710-**,G4_3A
PS16-V02D,S500A61T16X05X30,2022-09-07,260,B4626-1710-**,G4_3B
PS20-V01D,S500A61T20X05X30,0000-00-00,260,B4626-1710-**,G5_2A
PS20-V02D,S500A61T20X05X30,2022-10-14,260,B4626-1710-**,G5_2B
PS20A-V01D,S502A61T20X05X27,2021-10-01,260,B4626-1710-**,G5_1A
PS20A-V02D,S502A61T20X05X27,2022-09-07,260,B4626-1710-**,G5_1B
PS25-V01D,S500A61T25X06X30,0000-00-00,260,B4626-1710-**,H1_1A
PS25-V02D,S500A61T25X06X30,2022-11-21,260,B4626-1710-**,H1_1B
PS25A-V01D,S502A61T25X06X27,0000-00-00,260,B4626-1710-**,G5_3A
PS25A-V02D,S502A61T25X06X27,2022-11-21,260,B4626-1710-**,G5_3B
PS32-V01D,S500A61T32X08X30,0000-00-00,260,B4626-1010-**,H1_3A
PS32-V02D,S500A61T32X08X30,2022-11-02,260,B4626-1710-**,H1_3B
PS32B-V01D,S502A61T32X06X27,0000-00-00,260,B4626-1010-**,H1_2A
PS32B-V02D,S502A61T32X06X27,2022-10-14,260,B4626-1710-**,H1_2B
PS40-V01D,S500A61T40X10X30,0000-00-00,260,B4626-1010-**,H2_2A
PS40-V02D,S500A61T40X10X30,2022-11-02,260,B4626-1710-**,H2_2B
PS40B-V01D,S502A61T40X09X27,0000-00-00,260,B4626-1010-**,H2_1A
PS40B-V02D,S502A61T40X09X27,2022-11-02,260,B4626-1710-**,H2_1B
PS50-V01D,S500A61T50X14X30,2022-04-29,260,B4626-1710-**,O5_1A
PS50B-V01D,S502A61T50X13X27,2022-04-29,260,B4626-1710-**,O4_3B
PS63-V01D,S500A61T63X14X20,2022-04-29,260,B4626-1710-**,O5_3A
PS63-V02D,S500A61T63X14X20,2023-05-22,260,B4626-1710-**,2F1_3A
PS63-V03D,S500A61T63X14X20,2023-05-22,260,B4626-1710-**,2F2_1A
PS63B-V01D,S502A61T63X13X20,2022-04-29,300,B4630-1515-**,O5_1B
PS80-V01D,S500A61T80X17X20,2023-04-24,300,B6030-1515--**,2F3_1A
PS80B-V01D,S502A61T80X17X20,2023-04-24,300,B6030-1515--**,2F2_3A
PSA0-V01D,S500A61TA0X20X20,2023-05-22,300,B6030-1515--**,2F4_1A
PSA0B-V01D,S502A61TA0X20X20,2023-05-22,300,B6030-1515--**,2F3_3A
RHC32B-V01D,RHC32K27-82083A,2022-07-02,260,B4626-1710-**,O5_3B
RHC32B-V02D,RHC32K27-82083A,2023-08-28,260,B4626-1710-**,O5_2B
RMMA120-V01D,P3552342-0101M,2023-05-16,300,B4630-2012-**,P2_3B
RMMA90-V01D,P3552332-0101M,2023-05-16,300,B4630-2012-**,P1_3B
S070M2-V01B,SS0700-50-1D,2022-06-29,260,B4626-1010-**,J1_1A
SY30M-V01B,SY3000-20-1,2021-01-05,260,B4626-1710-**,H3_1A
SY30M-V02B,SY3000-20-1,2021-12-27,260,B4626-1010-**,H3_1B
SY30MP-V01D,SY30M-20-E-1,2020-12-08,260,B4626-1710-**,H2_3A
SY30MP-V02D,SY30M-20-E-1,2022-03-15,260,B4626-1710-**,H2_3B
SY30MP-V03D,SY30M-20-E-1,2022-03-15,260,B4626-1710-**,T1_1A
SY30MP-V04D,SY30M-20-E-1,2023-02-18,260,B4626-1710-**,T1_1B
SY30MP-V05D,SY30M-20-E-1,2023-02-18,260,B4626-1710-**,T5_3A
SY30MP-V06D,SY30M-20-E-1,2023-03-23,260,B4626-1710-**,T5_1A
SY50M-V01B,SY5000-20-1,2021-01-05,260,B4626-1710-**,H3_3A
SY50M-V02B,SY5000-20-1,2023-04-18,260,B4626-1710-**,H3_3B
SY50M3-V01D,SY5000-20-118,2022-07-02,260,B4626-1710-**,J3_3A
SY50M3-V02D,SY5000-20-118,2023-11-17,260,B4626-1710-**,J3_3B
SY50MP-V01D,SY50M-20-E-1,2020-12-08,260,B4626-1710-**,H3_2A
SY50MP-V02D,SY50M-20-E-1,2022-01-17,260,B4626-1710-**,H3_2B
SY50MP-V03D,SY50M-20-E-1,2023-03-16,260,B4626-1710-**,T4_3A
SY50MP-V04D,SY50M-20-E-1,2023-04-11,260,B4626-1710-**,T4_1A
SY50MP-V05D,SY50M-20-E-1,2023-04-11,260,B4626-1710-**,T3_3A
SY70M-V01B,SY7000-20-1,2021-01-05,300,B4630-1515-**,H4_1A
SY70M-V02B,SY7000-20-1,2022-03-15,300,B4630-2012-**,H4_1B
SY70MP-V01D,SY70M-20-E-1,2023-04-05,300,B6030-1515--**,T3_1A
V100M1-V01D,V100-75-4,2022-07-02,260,B4626-1710-**,J1_2A
V100M1-V02D,V100-75-4,2023-09-11,260,B4626-1710-**,J1_2B
V100M2-V01D,V100-75-5,2022-07-02,260,B4626-1710-**,J1_3A
V100M2-V02D,V100-75-5,2023-08-29,260,B4626-1710-**,J1_3B
V100M4-V01D,V100-75-25,2022-07-02,300,B4630-2012-**,J2_1A
V100M4-V02D,V100-75-25,2023-08-28,300,B4630-2012-**,J2_1B
VJ10M-V01D,VJ100-16-7,0000-00-00,260,B4626-1710-**,I1_1A
VJ10M-V02D,VJ100-16-7,2021-12-01,260,B4626-1710-**,I1_1B
VJ30M-V01D,VJ300-8-5,2022-07-02,260,B4626-1710-**,J2_2A
VJ30M-V02D,VJ300-8-5,2023-09-11,260,B4626-1710-**,J2_2B
VJ30M1-V01D,VJ3000-20-1,2020-06-17,260,B4626-1710-**,I1_2A
VJ30M1-V02D,VJ3000-20-1,2022-02-23,260,B4626-1010-**,I1_2B
VJ30M3-V01D,VJ3000-20-10,2022-07-02,260,B4626-1710-**,J2_3A
VJ30M3-V02D,VJ3000-20-10,2023-08-28,260,B4626-1710-**,J2_3B
VP300M-V01D,VP300-22,2022-06-29,260,B4626-1710-**,J3_1A
VP300M-V02D,VP300-22,2023-08-24,260,B4626-1710-**,J3_1B
VP500M-V01D,VP500-22,2023-04-05,260,B6026-1712--**,T2_3A
VV10M1-V01B,DXT156-10-11,2021-01-05,260,B4626-1710-**,I1_3A
VV10M1-V02B,DXT156-10-11,2022-03-15,260,B4626-1710-**,I1_3B
VV14M1-V01D,DXT199-20-23,2020-06-17,260,B4626-1710-**,I2_1A
VV14M1-V02D,DXT199-20-23,2021-12-01,260,B4626-1710-**,I2_1B
VV15M1-V01D,DXT201-13-13,2020-06-17,260,B4626-1710-**,I2_2A
VV15M1-V02D,DXT201-13-13,2021-12-01,260,B4626-1010-**,I2_2B
XGTP300BN-V01D,XGTP300-1-2M-1,2023-03-03,260,B4626-1710-**,T2_1A
XGTP300L-V01D,XGTP300-3-6M-1,2023-03-03,380,B6033-2121--**,2G1_3A
XLA16B2-V01B,XLA16-1B-S,2021-01-05,260,B4626-1710-**,I3_2A
XLA16B2-V02B,XLA16-1B-S,2021-12-27,260,B4626-1010-**,I3_2B
XLA16BN-V01B,XLA16-3-1B,2021-01-05,260,B4626-1710-**,I3_3A
XLA16BN-V02B,XLA16-3-1B,2021-12-27,260,B4626-1010-**,I3_3B
XLA25B2-V01B,XLA25-1B-S,2021-01-05,260,B4626-1710-**,I4_1A
XLA25B2-V02B,XLA25-1B-S,2021-12-27,260,B4626-1010-**,I4_1B
XLA25B2-V03B,XLA25-1B-S,2024-06-05,260,B4626-1710-**,
XLA25BN-V01D,XLA25-3-1B,2020-07-08,260,B4626-1710-**,I4_2A
XLA25BN-V02D,XLA25-3-1B,2022-01-17,260,B4626-1010-**,I4_2B
XLA40B2-V01B,XLA40-1B-S,2021-01-05,300,B6030-1515--**,I4_3A
XLA40B2-V02B,XLA40-1B-S,2022-11-14,300,B6030-1515--**,I4_3B
XLA40B2-V03B,XLA40-1B-S,2024-04-12,300,B6030-2012--**,
XLA40BN-V01D,XLA40-3-1B,2023-03-03,300,B6030-1515--**,T1_3A
XLA50B2-V01D,XLA50-1B-S,2023-04-05,330,B6033-2121--**,2F4_3A
XLA50BN-V01D,XLA50-3-1B,2023-03-03,300,B6030-1515--**,T2_3B
XLA63B2-V01D,XLA63-1B,2023-04-05,330,B6033-2121--**,2H2_1A
XLA80B2-V01D,XLA80-1B,2023-05-23,500,B6042-3030--**,2H2_3A
XLS25B-V01B,XLS25-1-1B,2022-06-29,260,B4626-1710-**,J3_2A
XLS25B-V02B,XLS25-1-1B,2024-04-12,260,B4626-1710-**,
XT686B-V01C,XT686-1-420-1-2M,2023-05-16,300,B6030-1515--**,2G1_1A
XT790C-V01E,P79001005-M,2023-11-15,230,B4620-1208-**,J4_1A
