"die number",discard_thickness,ram_speed,billet_length,billet_temperature,billet_taper_heating,billet_size,die_temperature,die_heating_time,stretch_ratio,value_l,value_m,value_n,nbn
APT6-V01B1,35,6,1200,500,0,9,480,5,0.6,1.5,13,14,1B1
APT8-V01B,25,2,1200,480,50,9,480,5,0.6,2,14,15,1B2
APT4-V01B,35,6.1,1200,500,50,9,480,5,0.6,1.5,19,20,1B1
MXS25TB-V02D,35,4.7,1200,480,0,9,480,5,0.6,1.5,13,14,1B1
MXS06TB-V02D,25,1.8,600,480,0,9,500,5,0.6,1.5,15,16,1B2
MXS06TB-V02D,25,1.8,600,480,0,9,500,5,0.6,1.5,15,16,1B2
MYB16H-V02D,35,4.2,1200,480,50,9,480,5,0.6,1.5,19,20,1B1
APT7-V01B,25,3.5,600,480,100,9,480,5,0.6,1.5,9,8,1B1
XLA16BN-V02B,35,5.1,1200,480,100,9,500,5,0.6,1.5,15,15,1B1
MXW20B-V01D,25,6,1200,480,100,9,480,5,0.6,1.5,18,19,2B1
APT3-V01B,25,3.3,600,470,100,9,480,5,0.6,1.5,9,10,1B2
CG50H-V01C,25,4,1200,480,100,9,480,5,0.6,1.5,6,7,2B1
CG40R-V01D,25,4,1200,480,100,9,480,5,0.6,2,12,13,1B1
CG40R-V01D,25,4,1200,480,100,9,480,5,0.6,2,12,13,1B1
CQ40G-V01C,25,4,1200,490,0,9,480,5,0.6,2,8,9,1B1
APT2-V01B,25,4,600,470,100,9,480,5,0.6,1.5,7,8,1B1
CQ12G-V01C,25,2,600,500,0,9,480,5,0.6,2,12,13,1B2
CQ25G-V01C,25,2.7,1200,480,100,9,480,5,0.6,2,12,13,1B1
CJ12P-V01D,45,2,600,500,0,9,480,5,0.6,2,17,18,1B2
NCA64TD-V01C,25,3.5,600,480,100,9,480,5,0.6,1.5,4,5,1B1
CQ16G-V01C,25,2,600,500,0,9,480,5,0.6,1.5,1,1,1B1
CQ20G-V01C,25,2,600,490,100,9,480,5,0.6,2,7,8,1B1
CQ12C-V01D,25,1.5,600,460,0,9,480,5,0.6,2,14,15,1B2
MXS20TB-V02D,35,6,1200,490,0,9,480,5,0.6,1.5,22,23,1B1
APT4-V02B,35,6.1,1200,500,50,9,480,5,0.6,1.5,19,20,1B1
APT6-V02B,35,6,1200,500,0,9,480,5,0.3,1.5,13,14,1B1
CG40TD-V01C,25,4,600,480,100,9,480,5,0.6,1.5,17,18,1B1
SY30M-V02B,35,4,1200,450,100,9,490,5,0.6,1.5,17,18,1B1
CG32TD-V01C,25,3,600,480,100,9,480,5,0.6,1.5,17,18,1B2
CG20TD-V01C,25,2.5,600,480,100,9,480,5,0.6,1.5,5,6,1B2
CG25TD-V01C,25,2.5,600,480,100,9,480,5,0.6,1.5,3,4,1B2
VJ10M-V02D,25,3.5,600,480,50,9,480,5,0.6,1.2,22,21,1B1
MYB20H1-V02D,35,6.2,1200,500,100,9,500,5,0.6,1.5,19,20,1B1
CG50TD-V01C,25,4,600,480,100,9,480,5,0.6,1.5,4,5,1B1
MYB20H1-V01D,35,6.2,1200,500,100,9,500,5,0.6,1.5,19,20,1B1
MXW16B-V01D,25,5,1200,480,100,9,480,5,0.3,1.5,18,19,1B1
MB32TD-V01C,25,2,600,480,50,9,480,5,0.6,1.5,6,7,1B2
MB40TD-V01C,25,3,600,480,100,9,480,5,0.6,1.5,4,5,1B2
MB50TD-V01C,25,3,600,480,100,9,480,5,0.6,1.5,8,9,1B1
CAA0T-V01C,25,5,1200,480,100,9,480,5,1.5,1.5,6,7,1B2
NCA38TD-V01C,25,2.5,600,480,100,9,480,5,0.6,1.5,4,5,1B2
NCA51TD-V01C,25,3,600,480,100,9,480,5,0.6,1.5,7,8,1B1
PS40B-V01D,25,3.5,1200,490,0,9,480,5,1.2,2,12,13,1B1
NCA83TD-V01C,25,4,1200,480,100,9,480,5,0.6,1.5,7,8,1B1
VV14M1-V02D,50,2.9,1200,500,100,9,500,5,0.6,1.5,22,23,1B1
MXS06TB-V01D,25,1.8,600,480,0,9,500,5,0.6,1.5,15,16,1B2
MGPL20B2-V01D,25,4,1200,470,100,9,480,5,0.6,1.5,8,9,1B1
MGPL25B2-V01D,25,4,1200,470,100,9,480,5,0.6,1.5,6,7,2B1
MGPL32B2-V01D,25,4,1200,470,100,9,480,5,0.6,1.5,10,11,2B1
MGPL40B2-V01D,25,4,1200,470,100,9,480,5,0.6,1.5,13,14,3B1
MXS25TB-V01D,35,8,1200,480,0,9,480,5,0.6,1.5,13,14,1B1
PS40-V02D,25,3,1200,490,100,9,480,5,1,1.5,11,12,1B1
PS12-V02D,25,1.5,600,490,0,9,480,5,0.8,1.5,12,13,1B3
PS32B-V02D,25,4,600,460,0,9,480,5,0.8,1.5,9,10,1B1
MB40C-V01D,50,7,1200,490,0,9,480,5,0.6,1.5,6,7,2B1
MGJ10B-V01D,50,3,600,480,50,9,480,5,0.6,1.5,20,21,1B1
PS25-V02D,50,3.5,1200,460,0,9,480,5,0.6,2,14,15,1B1
PS32-V02D,25,4,600,460,0,9,480,5,0.6,1.5,7,8,1B1
PS20-V02D,25,3,600,490,50,9,480,5,0.6,1.5,9,10,1B1
RHC32B-V01D,25,6,1200,480,100,9,480,5,0.6,1.5,14,15,1B1
PS25A-V02D,25,4,600,470,50,9,480,5,0.6,1.5,7,8,1B1
V100M4-V01D,25,4,1200,480,100,9,480,5,0.6,1.5,17,18,1B1
VP300M-V01D,25,4,1200,490,0,9,480,5,0.6,1.5,13,14,1B1
MHZ32B-V01D,50,6,1200,480,100,9,480,5,0.6,1.5,9,10,2B1
PS20A-V02D,25,3.4,600,460,100,9,480,5,0.8,1.5,12,13,1B1
CA80T-V01C,25,4,1200,480,100,9,480,5,0.6,1.5,11,12,1B1
CG63TD-V01C,25,4.5,1200,480,100,9,480,5,0.6,1.5,6,7,1B1
CM32AH-V01D,55,5,1200,450,100,9,480,5,0.6,1.5,15,14,1B1
PS25A-V01D,25,4,600,470,50,9,480,5,0.6,2,7,8,1B1
CJ16C-V01D,25,4,600,500,0,9,480,5,0.6,1.5,11,12,1B1
CU10B3-V01D,35,1.8,600,480,100,9,480,5,0.6,1.5,15,16,1B3
CJ06C-V01D,25,1.5,600,500,0,9,480,5,0.6,2,9,10,1B3
CU25B3-V01D,50,5,1200,480,100,9,480,5,0.6,1.5,20,21,1B1
CJ06C2-V01D,25,1.5,600,500,0,9,480,5,0.6,2,12,13,1B2
CQ25C-V01D,25,3,600,480,100,9,480,5,0.6,2,6,7,1B1
CQ40C-V01D,25,3,1200,490,100,9,480,5,0.6,2,10,11,1B1
PS32B-V01D,25,4,600,460,0,9,480,5,0.8,2,9,10,1B1
CJ06RT-V01D,25,1.5,600,500,0,9,480,5,0.6,2,10,11,1B3
CQ40C-V01D,25,3,1200,490,100,9,480,5,0.6,2,10,11,1B1
MSQ10B2-V01D,35,5.5,1200,480,100,9,480,5,0.6,1.5,16,17,1B1
CM32AS-V01D,25,6,1200,450,100,9,480,5,0.6,1.5,15,1,1B1
CG40H-V01C,25,4,1200,480,100,9,480,5,0.6,2,10,11,1B1
MXS20TB-V01D,50,7,1200,480,0,9,490,5,0.6,1.5,22,23,1B1
MXS08TB-V01D,35,2.3,600,480,0,9,500,5,0.6,1.5,20,21,1B1
MSQ50B2-V01D,35,3.7,1200,490,0,9,480,5,0.4,1.5,16,17,2B1
V100M2-V01D,25,1.7,1200,500,0,9,480,5,0.6,1.5,10,11,1B2
CJ10C-V01D,25,4,600,480,0,9,480,5,0.6,1.5,7,8,1B2
MXS08TB-V02D,25,2.3,600,500,0,9,500,5,0.6,1.5,20,21,1B1
CQ32C-V01D,25,2.5,600,480,100,9,480,5,0.6,2,8,9,1B1
CG32H-V01C,25,3,1200,500,100,9,480,5,0.6,2,11,12,1B1
CJ16P-V01D,25,3,600,500,0,9,480,5,0.6,1,15,1,1B2
CJ10P-V01D,25,2,600,500,0,9,480,5,0.6,1,20,1,1B2
CQ40T3-V01B,25,4.5,1200,480,100,9,480,5,0.6,1.5,21,22,1B1
MXS12TB-V02D,50,2.5,600,480,0,9,480,5,0.6,1.5,13,14,1B2
MHL25B2-V01D,50,4,1200,480,100,9,480,5,0.6,1.5,17,18,2B1
CUJ20A-V01D,25,3.1,600,490,100,9,490,5,1.2,1.5,12,13,1B1
MSQ7B-V01D,25,4,600,480,100,9,480,5,0.6,1.5,9,10,1B1
CG32R3-V01D,25,4,1200,490,50,9,480,5,0.6,1.5,12,13,1B1
CG20R3-V01D,25,3,600,460,100,9,480,5,0.5,2,13,14,1B1
CG25R3-V01D,25,3,600,470,50,9,480,5,0.6,2,9,10,1B1
VJ30M-V01D,25,2,600,480,100,9,480,5,0.6,1.5,15,16,1B1
AXT835M-V01D,50,6,1200,480,50,9,480,5,0.6,1.5,21,22,1B1
MHKL12B-V01D,50,5,1200,500,50,9,480,5,0.6,1.5,21,22,1B1
CQ20T3-V01B,25,3,600,480,100,9,500,5,0.6,1.5,15,16,1B1
MHL10B2-V01D,50,4,1200,480,100,9,480,5,0.8,1.5,20,21,1B1
MHL10B2-V01D,50,4,1200,480,100,9,480,5,0.8,1.5,20,21,1B1
DXT199M1-V01D,50,5.5,1200,480,100,9,480,5,0.6,1.5,16,17,1B1
MXH16P-V01D,50,6,1200,490,0,9,480,5,0.2,1.5,8,9,2B1
XLA25BN-V01D,35,8.2,1200,460,50,9,500,5,0.6,2.5,20,19,2B1
MHZ20B-V01B,50,5,600,480,100,9,480,5,0.6,1.5,9,10,2B1
CQS20T-V01D,25,4,600,480,100,9,480,5,0.6,1.5,13,14,1B1
AXT663M6-V01D,25,4,600,480,100,9,480,5,0.6,1.5,13,14,1B1
CUJ16A-V01D,25,2.2,600,490,100,9,490,5,1.2,1.5,18,19,1B1
CQ50G-V01C,35,5,1200,490,50,9,480,5,0.6,1.5,5,6,2B1
CQS12T-V01D,25,2,600,490,50,9,480,5,0.6,1.5,20,21,1B1
MGPM16B2-V01D,25,4,1200,480,100,9,480,5,0.6,1.5,12,13,1B1
MGPM40B2-V01D,25,4,1200,490,50,9,480,5,0.6,1.5,3,4,3B1
CQ63G-V01C,25,5.5,1200,490,0,9,480,5,1.2,1.5,5,6,1B1
CQS12T2-V01D,25,3,600,480,50,9,480,5,0.6,1.5,11,12,1B2
CJP10B-V01D,50,3,600,480,0,9,480,5,0.6,1.5,22,23,1B1
CQ16T3L-V01B,25,3,600,480,50,9,480,5,0.6,3,10,11,1B2
PS63-V01D,25,5,1200,500,0,9,480,5,0.5,1.5,17,18,3B1
MSQ50B2-V02D,35,5.5,1200,490,0,9,480,5,0.4,1.5,16,17,2B1
VJ30M1-V01D,25,1,600,490,0,9,480,5,0.6,1.5,15,15,1B1
PS16-V01D,25,2,600,480,0,9,480,5,0.6,1.5,12,1,1B2
V100M1-V01D,25,1.6,1200,500,0,9,480,5,0.6,1.5,22,23,1B1
PS32-V01D,25,4,600,460,0,9,480,5,0.6,2,7,8,1B1
PS25-V01D,50,3.5,1200,460,0,9,480,5,0.6,2,14,15,1B1
CUJ12A-V02D,35,1.5,600,500,100,9,480,5,1,1.5,11,12,1B2
MYB32P2-V01D,35,4,1200,480,100,9,480,5,0.6,1.5,19,20,1B1
MYB40P2-V01D,35,4,1200,480,100,9,480,5,0.6,1.5,11,12,1B1
PS50-V01D,25,4,1200,480,100,9,480,5,0.6,1.5,6,7,1B1
PS40-V01D,25,3,1200,490,100,9,480,5,1,2,11,12,1B1
CU20B3-V01D,35,4,600,480,100,9,480,5,0.6,1.5,15,16,1B1
MHL20B2-V01D,50,3,1200,480,100,9,480,5,1,1.5,10,11,1B1
MSQ10B2-V03D,35,5.5,1200,480,100,9,480,5,0.6,1.5,16,17,1B1
MXS12TB-V01D,50,2.5,600,490,0,9,480,5,0.6,1.5,13,14,1B2
SY30M-V01B,50,4,1200,490,100,9,490,5,0.6,1.5,17,18,1B1
CM25AH-V02D,25,4.5,600,450,100,9,480,5,0.6,1.5,13,14,1B1
CM25AS-V02D,25,6,600,450,100,9,480,5,0.6,1.5,13,14,1B1
CM32AH-V02D,55,5,1200,450,100,9,480,5,0.6,1.5,15,14,1B1
CM32AS-V02D,25,6,600,450,100,9,480,5,0.6,1.5,15,16,1B1
CM40AS-V02D,25,6,1200,450,100,9,480,5,0.6,1.5,10,1,1B1
CM40AH-V02D,25,5.5,1200,450,100,9,480,5,0.6,1.5,10,13,1B1
PS40B-V02D,25,3.5,1200,490,0,9,480,5,1.2,2,12,13,1B1
CG20R3-V02D,25,2,600,480,100,9,480,5,0.6,2,13,14,1B1
CG25R3-V02D,25,2,600,480,100,9,480,5,0.6,2,9,10,1B1
CUJ12A-V01D,35,1.5,600,500,100,9,480,5,1,1.5,11,12,1B2
CG32H3-V02D,50,4,1200,480,100,9,480,5,0.6,1.5,6,7,1B1
CG50R3-V02D,25,4.5,1200,480,100,9,480,5,0.6,1.5,11,12,2B1
CG40R3-V02D,25,3.5,1200,480,100,9,480,5,0.6,1.5,8,9,1B1
CG32R3-V02D,25,2.5,1200,480,100,9,480,5,0.6,1.5,12,13,1B1
CM20AH-V02D,25,3,600,450,100,9,500,5,0.6,1.5,13,14,1B1
CM20AS-V02D,25,5,600,450,100,9,500,5,0.6,1.5,12,13,1B1
XLS25B-V01B,50,3,1200,480,100,9,480,5,0.6,1.5,5,6,3B1
CM20AH-V02D,25,3,600,450,100,9,500,5,0.6,1.5,13,14,1B1
CM20AS-V02D,25,5,600,450,100,9,500,5,0.6,1.5,12,13,1B1
CP9632T-V01B,40,2.5,600,480,100,9,480,5,0.6,1.5,14,15,1B1
CP9640T-V01B,25,2.5,600,480,100,9,480,5,0.6,1.5,13,14,1B1
CP9663T-V01B,60,3,1200,480,100,9,480,5,0.8,1.5,14,15,1B1
CG50H3-V02D,25,4,1200,480,100,9,500,5,0.6,1.5,11,12,2B1
CG40H3-V02D,25,3,1200,490,100,9,500,5,0.6,1.5,8,9,1B1
CQ12C-V02D,25,1.5,600,460,0,9,480,5,0.6,2,14,15,1B2
CQ16C-V02D,55,2.3,600,480,50,9,480,5,0.6,2,14,15,1B1
CJP16B-V01D,60,2.5,600,500,50,9,480,5,0.6,1.5,11,12,1B2
CQ25C-V02D,25,3,600,480,100,9,480,5,0.6,2,6,7,1B1
CQ32C-V02D,25,2.5,600,480,100,9,480,5,0.6,2,8,9,1B1
CQ40C-V02D,25,3,1200,480,100,9,480,5,0.6,2,10,11,1B1
CQ40C-V02D,25,3,1200,480,100,9,480,5,0.6,2,10,11,1B1
CQ12TH-V01D,25,2.7,600,480,50,9,480,5,0.6,1.5,12,13,1B2
SY50MP-V01D,35,5.5,1200,490,50,9,480,5,0.5,1.5,17,18,2B1
CXS25S3-V01D,25,4,1200,480,50,9,480,5,0.6,2,20,21,1B1
MB32T-V01C,25,2,600,480,50,9,480,5,0.3,1.5,9,10,1B3
MB40T-V01C,25,2,600,480,50,9,480,5,1.1,1.5,9,10,1B2
MB50T-V01C,25,3,600,480,100,9,480,5,0.8,1.5,8,9,1B2
MHL16B2-V01D,50,2.5,1200,490,100,9,480,5,1,1.5,14,15,1B1
PS12-V01D,25,1.8,600,470,0,9,480,5,1,1.5,12,1,1B3
PS16-V02D,25,2,600,480,0,9,480,5,0.6,1.5,12,13,1B2
PS20-V01D,25,3,600,490,50,9,480,5,0.6,2,9,10,1B1
CQ16C-V01D,55,2.3,600,480,50,9,480,5,0.6,2,14,15,1B1
CJ10C-V02D,25,4,600,480,0,9,480,5,0.6,1.5,7,8,1B2
CJ16C-V02D,25,4,600,500,0,9,480,5,0.6,1.5,11,12,1B1
CJ10P-V02D,25,2,600,500,0,9,500,5,0.6,1.5,20,21,1B2
CJ16P-V02D,25,3,600,500,0,9,480,5,0.6,1.5,15,16,1B2
MXS12TB-V03D,50,2.5,600,480,0,9,480,5,0.6,1.5,13,14,1B2
CQ20C-V01D,25,2.3,600,480,50,9,480,5,0.6,2,9,10,1B1
MHY16B-V01D,35,3.6,600,480,100,9,480,5,0.6,1.5,15,16,1B1
MGJ06B-V01D,50,2.5,600,480,50,9,480,5,0.6,1.5,13,14,1B2
MHY20B-V02D,35,4.1,1200,480,100,9,480,5,0.6,1.5,19,20,1B1
SY50MP-V02D,60,5,1200,490,50,9,480,5,0.6,1.5,17,12,2B1
DXT155M-V02D,25,4.1,1200,490,50,9,480,5,0.6,1.5,11,12,1B2
MHY25B-V01D,35,5.8,1200,480,100,9,480,5,0.3,1.5,13,14,1B1
CQ20C-V02D,25,2.3,600,480,50,9,480,5,0.6,2,9,10,1B1
CGA0TD-V01C,25,6,1200,480,100,9,500,5,0.6,1.5,8,9,2B1
CG80TD-V01C,25,5,1200,480,100,9,480,5,0.6,1.5,4,5,1B1
CGA0TD-V01C,25,6,1200,480,100,9,500,5,0.6,1.5,8,9,2B1
CQ20C-V02D,25,2.3,600,480,50,9,480,5,0.6,2,9,10,1B1
MGPL12B2-V01D,25,4,1200,470,100,9,480,5,0.6,1.5,8,9,1B2
MGPL16B2-V01D,25,4,1200,470,100,9,480,5,0.6,1.5,13,14,1B1
CXS20S3-V01D,25,4,600,480,50,9,480,5,0.6,2,12,13,1B1
MHZ25B-V01B,55,4,1200,490,50,9,480,5,0.6,1.5,14,15,1B1
CQ25T3-V01B,25,5,600,480,100,9,500,5,0.5,1.5,12,13,1B1
CQS16T-V01B,25,1.5,600,480,50,9,480,5,0.6,1.5,14,15,1B1
SY50MP-V05D,50,4,1200,490,50,9,480,5,0.6,1.5,17,16,2B1
CQ16TH-V01D,25,3,600,480,50,9,500,5,0.6,1.5,2,22,1B1
MHQ40B-V01D,25,5,1200,480,100,9,480,5,0.6,1.5,12,13,1B1
MHY16B-V02D,25,1.5,600,480,100,9,480,5,0.6,1.5,13,14,1B1
SY50MP-V03D,50,5,1200,490,50,9,480,5,0.6,1.5,17,12,2B1
CQS25T-V01D,25,4,600,480,100,9,480,5,0.6,1.5,11,12,1B1
SY50MP-V04D,50,5,1200,490,50,9,480,5,0.6,1.5,17,16,2B1
CRQ30B-V02D,35,3.4,1200,500,100,9,500,5,0.6,1.5,13,14,1B1
MSQ10B2-V02D,35,5.5,1200,480,50,9,480,5,0.6,1.5,16,17,1B1
MGPM20B2-V02D,25,4,1200,470,100,9,480,5,0.6,1.5,8,9,1B1
XLA25BN-V02D,35,8.2,1200,460,50,9,480,5,0.6,1.5,19,20,2B1
CQ40T-V02B,35,4,1200,470,100,9,480,5,0.6,1.5,16,17,1B1
MGPL20B2-V02D,25,4,1200,470,100,9,480,5,0.6,1.5,8,9,1B1
SY30MP-V04D,25,2,1200,500,0,9,500,5,0.6,1.5,13,14,1B1
SY30MP-V06D,35,2,1200,500,0,9,480,5,0.6,1.5,13,14,1B1
CA20T-V01C,25,2,600,480,50,9,480,5,0.6,1.5,15,16,1B3
CA20T-V01C,25,2,600,480,50,9,480,5,0.6,1.5,15,16,1B3
CA32T-V01C,25,2.5,600,480,50,9,480,5,0.6,1.5,10,11,1B2
CA25T-V01C,25,2,600,480,50,9,480,5,0.6,1.5,12,13,1B2
CA40T-V01C,35,3.5,600,480,50,9,480,5,0.6,1.5,14,15,1B1
SY30MP-V05D,35,2,1200,500,0,9,500,5,0.6,1.5,13,14,1B1
MGPM25B2-V02D,35,5.8,1200,470,100,9,480,5,0.6,1.5,6,7,2B1
CQ63T3-V01C,25,8,1200,480,100,14,480,5,0.2,1.5,10,11,1B2
MGPM12B2-V02D,25,4,1200,480,100,9,480,5,0.6,1.5,6,7,1B2
MGPL16B2-V02D,25,4,1200,470,100,9,480,5,0.6,1.5,13,14,1B1
MGPM16B2-V02D,25,4,1200,480,50,9,480,5,0.6,1.5,12,13,1B1
LEY63B-V01D,80,4,1200,480,100,12,480,5,0.6,1.5,16,17,1B1
VV10M1-V02B,25,4.7,1200,480,100,9,480,5,0.6,1.5,17,18,1B1
VV10M1-V02B,25,4.7,1200,480,100,9,480,5,0.6,1.5,17,18,1B1
MGPM12B2-V01D,25,4,1200,480,100,9,480,5,0.6,1.5,6,7,1B2
XT686B-V01C,35,6,1200,480,100,14,480,5,0.6,1.5,8,9,2B1
CM20AH-V01D,25,3.7,600,450,100,9,480,5,0.6,1.5,21,20,1B1
CM20AS-V01D,25,3.5,600,470,100,9,480,5,0.6,1.5,14,13,1B1
MHY10B-V02D,25,1.7,600,480,100,9,500,5,0.6,1.5,13,14,1B2
MGPMA0B2-V01D,35,6,1200,480,100,14,480,5,0.6,1.5,2,3,2B1
MGPLA0B2-V01D,35,6,1200,480,100,14,480,5,0.6,1.5,3,4,4B1
MHZJ25B-V01D,35,5,1200,480,100,14,480,5,0.6,1.5,15,16,1B1
CM25AH-V01D,25,4.5,600,450,100,9,480,5,0.6,1.5,13,1,1B1
CM25AS-V01D,25,6,600,450,100,9,480,5,0.6,1.5,13,1,1B1
CM40AH-V01D,25,5.5,1200,450,100,9,480,5,0.6,1.5,10,3,1B1
CM40AS-V01D,25,6,1200,450,100,9,480,5,0.6,1.5,10,1,1B1
PS50B-V01D,25,4,1200,480,100,9,480,5,0.6,1.5,7,8,1B1
PS20A-V01D,25,2,600,490,0,9,480,5,1.1,2,12,13,1B1
SY30MP-V01D,35,2,1200,500,0,9,500,5,0.6,1.5,13,14,1B1
MSQ70C-V01D,35,6,1200,480,100,14,480,5,0.6,1.5,11,12,1B1
MSUB20B-V01D,35,5,1200,480,100,14,480,5,0.6,1.5,16,17,1B1
MSQ20B2-V02D,35,5.5,1200,490,50,9,480,5,0.6,1.5,16,17,1B1
MGPL12B2-V02D,25,4,1200,470,100,9,480,5,0.6,1.5,8,9,1B2
PS63B-V01D,25,5.5,1200,480,100,14,480,5,0.6,1.5,16,17,2B1
MSUB7B-V01D,35,5,1200,480,100,14,480,5,0.6,1.5,20,21,1B1
MRH16B2-V01D,35,5,1200,480,100,14,480,5,0.6,1.5,21,22,1B1
MHM50B1-V01D,35,5,1200,480,100,14,480,5,0.6,1.5,21,22,1B1
LEYA0B-V01D,35,4,1200,480,100,14,480,5,0.6,1.5,14,15,1B1
MRH16B2-V01D,35,5,1200,480,100,14,480,5,0.6,1.5,21,22,1B1
MYM50S-V01D,35,6,1200,480,100,14,480,5,0.6,1.5,13,14,1B1
MYM63S-V01D,35,6,1200,480,100,14,480,5,0.6,1.5,10,11,1B1
M1BA2T-V01D,35,4,1200,480,100,14,480,5,0.6,1.5,8,9,1B1
MYH40K-V01D,35,5,1200,480,100,14,480,5,0.6,1.5,13,14,1B1
VP500M-V01D,35,5,1200,480,100,14,480,5,0.6,1.5,13,14,1B1
MSQ20B2-V02D,35,5.5,1200,490,0,9,480,5,0.6,1.5,16,17,1B1
CM25AS-V01D,25,5.5,600,460,100,9,480,5,0.6,1.5,13,1,1B1
CM20AH-V01D,25,3,600,470,100,9,480,5,0.6,1.5,21,20,1B1
MSQ70B2-V01D,35,5,1200,480,100,14,480,5,0.6,1.5,14,15,1B1
MSQA0B2-V01D,35,6,1200,480,100,14,480,5,0.6,1.5,10,11,1B1
MYM50H3-V01D,35,8,1200,480,100,14,480,5,0.6,1.5,1,2,2B1
MGPL25B2-V02D,25,4,1200,470,100,9,480,5,0.6,1.5,6,7,2B1
VJ10M-V01D,50,3.2,600,480,50,9,480,5,0.6,1.2,22,21,1B1
MYBA0H-V01D,35,4.3,1200,480,100,14,480,5,0.6,1.5,12,13,4B1
MYB50H1-V01D,35,4.2,1200,480,100,14,480,5,0.6,1.5,5,6,3B1
MYB63H1-V01D,35,3.6,1200,480,100,14,480,6,0.6,1.5,2,3,4B1
MYB80H-V01D,35,8,1200,480,100,14,480,5,0.6,1.5,4,5,3B1
MYB63H1-V01D,35,5,1200,480,100,14,480,5,0.6,1.5,2,3,4B1
MYB63H1-V01D,35,5,1200,480,100,14,480,6,0.6,1.5,2,3,4B1
MYB80H-V01D,35,8,1200,480,100,14,480,5,0.6,3,17,18,3B1
MYB63H1-V01D,35,6,1200,480,100,14,480,5,0.6,3,3,4,2B1
MYB50H1-V01D,35,5,1200,480,100,14,480,5,0.6,3,18,19,3B1
MYBA0H-V01D,35,8,1200,480,100,14,480,5,0.6,3,7,8,2B1
MYB50H1-V01D,35,5,1200,480,100,14,480,5,0.6,1.5,18,19,3B1
MYB63H1-V01D,35,6,1200,480,100,14,480,5,0.6,1.5,3,4,2B1
MYB80H-V01D,35,8,1200,480,100,14,480,5,0.6,1.5,17,18,3B1
MYBA0H-V01D,35,8,1200,480,100,14,480,5,0.6,1.5,7,8,2B1
MHZ10B-V01B,40,1.7,600,480,100,9,480,5,0.6,1.5,16,17,1B2
CG63H3-V01D,25,6,1200,480,100,9,480,5,0.5,1.5,6,7,3B1
MYB16H-V03D,35,5.8,1200,480,50,9,480,5,0.6,1.5,19,20,1B1
MYB20H1-V03D,35,6.2,1200,500,100,9,500,5,0.6,1.5,19,20,1B1
CP9650T-V01B,25,3,600,480,100,9,480,5,0.6,1.5,6,7,1B1
MGPM25B2-V01D,35,4,1200,470,100,9,480,5,0.6,1.5,6,7,2B1
CG63R3-V02D,50,6,1200,480,50,9,480,5,0.8,1.5,6,7,3B1
CG63R3-V01D,25,6,1200,480,50,9,480,5,0.6,1.5,6,7,3B1
CXS10S3-V01D,25,1.5,600,480,50,9,480,5,0.6,2,12,13,1B2
CGA0R-V01D,35,6,1200,480,100,14,480,5,0.6,1.5,2,3,4B1
MHZ16B-V01B,50,3.5,600,480,100,9,480,5,0.6,1.5,17,18,1B1
CQ50R3-V01D,35,6,1200,480,100,14,480,5,0.6,1.5,14,15,1B1
MSQ30B2-V01D,35,4,1200,470,0,9,480,5,0.4,1.5,20,21,2B1
MSQ30B2-V01D,35,4,1200,470,0,9,480,5,0.4,1.5,20,21,2B1
CG40R3-V01D,25,6,1200,460,50,9,480,5,0.5,1.5,8,9,1B1
CQS16T2-V01D,25,3,600,480,50,9,480,5,0.6,1.5,21,22,1B1
CG40R3-V01D,25,5,1200,460,50,9,480,5,0.5,1.5,8,9,1B1
CU32B3-V01D,50,6,1200,490,100,9,480,5,0.6,1.5,12,13,1B1
CG50R3-V01D,25,5,1200,450,0,9,480,5,0.6,1.5,11,12,2B1
CG50H3-V01D,25,7,1200,480,50,9,480,5,0.5,1.5,9,10,2B1
CQ80K-V01D,80,6,1200,480,100,14,480,5,0.6,1.5,7,8,2B1
CQA0K-V01D,35,6,1200,480,100,14,480,5,0.6,1.5,3,4,3B1
CRQ10B-V01C,50,2.5,600,480,50,9,480,5,0.6,1.5,18,19,1B1
CG32H3-V01D,50,4,1200,490,50,9,480,5,0.6,1.5,6,7,1B1
M1B40T-V01D,25,1,600,480,100,9,480,5,0.6,1.5,9,10,1B1
CRQ10B-V02C,50,2,600,480,0,9,480,5,0.6,1.5,18,19,1B1
CG20H2-V02D,50,2.2,600,480,100,9,480,5,0.3,1.5,11,12,1B1
CRQ30B-V01D,35,3.4,1200,490,50,9,500,5,0.6,1.5,13,14,1B1
PSA0B-V01D,35,6,1200,480,100,14,480,5,1.2,1.5,4,5,3B1
VJ30M1-V02D,25,1,600,490,0,9,480,5,0.6,1.5,15,15,1B1
PSA0-V01D,35,6,1200,480,100,14,480,5,0.6,1.5,3,4,3B1
PS80B-V01D,35,5,1200,480,100,14,480,5,0.6,1.5,9,10,2B1
CG25H2-V01D,25,2.8,600,480,100,9,480,5,0.3,2,8,9,1B1
CG25H2-V02D,25,2.8,600,480,100,9,480,5,0.4,2,8,9,1B1
CG20H2-V01D,50,2.2,600,480,100,9,480,5,0.2,1.5,11,12,1B1
CG40H3-V01D,25,3,1200,490,100,9,480,5,0.6,1.5,9,10,1B1
PS80-V01D,35,5,1200,480,100,14,480,5,0.6,1.5,8,9,2B1
SY70M-V02B,35,9,1200,490,100,9,500,5,0.6,1.5,18,19,2B1
XLA40BN-V01D,35,6,1200,480,100,14,480,5,0.6,1.5,11,12,1B1
XLA50BN-V01D,35,6,1200,480,100,14,480,5,0.6,1.5,6,7,2B1
CQ32T-V01B,55,4.2,1200,470,100,9,480,5,0.6,1.5,15,16,1B1
CQ50T3-V01B,25,5,1200,480,100,9,480,5,0.6,1.5,13,14,1B1
CQ32T-V02B,50,4.2,1200,470,100,9,480,5,0.6,1.5,15,16,1B1
CQ32T3-V01B,25,4.5,600,480,100,9,500,5,0.6,1.5,10,11,1B1
CQ32T3-V01B,25,4.5,600,480,100,9,500,5,0.6,1.5,10,11,1B1
CQ32T3-V01B,25,4.5,600,480,100,9,500,5,0.6,1.5,10,11,1B1
MGPM20B2-V01D,25,4,1200,470,100,9,480,5,0.6,1.5,8,9,1B1
NCA150H-V01D,35,6,1200,480,0,9,480,5,0.6,2,11,12,1B1
MGPM32B2-V01D,50,6,1200,470,100,9,480,5,0.6,1.5,3,4,3B1
MGPM32B2-V01D,50,6,1200,470,100,9,480,5,0.6,1.5,3,4,3B1
MGPM32B2-V01D,50,6,1200,470,100,9,480,5,0.6,1.5,3,4,3B1
CXS15S3-V01D,25,2,600,480,50,9,480,5,0.6,2,16,17,1B1
CQ40R-V01D,35,6,1200,480,100,14,480,5,0.6,1.5,21,22,1B1
NCA150H-V01D,35,6,1200,480,0,9,480,5,0.6,2,11,12,2B1
CG20H2-V02D,50,2.2,600,480,100,9,480,5,0.3,1.5,11,12,1B1
XGTP300L-V01D,35,8,1200,480,100,14,480,5,0.6,1.5,3,4,4B1
SY30MP-V02D,25,2,1200,500,0,9,500,5,0.6,1.5,13,14,1B1
SY30MP-V02D,25,2,1200,500,0,9,500,5,0.6,1.5,13,14,1B1
NCA200H-V01D,35,6,1200,480,0,12,500,5,0.6,1.5,8,9,1B1
NCA250H-V01D,35,6,1200,480,0,12,500,5,0.6,1.5,4,5,2B1
APT5-V01B,25,2.5,600,470,0,9,480,5,1.4,1.5,10,9,1B1
MSUB3B-V01D,35,5,1200,480,0,12,480,5,0.6,1.5,18,19,1B1
CKZ40C-V01D,35,6,1200,480,100,12,480,5,0.6,1.5,16,17,1B1
M1B32T-V01D,25,1,600,480,100,9,480,5,0.6,1.5,13,14,1B1
NCA200R-V01D,35,6,1200,480,0,9,500,5,0.6,1.5,4,5,1B1
NCA325R-V01D,35,6,1200,480,0,12,500,5,0.6,1.5,2,3,3B1
NCA400R-V01D,35,6,1200,480,0,12,500,5,0.6,1.5,1,2,4B1
CQ32G-V01C,25,2.5,1200,470,0,9,480,5,0.6,2,14,15,1B2
NCA325H-V01D,35,6,1200,480,0,12,500,5,0.6,1.5,2,3,2B1
APT5-V01B,25,2.5,600,470,0,12,480,5,1.4,1.5,10,9,1B1
NCA400H-V01D,35,6,1200,480,0,12,500,5,0.6,1.5,1,2,3B1
MYM20H2-V01D,35,5,1200,480,100,12,480,5,0.6,1.5,1,2,1B1
MHZJ20B-V01D,35,5,1200,480,0,12,480,5,0.6,1.5,16,17,1B1
MHF12B-V01D,25,3,600,480,50,9,480,5,0.6,1.5,21,22,1B1
MSQ20B2-V01D,35,5.5,1200,500,50,9,480,5,0.3,1.5,16,17,1B1
MHY25B-V02D,35,5.8,1200,480,100,9,480,5,0.6,1.5,13,14,1B1
SY30MP-V03D,25,2,1200,500,0,9,500,5,0.6,1.5,12,14,1B1
CQ32R3-V01D,50,6,1200,480,0,14,480,5,0.6,1.5,28,29,1B2
MXS16TB-V03D,55,3.5,600,480,0,9,480,5,0.6,1.5,18,19,1B1
MXS16TB-V03D,50,3.5,600,480,0,9,480,5,0.6,1.5,18,19,1B1
CP9680T-V01B,35,4,1200,480,100,12,480,5,0.6,3,11,12,1B2
CP96A0T-V01B,35,4,1200,480,100,12,480,5,0.6,1.5,13,14,1B1
MYB16H-V01D,35,5.8,1200,480,50,9,480,5,0.6,1.5,19,20,1B1
SY50M-V01B,35,7.3,1200,460,0,9,480,5,0.6,1.5,12,13,1B1
MHY20B-V01D,35,4.1,1200,480,100,9,480,5,0.6,1.5,19,20,1B1
XLA16B2-V02B,35,6.8,1200,470,100,9,500,5,0.6,1.5,11,10,1B1
MHY10B-V01D,25,1.7,600,480,50,9,480,5,0.6,1.5,13,14,1B2
VV10M1-V01B,25,3.5,1200,460,0,9,480,5,0.6,1.5,17,18,1B1
MXS16TB-V02D,50,3.5,600,480,0,9,480,5,0.6,1.5,18,19,1B1
RMMA90-V01D,25,7,1200,490,0,9,480,5,0.6,1.5,15,16,2B1
RMMA120-V01D,25,7,1200,490,50,9,480,5,0.6,1.5,15,16,2B1
MYB25P2-V01D,35,2.5,600,480,100,9,480,5,0.6,1.5,14,15,1B1
MHZ06B-V02D,50,2.5,600,480,50,9,480,5,0.6,1.5,11,12,1B2
RMMA90-V01D,25,7,1200,490,50,9,480,5,0.6,1.5,15,16,2B1
CYV32K-V01D,35,1,1200,480,100,9,480,5,0.6,1.5,18,19,2B1
XLA40B2-V01B,50,2,1200,500,0,14,500,5,0.6,1.5,1,1,2B1
CP96A2T-V01B,35,4,1200,480,100,14,480,5,0.6,1.5,17,18,1B1
MXS16TB-V01D,55,3.5,600,480,0,9,480,5,0.6,1.5,18,19,1B1
CQ20T2-V01D,25,5,600,480,100,9,480,5,0.6,1.5,12,13,1B1
CQ20T2-V01D,25,5,600,480,100,9,480,5,0.6,1.5,12,13,1B1
VJ30M3-V02D,25,4,600,480,100,9,480,5,0.6,1.5,11,12,1B1
VJ30M3-V02D,25,4,600,480,100,9,480,5,0.6,1.5,11,12,1B1
CXS32S3-V01D,25,4,1200,480,50,9,480,5,0.6,2,11,12,1B1
M1BA0T-V01B,35,4,1200,480,100,14,480,5,0.6,1.5,20,21,1B1
MSQ30B2-V03D,35,3.5,1200,480,0,9,480,5,0.4,1.5,20,21,2B1
MB32C-V02D,50,7,1200,500,0,9,480,5,0.6,1.5,20,21,2B1
CQ50T-V01B,35,4.1,1200,470,100,9,500,5,0.3,1.5,11,10,1B1
XLA16B2-V01B,35,8,1200,470,100,9,500,5,0.6,1.5,11,10,1B1
NCA250R-V01D,35,6,1200,480,0,12,500,5,0.6,1.5,4,5,2B1
NCA250R-V01D,35,6,1200,480,0,14,500,5,0.6,1.5,4,5,1B1
MB32C-V01D,50,7,1200,500,50,9,480,5,0.6,1.5,20,21,2B1
APT6-V01B,35,6,1200,500,0,9,480,5,0.3,1.5,13,14,1B1
APT6-V01B,35,6,1200,500,0,9,480,5,0.3,1.5,13,14,1B1
DXT199M1-V02D,50,5.5,1200,480,100,9,480,5,0.6,2,16,17,1B1
VP300M-V02D,25,4,1200,490,0,9,480,5,0.6,1.5,13,14,1B1
MSQ30B2-V03D,35,3.5,1200,480,0,9,480,5,0.4,1.5,20,21,2B1
CQ50T-V02B,35,4.1,1200,470,100,9,500,5,0.6,1.5,11,10,1B1
MB80C-V01D,35,8,1200,480,100,14,480,5,0.6,1.5,2,3,3B1
SY50M-V02B,35,7.3,1200,480,0,9,480,5,0.6,1.5,12,13,1B1
CQ50R-V01D,35,6,1200,480,100,14,480,5,0.6,1.5,12,13,1B1
CQ63R3-V01D,35,6,1200,480,100,14,480,5,0.6,1.5,10,11,2B1
XLA50B2-V01D,35,6,1200,480,100,14,480,5,0.6,1.5,6,7,2B1
XLA80B2-V01D,80,6,1200,480,100,14,480,5,0.6,1.5,1,2,4B1
XLA16BN-V01B,35,5.1,1200,480,100,9,500,5,0.6,1.5,15,15,1B1
DXT155M-V01D,25,4.5,1200,490,50,9,470,5,0.6,1.5,11,12,1B2
DXT192M1-V02D,25,3.9,600,450,50,9,490,5,0.6,1.5,15,16,1B1
CQ20K-V01D,25,2,600,480,50,9,480,5,0.6,1.5,16,17,1B1
MGJ06B-V02D,50,2.5,600,480,50,9,500,5,0.6,2,13,14,1B2
MGZ63H-V01D,35,6,1200,480,100,14,480,5,0.6,1.5,5,6,2B1
MGZ80H-V01D,35,8,1200,480,100,14,480,5,0.6,1.5,2,3,4B1
MGPM63B2-V01D,35,6,1200,480,100,14,480,5,0.6,1.5,5,6,2B1
MGPL63B2-V01D,35,6,1200,480,100,14,480,5,0.6,1.5,6,7,2B1
MB40C-V02D,50,7,1200,490,0,9,480,5,0.6,2,6,7,2B1
MSQ7B-V02D,25,4,600,480,100,9,500,5,0.6,2,9,10,1B1
CQ12T3L-V01B,25,3,600,480,50,9,480,5,0.6,1.5,13,14,1B2
AXT663M5-V01D,25,3,600,480,100,9,480,5,0.6,1.5,16,17,1B1
MXH16P-V02D,50,6,1200,480,100,9,480,5,0.6,1.5,8,9,2B1
P5053B2-V01D,25,8,1200,490,100,9,480,5,0.6,1.5,6,7,2B1
RHC32B-V02D,25,6,1200,480,100,9,480,5,0.6,1.5,14,15,1B1
CJP16B-V02D,50,3,600,480,100,9,480,5,0.6,2,6,7,1B2
AXT663M6-V02D,25,4,600,480,100,9,480,5,0.6,1.5,13,14,1B1
DXT192M1-V01D,25,3.9,600,460,0,9,490,5,0.6,1.5,15,16,1B1
MHL32B2-V01D,35,6,1200,480,100,14,480,5,0.6,1.5,14,15,1B1
MHL40B2-V01D,35,6,1200,480,100,14,480,5,0.6,1.5,10,11,1B1
CLK50R-V01D,35,5,1200,480,100,14,480,5,0.6,1.5,12,13,1B1
CLK63R-V01D,35,5,1200,480,100,14,480,5,0.6,1.5,8,9,2B1
MGPL50B2-V01D,35,6,1200,480,100,14,480,5,0.6,1.5,9,10,2B1
XLA40B2-V02B,50,5,1200,480,0,14,500,5,0.6,1.5,4,5,2B1
CRQ40B-V01D,55,5.7,1200,490,50,9,490,5,0.5,1.5,10,11,1B1
S070M2-V01B,25,1,600,480,100,9,480,5,0.6,1.5,13,14,1B1
MGPL32B2-V02D,25,4,1200,470,100,9,480,5,0.6,3,10,11,2B1
CJP10B-V02D,50,3,600,480,0,9,480,5,0.6,1.5,22,23,1B1
NCA150R-V01D,35,4,1200,480,0,9,480,5,0.6,1.5,13,14,2B1
AXT663M7-V01D,25,4,600,480,100,9,480,5,0.4,1.5,17,18,1B1
MB80TD-V01C,25,4,1200,480,100,9,480,5,0.9,1.5,1,1,1B1
XLA25B2-V01B,35,4,1200,500,50,9,480,5,0.6,1.5,6,6,2B1
MHKL12B-V02D,50,5,1200,500,50,9,480,5,0.6,1.5,21,22,1B1
MHL16B2-V02D,25,4.2,1200,480,100,9,480,5,0.6,1.5,16,16,1B1
MBA0C-V01D,35,6,1200,480,100,14,480,5,0.6,1.5,1,2,4B1
SY70MP-V01D,35,4,1200,480,100,14,480,5,0.6,1.5,15,16,1B1
MSQA0C-V01D,35,8,1200,480,100,14,480,5,0.6,1.5,7,8,2B1
CQ63R-V01D,35,6,1200,480,100,14,480,5,0.6,1.5,7,8,1B1
MSQB0C-V01D,35,8,1200,480,100,14,480,5,0.6,1.5,3,4,3B1
MHL10B2-V02D,50,4,1200,480,100,9,480,5,0.6,1.5,20,21,1B1
V100M4-V02D,25,4,1200,480,100,9,480,5,0.6,1.5,17,18,1B1
XLA63B2-V01D,35,6,1200,480,100,14,480,5,0.6,1.5,3,4,4B1
CQA0T3-V01C,35,4,1200,480,100,14,480,5,0.6,1.5,12,13,1B1
XGTP300BN-V01D,35,2,1200,490,0,9,480,5,0.6,1.5,15,16,1B1
CUJ16A-V02D,25,2.2,600,490,100,9,490,5,1.2,1.5,18,19,1B1
MB63TD-V01C,25,3.5,600,480,100,9,480,5,0.7,1.5,4,5,1B1
CXS25S3-V02D,25,4,1200,480,50,9,480,5,0.6,2,20,21,1B1
CRQ15B-V01C,25,2.3,600,490,50,9,480,5,0.8,1.5,14,15,1B1
MHZ06B-V01D,50,2.5,600,480,100,9,480,5,0.6,1.5,11,12,1B2
CXS32S3-V02D,25,4,1200,480,50,9,480,5,0.6,2,11,12,1B1
VV15M1-V01D,25,4.2,1200,480,100,9,480,5,0.6,1.5,16,16,1B1
VV15M1-V02D,25,4.2,1200,480,100,9,480,5,0.6,1.5,16,16,1B1
P5053B3-V01D,25,8,1200,490,100,9,480,5,0.6,1.5,5,6,3B1
VJ30M-V02D,25,4,600,480,100,9,480,5,0.6,1.5,15,16,1B1
M1B80T-V01D,35,4,1200,490,0,12,500,5,0.6,1.5,19,20,1B1
CQ80R3-V01D,35,8,1200,480,100,14,480,5,0.6,1.5,3,4,3B1
P5053B3-V02D,25,8,1200,490,100,9,480,5,0.6,1.5,5,6,3B1
P5053B2-V02D,25,7,1200,490,100,9,480,5,0.6,1.5,6,7,2B1
NCAA0TD-V01C,25,4,1200,480,100,9,500,5,0.6,2,4,5,1B1
CQ20K-V02D,25,2,600,480,50,9,480,5,0.6,1.5,16,17,1B1
VJ30M-V02D,25,4,600,480,100,9,480,5,0.6,1.5,15,16,1B1
NCAA0TD-V01C,25,4,1200,480,100,9,500,5,0.6,2,4,5,1B1
CUJ20A-V02D,25,3.1,600,490,100,9,480,5,1,1.5,15,15,1B1
V100M2-V02D,25,1.7,1200,500,0,9,480,5,0.6,1.5,10,11,1B2
CRQ15B-V02C,25,2.3,600,490,50,9,480,5,0.8,1.5,14,15,1B1
CXS06S3-V02D,25,1.5,600,480,50,9,480,5,0.6,2,11,12,1B2
CXS10S3-V02D,25,2.5,600,480,50,9,480,5,0.6,1.5,15,16,1B2
CXS20S3-V02D,50,2.5,600,480,50,9,480,5,0.6,1.5,11,12,1B1
CXS15S3-V02D,25,2,600,480,50,9,480,5,0.6,2,16,17,1B1
CG63H3-V02D,25,6,1200,480,100,9,500,5,0.6,1.5,2,3,3B1
MBA0TD-V01C,25,4,1200,480,100,9,500,5,0.6,1.5,4,5,1B1
CRQ20B-V01D,25,4.8,1200,480,50,9,480,5,0.6,1.5,15,16,1B1
CRQ20B-V02D,25,4.8,1200,480,50,9,480,5,0.6,1.5,15,16,1B1
CQ63T-V01C,35,6.6,1200,500,0,14,480,5,0.6,1.5,11,12,1B2
MYM63H2-V01D,35,8,1200,480,100,14,480,5,0.6,1.5,14,15,3B1
CQ80T-V01C,35,5,1200,480,100,14,480,5,0.6,1.5,14,15,1B1
CQ80T3-V01C,35,5,1200,480,100,14,480,5,0.6,1.5,17,18,1B1
CQA0T-V01C,35,5,1200,480,100,14,480,5,0.6,1.5,9,10,2B1
MGPM32B2-V02D,25,4,1200,470,100,9,480,5,0.6,1.5,3,4,3B1
SY50M3-V01D,50,4.5,1200,480,100,9,480,5,0.6,1.5,9,10,2B1
MGPL40B2-V02D,25,4,1200,470,100,9,480,5,0.6,3,13,14,3B1
CRQ20B-V03D,25,4.8,1200,480,100,9,480,5,0.6,1.5,15,16,1B1
CRQ40B-V02D,40,5.7,1200,490,100,9,490,5,0.5,1.5,10,11,1B1
M1B50T-V01D,25,1.5,1200,480,100,9,480,5,0.6,1.5,13,14,1B1
MGPM40B2-V02D,25,4,1200,490,50,9,480,5,0.6,1.5,3,4,3B1
CKQ50B2-V01D,35,6,1200,480,100,14,480,5,0.6,1.5,12,13,1B1
MGPM80B2-V01D,35,6,1200,480,100,14,480,5,0.6,1.5,4,5,3B1
MGPL80B2-V01D,35,6,1200,480,100,14,480,5,0.6,1.5,5,6,2B1
CA50T-V01C,25,4,600,480,100,9,480,5,0.9,1.5,9,10,1B1
CA63T-V01C,50,4,1200,480,100,9,480,5,0.9,1.5,14,15,1B1
CQ63T-V02C,50,6.6,1200,480,50,9,480,5,0.6,2,10,10,2B1
SY70M-V01B,35,9,1200,490,100,9,490,5,0.6,1.5,18,19,2B1
APT5-V01C,25,2.5,600,470,0,9,480,5,1.25,1.5,10,9,1B1
VV14M1-V01D,50,2.3,1200,500,0,9,500,5,0.6,1.5,22,23,1B1
V100M1-V02D,25,4,1200,480,100,9,480,5,0.6,1.5,22,23,1B1
MHF08B-V01D,25,1,600,480,50,9,480,5,0.6,1.5,11,12,1B2
P5053B1-V02D,25,7,1200,490,100,9,480,5,0.6,1.5,11,12,1B1
MB63C-V01D,35,6,1200,500,0,14,480,5,0.6,1.5,6,7,2B1
MB50C-V01D,35,6,1200,500,0,14,480,5,0.6,1.5,11,12,1B1
MGPM50B2-V01D,35,6,1200,480,100,14,480,5,0.6,1.5,7,8,2B1
CQ40T-V01B,35,4,1200,470,100,9,450,5,0.6,1.5,16,17,1B1
CXS06S3-V01D,25,2,600,480,50,9,480,5,0.3,2,11,12,1B2
VJ30M-V02D,25,4,600,480,100,9,480,5,0.6,1.5,15,16,1B1
MSQ30B2-V02D,35,4,1200,470,0,9,480,5,0.6,1.5,20,21,2B1
CQ32K-V01D,50,3,600,490,50,9,480,5,0.6,1.5,14,15,1B1
VJ30M3-V01D,25,4,600,480,100,9,480,5,0.6,1.5,11,12,1B1
CQ63T-V03C,50,6.6,1200,480,50,9,480,5,0.9,2,10,10,2B1
AXT663M5-V02D,25,3,600,480,100,9,480,5,0.6,1.5,16,17,1B1
AXT835M-V02D,50,4,1200,480,50,9,480,5,0.6,1.5,21,22,1B1
MTS12R-V01D,25,6,1200,480,100,9,480,5,0.6,2,22,23,1B1
MXW20B-V02D,50,6,1200,490,50,9,480,5,0.5,1.5,18,19,2B1
MTS16R-V01D,25,6,1200,480,100,9,480,5,0.6,2,15,16,1B1
P5053B1-V01D,25,7,1200,490,100,9,480,5,0.6,1.5,11,12,1B1
PS63-V02D,25,5,1200,500,0,9,480,5,0.5,1.5,17,18,3B1
CQ40K-V01D,50,3.5,1200,480,100,9,480,5,1.2,1.5,15,16,1B1
PS63-V03D,25,5,1200,480,100,9,480,5,0.6,1.5,17,18,3B1
MHZ40B-V01D,50,6,1200,480,100,9,480,5,0.6,1.5,20,21,1B1
XLA25B2-V02B,35,5,1200,500,50,9,480,5,0.6,1.5,6,6,2B1
MTS20R-V01D,50,6,1200,480,100,9,480,5,0.6,2,22,23,1B1
MTS20R-V01D,50,8,1200,480,100,9,480,5,0.6,1.5,22,23,1B1
