ID,"Rack Number","Ma khuon","Ngay dun","So thanh","So thanh da dong goi","So thanh NG","So thanh con lai"
25283,1,CQ50G-V01C,2026-03-04,36,14,2,20
22235,1,MYB40P2-V01D,2025-10-10,30,24,4,2
21719,1,CXS25S3-V02D,2025-09-18,63,48,4,11
15177,1,PS63-V01D,2024-11-26,50,37,0,13
13768,1,CP9632T-V03B,2024-10-02,40,38,,2
12988,1,CP9650T-V01B,2024-08-16,28,26,,2
9019,1,XLA25B2-V02B,2023-10-25,30,25,,5
24035,2,NCA150R-V01D,2025-12-25,45,26,2,17
5763,2,CJ06C-V01D,2023-01-12,212,11,19,182
14943,3,MB40T-V02C,2024-11-18,38,24,8,6
14629,3,CP9632T-V03B,2024-11-05,28,15,12,1
13669,3,CP9650T-V01B,2024-09-25,40,15,,25
11712,3,CQS12T3-V01D,2024-06-12,144,135,17,-8
9013,3,CP9650T-V01B,2023-10-25,28,20,,8
25282,4,CQ50G-V01C,2026-03-04,45,22,3,20
24931,4,CXS32S2-V01E,2026-02-04,14,1,,13
24569,4,CQ25T-V01D-ZZZ,2026-01-21,26,15,0,11
24233,4,MK25RC-V01E,2026-01-08,82,66,,16
22401,4,MYB25P2-V01D,2025-10-16,16,5,2,9
21620,4,CM40BH-V01E,2025-09-17,22,19,,3
20715,4,DXT192M1-V02D,2025-08-01,72,62,,10
24079,5,CQ25G-V01C,2025-12-26,84,2,23,59
22203,5,MXQ06B-V02D,2025-10-09,126,40,1,85
12430,5,CP9650T-V01B,2024-07-19,28,26,1,1
25086,6,MGPM50B2-V02D,2026-02-06,14,6,6,2
24647,6,SY50M-V01B,2026-01-23,62,60,,2
24172,6,MGPM25B2-V02D,2026-01-06,25,7,0,18
23989,6,MB40T-V01C,2025-12-23,70,67,,3
23198,6,CKZ63T4-V01D,2025-11-19,30,18,2,10
19852,6,MSQ50B2-V03D,2025-06-25,25,17,5,3
18656,6,CYR50SR-V01D,2025-05-06,35,19,,16
10281,6,CYR32B-V01D,2024-02-22,29,21,2,6
9437,6,MHL16B2-V02D,2023-11-27,25,21,1,3
8892,6,CQ32K-V01D,2023-10-19,75,69,7,-1
7990,6,XLA40B2-V01B,2023-07-25,16,4,,12
7528,6,SY30MP-V06D,2023-06-03,27,25,1,1
7307,6,XLA40B2-V01B,2023-05-08,20,13,,7
24659,7,CSB0S-V01D,2026-01-23,36,23,1,12
20669,7,MXS16E-V01D,2025-07-30,35,16,0,19
20125,7,CP9650T-V02B,2025-07-09,11,3,5,3
18253,7,CP9650T-V03B,2025-04-11,34,33,0,1
16399,7,CP9663T-V02B,2025-01-09,35,34,,1
9033,7,CU20B3-V02D,2023-10-27,47,3,3,41
25638,8,CYR10AR-V01D,2026-03-18,116,72,0,44
25233,8,CP9640T-V03B,2026-03-03,27,24,2,1
24758,8,CYR40SR-V01D,2026-01-28,54,45,0,9
14190,8,MGPM20B2-V01D,2024-10-18,35,33,1,1
5798,8,PS32B-V01D,2023-01-14,69,44,0,25
23063,9,CKZ50T4-V01D,2025-11-12,16,15,,1
22427,9,CQ40T3-V02B-ZZZ,2025-10-17,39,35,6,-2
22213,9,CA80T-V01C,2025-10-10,10,6,1,3
17349,9,P5053B2-V02D,2025-02-27,24,1,1,22
15780,9,CP9663T-V01B,2024-12-16,28,23,3,2
2427,9,SY30MP-V02D,2022-04-21,68,51,6,11
23556,10,CA63T-V03C,2025-12-02,9,8,0,1
23035,10,CA32T-V01C,2025-11-12,70,68,1,1
20323,10,CQA0T3-V01C,2025-07-16,9,3,5,1
1350,10,CQ12C-V01D,2021-11-25,54,26,24,4
25349,11,MSQB0C-V01D,2026-03-05,12,5,6,1
24327,11,MB40T-V02C,2026-01-12,24,14,2,8
19945,11,MHY20B-V01D,2025-07-01,74,55,,19
17543,11,CJ06C2-V01D,2025-03-10,228,103,,125
10634,11,CA40T-V01C,2024-03-18,40,10,6,24
10613,11,CQ63R3-V01D,2024-03-18,18,6,,12
5926,11,CJ10P-V01D,2023-02-04,536,359,9,168
25298,12,MSQB0C-V01D,2026-03-02,9,8,,1
24170,12,MGPM25B2-V02D,2026-01-06,19,16,2,1
22263,12,MK63RC-V01E,2025-10-13,24,13,3,8
13289,12,MGPM63B2-V01D,2024-09-05,15,11,,4
12926,12,MHF12B-V02D,2024-08-14,108,94,,14
2811,12,MHY25B-V01D,2022-06-04,56,55,0,1
13096,13,CG50H3-V01D,2024-08-22,20,12,,8
11406,13,CYV32K-V01D,2024-05-23,20,9,0,11
9681,13,MGZ80H-V01D,2023-12-19,7,1,4,2
7620,13,SY30MP-V05D,2023-06-21,24,21,,3
5780,13,PS32-V01D,2023-01-13,80,12,4,64
8424,14,CQ50T-V02B,2023-09-09,25,19,,6
8055,14,XLA40B2-V01B,2023-07-31,24,20,,4
1973,14,MXS12TB-V01D,2022-02-25,56,56,1,-1
25285,15,CXS06S3-V03D,2026-03-04,95,75,3,17
25057,15,CA40T-V01C,2026-02-09,48,43,4,1
15222,15,XLA40B2-V03B,2024-11-26,11,6,3,2
8869,15,AXT663M7-V02D,2023-10-17,50,26,0,24
18871,16,CYR06SR-V01D,2025-05-14,52,5,,47
15163,16,MSQA0B2-V01D,2024-11-20,20,5,4,11
10778,16,XLA40B2-V02B,2024-04-03,12,9,7,-4
9230,16,CG32H3-V01D,2023-11-09,70,28,6,36
7309,16,XLA40B2-V01B,2023-05-08,15,1,1,13
5886,16,MXS08TB-V02D,2023-02-02,144,127,0,17
18936,17,AXT835M-V01D,2025-05-16,80,54,0,26
15854,17,XLA40B2-V03B,2024-12-12,15,10,,5
13854,17,CQ63T3-V01C,2024-10-04,25,23,,2
10191,17,MTS16R-V01D,2024-01-30,60,42,0,18
2961,17,PS32-V01D,2022-06-23,16,7,1,8
17947,18,CYR20AR-V01E,2025-03-26,23,21,,2
16418,18,CM40AS-V02D,2025-01-09,30,15,,15
8128,18,XLA40B2-V01B,2023-08-03,12,4,1,7
7765,18,PS20A-V01D,2023-07-05,166,114,4,48
4337,18,PS40-V01D,2022-09-24,72,45,14,13
3319,18,DXT192M1-V01D,2022-07-19,90,75,0,15
24129,19,MHZ20B2-V01D,2025-12-29,72,67,,5
23880,19,MYB16AJ3-V01D,2025-12-18,72,63,,9
13591,19,PSA0-V01D,2024-09-23,12,4,6,2
12828,19,MXS16TB-V01D,2024-08-07,63,48,1,14
25705,20,CM40AH-V01D,2026-03-19,40,26,,14
22550,20,MYB32P2-V01D,2025-10-23,32,15,,17
22004,20,CYB15B-V01D,2025-10-02,68,61,0,7
19058,20,XLA25BN-V01D,2025-05-22,27,4,3,20
10081,20,MXH16P-V02D,2024-01-23,15,13,,2
9798,20,XLA40B2-V02B,2024-01-04,12,9,0,3
24467,21,CYR50SR-V02D,2026-01-16,40,6,6,28
24384,21,VV14M1-V02D,2026-01-14,71,66,4,1
24138,21,MGPM40B2-V02D,2025-12-29,15,13,,2
22022,21,CYR32E-V01D,2025-10-02,28,12,,16
16846,21,CA50T-V02C,2025-02-06,16,1,1,14
13884,21,XT790C-V01E,2024-10-07,98,81,,17
12956,22,CP9663T-V01B,2024-08-15,28,26,,2
2651,22,CQ20G-V01C,2022-05-18,206,173,17,16
21818,23,CM32CH-V01E,2025-09-24,35,24,,11
15190,23,XLA40B2-V03B,2024-11-22,16,13,7,-4
14408,23,CP9650T-V02B,2024-10-25,40,37,1,2
12825,23,MXS16TB-V01D,2024-08-07,63,1,1,61
11534,23,NCA400R-V01D,2024-06-03,8,2,0,6
5540,23,MSQ30B2-V03D,2022-12-26,21,3,12,6
24005,24,CM20AS-V02D,2025-12-24,126,111,0,15
23857,24,CA40T-V01C,2025-12-17,36,17,,19
21702,24,CQ20C-V01D,2025-09-19,198,167,0,31
14195,24,CYB32C-V01D,2024-10-19,12,1,0,11
6342,24,MXS16TB-V01D,2023-03-02,90,74,,16
5322,24,CU25B3-V01D,2022-12-09,90,89,2,-1
18869,25,CYR06SR-V01D,2025-05-14,188,185,,3
10274,25,CSA6S0-V01D,2024-02-22,72,43,0,29
2829,25,PS25-V01D,2022-06-07,120,110,7,3
23980,26,CJ16P-V02D,2025-12-23,254,241,0,13
21094,26,CXS15S3-V02D,2025-08-18,46,35,21,-10
20964,26,CUJ08A-V01D,2025-08-13,123,59,27,37
20583,26,XLA25B2-V03B,2025-07-25,5,3,0,2
17836,26,MHZ25B-V01B,2025-03-20,72,46,2,24
17648,26,CQ32T3-V01B-ZZZ,2025-03-12,30,30,1,-1
15461,26,CA63T-V02C,2024-12-04,25,23,0,2
15159,26,MSQA0B2-V01D,2024-11-20,20,20,1,-1
12977,26,CP9640T-V01B,2024-08-16,28,17,3,8
12485,26,DXT192M1-V02D,2024-07-22,48,15,2,31
12323,26,XLA40B2-V02B,2024-07-10,12,2,11,-1
12176,26,MXS20E-V01D,2024-07-01,6,1,1,4
8773,26,CQ40R-V01D,2023-10-06,9,8,0,1
23181,27,MB40T-V02C,2025-11-18,50,48,0,2
15762,27,MXS25E-V01D,2024-12-05,20,14,1,5
9358,27,CP9640T-V01B,2023-11-17,24,5,1,18
6231,27,CG20H2-V01D,2023-02-24,72,58,3,11
2976,27,CQ12C-V01D,2022-06-27,360,305,14,41
2024,27,MXS20TB-V01D,2022-03-02,81,81,3,-3
24588,28,MHM50B1-V01D,2026-01-16,39,25,8,6
16734,28,PSA0B-V01D,2025-01-21,5,1,2,2
13667,28,CP9650T-V01B,2024-09-25,40,34,5,1
10871,28,MXH10T0-V01D,2024-04-11,53,15,0,38
4738,28,MGPL40B2-V01D,2022-10-31,19,16,0,3
2650,28,CG50H-V01C,2022-05-18,38,18,14,6
20475,29,MGJ06B-V01D,2025-07-22,112,59,1,52
19216,29,MHY25B-V02D,2025-05-29,42,34,6,2
10612,29,CYR40AR-V01D,2024-03-15,19,3,11,5
7608,29,SY30MP-V05D,2023-06-16,25,19,3,3
846,29,MXS12TB-V01D,2021-09-11,90,88,1,1
17142,30,CYB15B-V01D,2025-02-19,73,48,0,25
16575,30,CQ32T3-V01B-ZZZ,2025-01-15,50,45,,5
16535,30,DXT155M-V01D,2025-01-14,71,70,,1
11868,30,MXS20TB-V01D,2024-06-21,62,43,6,13
3532,30,PS50B-V01D,2022-07-30,16,5,5,6
3212,30,PS12-V01D,2022-07-13,374,344,28,2
23378,31,MGPL50B2-V02D,2025-11-24,20,18,,2
23133,31,MXS06B-V02D,2025-11-14,35,10,,25
22437,31,MHZ10B2-V02E,2025-10-20,140,67,7,66
18104,31,CP9663T-V02B,2025-04-04,28,19,,9
16720,31,MXQ16B-V02D,2025-01-21,77,56,,21
1892,31,CQ32C-V01D,2022-02-17,40,30,2,8
25239,32,CYR10SR-V02D,2026-03-02,144,44,7,93
24003,32,CYB10C-V01D,2025-12-24,90,58,0,32
24002,32,CYB40C-V01D,2025-12-24,19,17,1,1
6730,32,CQ16T3L-V01B,2023-03-16,125,79,13,33
23491,33,MHZ40B-V01D,2025-12-02,30,18,0,12
22620,33,MYM63P-V01B,2025-10-23,20,14,,6
22469,33,CYB10B-V01D,2025-10-21,88,34,1,53
18666,33,CP9632T-V03B,2025-05-06,33,26,6,1
9466,33,MSQ20B2-V02D,2023-11-30,35,32,2,1
8867,33,CQ32R3-V01D,2023-10-13,40,4,7,29
18894,34,MSQA0B2-V01D,2025-05-14,30,9,11,10
18384,34,CP9650T-V02B,2025-04-16,28,25,0,3
16098,34,CQ50T3-V01B,2024-12-25,32,22,,10
14201,34,CP9650T-V01B,2024-10-18,32,29,1,2
3531,34,PS63B-V01D,2022-07-30,13,5,13,-5
14621,35,MB50T-V02C,2024-11-05,50,41,0,9
14016,35,CP9640T-V01B,2024-10-11,50,35,1,14
11834,35,CP9632T-V01B,2024-06-20,28,15,3,10
6260,35,VJ30M-V01D,2023-02-27,119,17,0,102
24361,36,CXS10S3-V02D,2026-01-14,65,25,28,12
23800,36,MYB16BH-V01D,2025-12-16,380,132,4,244
20773,36,MGPM40B2-V01D,2025-08-06,12,8,3,1
10442,36,CQ80T3-V01C,2024-03-05,9,8,0,1
3213,36,PS12-V01D,2022-07-13,378,347,32,-1
20547,37,MHZ16B-V02B,2025-07-24,99,62,,37
18199,37,CP9663T-V03B,2025-04-10,18,15,,3
17788,37,CP9650T-V02B,2025-03-18,40,39,,1
17688,37,CQ50T3-V01B-ZZZ,2025-03-13,24,23,2,-1
15820,37,CP9632T-V02B,2024-12-17,50,48,0,2
12443,37,MHF08B-V02D,2024-07-18,126,82,,44
10109,37,MB50T-V01C,2024-01-25,40,2,2,36
5430,37,RHC32B-V01D,2022-12-15,55,51,3,1
24844,38,CYR15SR-V02D,2026-01-30,64,32,,32
24088,38,CUJ12A-V01S,2025-12-26,42,29,2,11
10268,38,CYR50AR-V01E,2024-02-22,39,34,3,2
10071,38,NCA325R-V01D,2024-01-23,4,1,,3
22581,39,CQS12T2-V01D,2025-10-24,107,93,,14
10106,39,CA20T-V01C,2024-01-25,135,58,10,67
6376,39,VJ10M-V01D,2023-03-03,184,180,6,-2
2249,39,DXT192M1-V01D,2022-04-01,50,49,0,1
24334,40,MSQ20B5-V01D,2026-01-12,48,22,2,24
24224,40,MGPM20B2-V02D,2026-01-07,42,25,0,17
21627,40,CP9650T-V03B,2025-09-17,26,23,2,1
21530,41,CP9650T-V02B,2025-09-11,35,25,1,9
18815,41,CYR32SR-V01D,2025-05-13,90,73,7,10
11594,41,CP9640T-V01B,2024-06-05,28,23,1,4
8982,41,SY70M-V01B,2023-10-24,24,16,,8
16096,42,CQ50T3-V01B,2024-12-25,16,5,0,11
10836,42,CM25AS-V02D,2024-04-10,127,111,0,16
22854,43,MYM16S-V01B,2025-11-06,45,32,0,13
22589,43,MSQ10BB3-V01D,2025-10-24,36,3,,33
21052,43,CP9650T-V02B,2025-08-15,35,31,1,3
20228,43,CA80T-V01C,2025-07-11,30,27,0,3
15188,43,XLA40B2-V03B,2024-11-22,15,11,1,3
12468,43,MHZ06B-V01D,2024-07-19,46,22,2,22
10308,43,CA40S-V01D,2024-02-26,122,93,5,24
25526,44,MGPM40B2-V01D,2026-03-13,20,13,0,7
25327,44,MXQ16B-V02D,2026-03-05,71,33,2,36
23037,44,MSQ10BB2-V01E,2025-11-11,45,26,,19
22195,44,CA63T-V03C,2025-10-09,22,12,8,2
21912,44,CM20CH-V01E,2025-09-26,72,66,0,6
21911,44,APT5-V01C,2025-09-26,24,4,1,19
18478,44,MB50T-V01C,2025-04-21,30,18,9,3
15160,44,MSQA0B2-V01D,2024-11-20,25,19,1,5
13459,44,MXQ16B-V01D,2024-09-12,45,41,,4
11885,44,CQS12T3-V01D,2024-06-21,61,15,3,43
4292,44,PS40B-V01D,2022-09-21,112,89,3,20
2207,44,SY30MP-V01D,2022-03-25,63,62,0,1
24822,45,XLA40B2-V04B,2026-01-28,24,1,24,-1
21268,45,DXT155M-V01D,2025-08-25,72,27,,45
18870,45,CYR06SR-V01D,2025-05-14,174,165,7,2
15219,45,XLA40B2-V03B,2024-11-26,12,8,2,2
14552,45,MB50T-V03C,2024-10-31,50,34,12,4
11284,45,CP9663T-V01B,2024-05-16,19,10,8,1
10545,45,CQS25R-V01E,2024-03-12,44,36,2,6
10037,45,CYP32S-V01D,2024-01-19,20,6,2,12
2797,46,PS40-V01D,2022-06-04,66,65,0,1
2655,46,CQ40G-V01C,2022-05-19,43,38,0,5
24190,47,CK50H-V01D,2026-01-06,23,21,,2
24014,47,CQ50T3-V02B-ZZZ,2025-12-24,34,13,20,1
23816,47,CA80T-V02C,2025-12-15,23,21,,2
23204,47,CXS06S2-V01D,2025-11-19,107,73,0,34
13697,47,NCA200R-V01D,2024-09-27,27,9,,18
12180,47,CP9663T-V01B,2024-07-08,28,23,,5
8954,47,CQ50R3-V01D,2023-10-23,50,17,11,22
18106,48,CP9663T-V02B,2025-04-04,35,34,,1
17999,48,CYR25AR-V01E,2025-03-28,36,33,0,3
15590,48,CA63T-V01C,2024-12-10,28,23,,5
14553,48,MB50T-V03C,2024-10-31,38,34,2,2
13969,48,MB40T-V01C,2024-10-09,54,52,1,1
13853,48,CP9650T-V03B,2024-10-04,24,17,4,3
10429,48,MXQ20B-V01D,2024-03-04,56,16,1,39
10378,48,CYR20E-V01E,2024-03-01,41,26,1,14
7259,48,XLA40B2-V01B,2023-04-28,20,6,,14
25100,49,MGPMA0B2-V01D,2026-02-05,6,5,,1
22200,49,MB50T-V01C,2025-10-09,55,53,0,2
20099,49,CA50T-V02C,2025-07-07,45,27,0,18
15428,49,XLA40B2-V02B,2024-12-02,12,10,,2
11992,49,XLA40B2-V03B,2024-06-24,18,17,,1
10750,49,SY70M-V01B,2024-04-01,17,10,2,5
3383,49,CG40H-V01C,2022-07-22,20,2,1,17
2680,49,SY30MP-V02D,2022-05-25,39,15,9,15
23209,50,CXS16LB-V01E,2025-11-19,72,51,4,17
22631,50,MXS25B-V02D,2025-10-27,28,20,,8
22341,50,MB50T-V03C,2025-10-15,36,18,16,2
21575,50,CQ16C-V01D,2025-09-15,150,146,0,4
12028,50,MYB20H1-V03D,2024-07-01,50,38,,12
12171,51,CRQ10B-V03C,2024-07-05,72,37,2,33
12034,51,XLS25B-V02B,2024-07-01,15,10,3,2
9059,51,XLA50BN-V01D,2023-10-27,24,16,1,7
7355,51,P5053B2-V01D,2023-05-12,35,30,4,1
2622,51,CQ12C-V01D,2022-05-16,216,157,58,1
24757,52,APT9-V01E,2026-01-28,38,9,4,25
24584,52,PS80B-V01D,2026-01-21,24,21,0,3
21718,52,CA40T-V01C,2025-09-19,44,23,3,18
9974,52,MTS12R-V01D,2024-01-16,108,105,2,1
5778,52,VJ30M-V01D,2023-01-13,104,79,,25
13590,53,PSA0-V01D,2024-09-23,12,3,1,8
24712,54,APT6-V01B,2026-01-27,45,35,3,7
18773,54,MK12RC-V01E,2025-05-09,150,87,9,54
15984,54,PS63-V01D,2024-12-23,30,20,,10
15442,54,CA63T-V01C,2024-12-04,28,27,,1
5324,54,CU25B3-V01D,2022-12-09,78,72,7,-1
3385,54,CG32H-V01C,2022-07-22,56,10,0,46
17474,55,CQ32T3-V01B-ZZZ,2025-03-06,44,40,6,-2
3853,55,XLA25B2-V01B,2022-08-23,36,32,0,4
17848,57,APT6-V01B,2025-03-20,35,31,1,3
15655,57,XLA40B2-V03B,2024-12-09,18,14,15,-11
3705,57,PS25A-V01D,2022-08-12,176,175,0,1
2587,57,XLA25B2-V01B,2022-05-10,40,39,2,-1
20473,58,MHY10B-V02D,2025-07-22,117,116,,1
17789,58,CP9650T-V02B,2025-03-18,31,30,,1
15592,58,CA63T-V01C,2024-12-10,27,20,3,4
13377,58,CA40T-V02C,2024-09-10,24,3,12,9
2703,58,CJ12P-V01D,2022-05-27,396,164,200,32
23452,60,MGPL80B2-V01D,2025-11-26,9,7,,2
23143,60,CKZ63T4-V01D,2025-11-17,21,17,3,1
15515,60,CQ50T3-V01B,2024-12-05,20,16,3,1
15186,60,XLA40B2-V03B,2024-11-22,15,10,7,-2
12534,60,CRQ30B-V01D,2024-07-24,72,63,,9
7097,60,CJP16B-V01D,2023-04-10,100,66,3,31
13021,61,CP9663T-V02B,2024-08-19,14,7,,7
12214,61,CP9640T-V01B,2024-07-09,28,26,,2
8119,61,CQ50R-V01D,2023-08-03,23,5,4,14
7420,61,XLA40B2-V01B,2023-05-24,20,11,,9
25126,62,CA50T-V01C,2026-02-12,48,27,,21
24981,62,CQS16T2-V01D,2026-02-06,59,34,0,25
22473,62,CQ40K-V01D,2025-10-07,39,4,,35
21656,62,CQ40T3-V02B-ZZZ,2025-09-17,44,34,9,1
20440,62,P5053B3-V01D,2025-07-21,25,11,,14
15557,62,CP9650T-V01B,2024-12-06,28,20,1,7
11794,62,CA25T-V01C,2024-06-18,141,100,,41
5538,62,MSQ30B2-V03D,2022-12-26,28,16,2,10
4295,62,PS40B-V01D,2022-09-21,84,6,,78
25741,63,CQ32G-V01C,2026-03-23,72,59,2,11
18929,63,MSQ70B2-V01D,2025-05-15,20,9,4,7
16109,63,CA50T-V02C,2024-12-26,39,36,,3
13925,63,NCA150R-V01D,2024-10-09,19,9,,10
7422,63,XLA40B2-V01B,2023-05-24,10,1,,9
24966,64,CG40H3-V02D,2026-02-05,48,34,8,6
24430,64,CG80R2-V01D,2026-01-14,20,15,3,2
23643,64,CYB32C-V01D,2025-12-09,40,19,4,17
22733,64,CXS32LB-V01E,2025-10-31,60,35,3,22
22303,64,CYB06B-V01D,2025-10-13,144,60,2,82
17526,64,CA25T-V01C,2025-03-07,56,55,0,1
16099,64,CQ50T3-V01B,2024-12-25,42,28,,14
15228,64,XLA40B2-V03B,2024-11-26,16,10,8,-2
13834,64,MB40T-V01C,2024-10-03,46,44,,2
2490,64,VJ10M-V01D,2022-04-27,180,179,2,-1
5323,65,CU25B3-V01D,2022-12-09,90,90,3,-3
25438,66,CQS12T-V01D,2026-03-10,59,24,0,35
25045,66,CM25AH-V01D,2026-02-10,131,107,,24
18385,66,CP9650T-V02B,2025-04-16,35,34,,1
15221,66,XLA40B2-V03B,2024-11-26,12,10,10,-8
14894,66,CP9663T-V02B,2024-11-14,14,13,,1
25268,67,CP9650T-V03B,2026-03-04,30,24,2,4
25176,67,CA50T-V02C,2026-02-26,30,21,7,2
24897,67,CXS25S2-V02E,2026-02-03,21,13,0,8
24871,67,CQ20T3-V02B-ZZZ,2026-02-03,39,26,,13
23953,67,CXS15P-V01D,2025-12-19,148,110,,38
22260,67,CKZ40T4-V01D,2025-10-13,14,11,0,3
20055,67,MK25RC-V01E,2025-07-07,64,31,0,33
16574,67,CQ32T3-V01B-ZZZ,2025-01-15,39,37,1,1
16085,67,MHY25B-V01D,2024-12-25,99,72,25,2
15821,67,CP9632T-V02B,2024-12-17,40,39,,1
15224,67,XLA40B2-V03B,2024-11-26,12,9,,3
13891,67,NCA400R-V01D,2024-10-07,11,5,,6
25050,68,CQ20T-V01D,2026-02-10,72,58,1,13
18692,68,MHY25B-V02D,2025-05-07,50,40,0,10
17787,68,CP9650T-V02B,2025-03-18,40,39,0,1
17236,69,CQ12TH-V01D,2025-02-24,154,149,0,5
14266,69,CP9663T-V03B,2024-10-21,30,20,6,4
12435,69,XLA40B2-V02B,2024-07-17,15,14,15,-14
12177,69,MXS20E-V01D,2024-07-01,24,15,2,7
11882,69,MB40C-V01D,2024-06-21,16,15,,1
22057,70,MK63RC-V01E,2025-10-07,8,5,0,3
21382,70,MSQ50B2-V03D,2025-09-05,18,4,4,10
17774,70,CXS25S3-V02D,2025-03-18,45,27,7,11
15494,70,XLA25B2-V02B,2024-12-04,28,25,1,2
5752,70,CU10B3-V01D,2023-01-12,189,94,,95
2679,70,SY30MP-V02D,2022-05-25,72,46,24,2
12815,71,CA63T-V01C,2024-08-06,35,30,,5
2330,71,VJ10M-V01D,2022-04-08,180,165,14,1
25356,72,MXS08B-V03D,2026-03-06,64,8,,56
25287,72,CG20R3-V01D,2026-03-04,116,94,10,12
25129,72,CQ63G-V01C,2026-02-25,14,8,0,6
25128,72,MK16RC-V01E,2026-02-25,94,38,,56
15193,72,XLA40BN-V01D,2024-11-25,30,24,5,1
12982,72,CP9663T-V02B,2024-08-16,28,22,,6
11883,72,MB40C-V01D,2024-06-21,38,36,3,-1
11184,72,MXH20T0-V01D,2024-05-10,50,27,5,18
25229,73,CA25T-V02C,2026-03-03,123,76,46,1
24364,73,MXQ20B-V01D,2026-01-14,56,55,,1
18055,73,XLA80B2-V01D,2025-04-02,9,1,0,8
15656,73,XLA40B2-V03B,2024-12-09,17,9,2,6
1810,73,MXS20TB-V02D,2022-02-10,21,18,,3
19720,74,CU10B-V01D,2025-06-18,112,61,4,47
13835,74,MB40T-V01C,2024-10-03,36,34,1,1
11245,74,CA63T-V01C,2024-05-15,33,26,1,6
7975,74,XLA40B2-V01B,2023-07-24,25,20,1,4
2677,74,SY30MP-V02D,2022-05-25,64,61,1,2
7419,75,XLA40B2-V01B,2023-05-24,20,9,,11
3252,75,PS40-V01D,2022-07-14,28,27,0,1
25362,76,CQ25T-V01D,2026-03-05,22,8,2,12
12519,76,MYB25P2-V01D,2024-07-23,60,56,0,4
6400,76,CQ20T3-V01B,2023-03-04,40,12,,28
6155,76,CUJ20A-V02D,2023-02-20,171,33,,138
3917,76,DXT192M1-V01D,2022-08-26,54,52,,2
6753,77,MSQ20B2-V01D,2023-03-17,13,8,4,1
2418,77,CG40H3-V01D,2022-04-20,36,20,3,13
24290,78,MGPL16B2-V02D,2026-01-09,56,48,0,8
21699,78,CYV32K-V01D-ZZZ-DUN,2025-09-19,12,3,1,8
20691,78,MTS25R-V01E,2025-07-31,27,8,,19
20635,78,P5053B1-V01D,2025-07-29,32,26,,6
14405,78,CP9650T-V02B,2024-10-25,40,39,,1
6185,78,CG25H2-V01D,2023-02-22,112,96,17,-1
4394,78,MXS06TB-V01D,2022-09-27,178,82,1,95
23526,79,MYM20P-V01D,2025-12-02,106,79,0,27
23388,79,MB40T-V02C,2025-11-26,49,33,1,15
22289,79,CP9663T-V02B,2025-10-03,20,1,15,4
21835,79,MGPM80B2-V01D,2025-09-23,5,3,,2
21041,79,MGPM25B2-V01D,2025-08-14,23,6,,17
18196,79,CP9663T-V03B,2025-04-10,28,27,,1
15852,79,XLA40B2-V03B,2024-12-12,15,12,8,-5
15217,79,XLA40B2-V03B,2024-11-26,12,10,0,2
2987,79,CG63R3-V01D,2022-06-28,18,17,0,1
21710,80,CQ63T-V02C,2025-09-19,24,22,,2
20579,80,MHZ10B2-V01E,2025-07-25,60,60,2,-2
17225,80,MHW25B-V01E,2025-02-21,79,35,,44
15687,80,PS63-V01D,2024-12-12,35,34,,1
10768,80,CQS16R-V01E,2024-04-02,89,79,4,6
25151,81,CYR06B-V01D,2026-02-26,124,99,1,24
24274,81,MSQ20B2-V04D,2026-01-09,14,11,1,2
19319,81,XLA40B2-V03B,2025-05-30,8,6,,2
17732,81,CQ63T3-V01C-ZZZ,2025-03-13,30,18,7,5
8052,81,XLA40B2-V01B,2023-07-31,16,10,,6
23228,82,CP9640T-V01B,2025-11-20,25,8,0,17
15985,82,PS63-V01D,2024-12-23,24,16,,8
12174,82,CYR40E-V01E,2024-07-03,20,2,3,15
9532,82,XT790C-V01E,2023-12-05,46,20,0,26
5804,82,PS25-V01D,2023-01-16,138,25,6,107
24949,83,CA50T-V03C,2026-02-04,34,27,3,4
22610,83,CQMA0P0-V01E,2025-10-21,15,6,6,3
7533,83,SY30MP-V04D,2023-06-05,56,47,8,1
25070,84,PS50B-V01D,2026-02-11,40,24,0,16
24688,84,CYR15SR-V02D,2026-01-26,84,42,,42
23869,84,MXQ12B-V02D,2025-12-17,38,4,0,34
15161,84,MSQA0B2-V01D,2024-11-20,19,10,2,7
10094,84,CQS12R-V01D,2024-01-25,74,67,0,7
7308,84,XLA40B2-V01B,2023-05-08,25,19,,6
18198,85,CP9663T-V03B,2025-04-10,24,19,,5
17794,85,CQ50T3-V01B-ZZZ,2025-03-18,35,68,2,-35
14085,85,MB50T-V03C,2024-10-15,50,46,0,4
12985,85,CP9650T-V01B,2024-08-16,28,20,1,7
7889,85,CQ50R-V01D,2023-07-13,24,14,9,1
3048,86,PS40-V01D,2022-07-02,106,82,0,24
24960,87,CQ50T3-V03B-ZZZ,2026-02-05,28,21,,7
23690,87,CA63T-V02C,2025-12-10,19,16,2,1
18197,87,CP9663T-V03B,2025-04-10,34,31,1,2
16148,87,CQ25T3-V01B,2024-12-27,19,9,2,8
8870,87,AXT663M6-V02D,2023-10-17,39,15,0,24
3955,87,SY30MP-V02D,2022-08-29,45,43,0,2
3047,87,PS40-V01D,2022-07-02,96,69,23,4
19505,88,CU06B-V01D,2025-06-11,126,100,4,22
18879,88,MK16RC-V01E,2025-05-15,116,94,,22
18694,88,MHY25B-V02D,2025-05-07,44,42,,2
15660,88,MXS16B-V02D,2024-12-11,43,39,,4
14573,88,MB40T-V01C,2024-10-31,60,53,0,7
5776,88,VJ30M-V01D,2023-01-13,117,116,,1
25140,89,CG63H2-V01E,2026-02-26,32,19,8,5
24369,89,CA63T-V02C,2026-01-14,30,18,7,5
24285,89,PS63-V03D,2026-01-12,40,28,2,10
17487,89,CAA0T-V01C,2025-03-06,10,3,,7
15014,89,CP9650T-V02B,2024-11-20,31,30,0,1
6424,89,MHL10B2-V01D,2023-03-04,126,56,0,70
2507,89,CQ20C-V01D,2022-04-29,68,44,7,17
7902,90,MSQA0C-V01D,2023-07-14,7,5,1,1
5817,90,V100M2-V01D,2023-01-16,117,115,,2
21532,91,CP9650T-V02B,2025-09-11,26,22,1,3
20326,91,CQA0T3-V01C,2025-07-16,10,7,2,1
13551,91,CP9663T-V03B,2024-09-18,34,24,,10
12004,91,MYB16H-V02D,2024-06-27,84,43,5,36
9949,91,MXS12E-V01D,2024-01-15,37,6,9,22
8944,91,CQ50R3-V01D,2023-10-19,9,5,0,4
3108,91,PS40B-V01D,2022-07-06,117,103,1,13
12433,92,CP9650T-V01B,2024-07-19,28,14,2,12
12045,92,APT4-V02B,2024-07-01,82,80,1,1
24167,93,VV15M1-V01D,2026-01-06,44,17,1,26
22418,93,MB50T-V01C,2025-10-17,50,22,8,20
16097,93,CQ50T3-V01B,2024-12-25,40,38,,2
13674,93,CP9650T-V01B,2024-09-25,28,22,5,1
12179,93,CP9663T-V01B,2024-07-08,28,24,,4
8998,93,MGZ63H-V01D,2023-10-24,16,3,2,11
2607,93,CQ25G-V01C,2022-05-13,80,67,4,9
25593,94,CG25R3-V01D,2026-03-17,104,98,0,6
23315,94,DXT199M1-V01D,2025-11-24,54,44,,10
18646,94,CYR63SR-V01D,2025-05-05,63,30,1,32
16103,94,XLA25B2-V02B,2024-12-26,28,7,,21
14269,94,CP9650T-V03B,2024-10-21,24,12,0,12
11694,94,CP9663T-V01B,2024-06-11,27,21,5,1
25717,95,VV14M1-V02D-ZZZ,2026-03-20,72,16,1,55
24041,95,MGPM32B2-V01D,2025-12-22,25,22,,3
23146,95,MXS20B-V02D,2025-11-17,42,27,4,11
22445,95,CQM63P0-V01E,2025-10-20,14,2,,12
15183,95,XLA40B2-V03B,2024-11-22,15,12,,3
14557,95,MB50T-V03C,2024-10-31,16,12,,4
7831,95,P5053B2-V01D,2023-07-11,24,23,,1
2685,95,CQ20G-V01C,2022-05-26,30,23,2,5
25392,96,CA50T-V03C,2026-03-09,43,36,4,3
25030,96,CA50T-V03C,2026-02-09,40,34,5,1
24773,96,SY50M-V02B,2026-01-28,35,18,0,17
23990,96,MB40T-V01C,2025-12-23,70,69,0,1
22499,96,MB50T-V03C,2025-10-22,36,13,3,20
18638,96,V100M1-V01D,2025-04-28,10,8,0,2
13745,96,MB50T-V01C,2024-10-01,37,6,1,30
13502,96,CP9640T-V02B,2024-09-16,36,28,,8
12980,96,CP9663T-V02B,2024-08-16,28,22,0,6
12396,96,CP9640T-V01B,2024-07-17,28,17,10,1
8053,96,XLA40B2-V01B,2023-07-31,16,3,,13
2231,96,XLA25B2-V01B,2022-03-29,32,27,0,5
17928,97,CQ32K-V01D,2025-03-25,54,5,0,49
15983,97,PS63-V01D,2024-12-23,24,12,,12
12113,97,CP9663T-V01B,2024-07-03,14,9,4,1
15185,98,XLA40B2-V03B,2024-11-22,15,10,,5
14090,98,MB50T-V03C,2024-10-15,48,44,1,3
10570,98,CA32T-V01C,2024-03-13,77,49,0,28
7524,98,SY50MP-V04D,2023-06-03,56,46,7,3
3697,98,MSQ10B2-V03D,2022-08-12,79,70,8,1
2417,98,CG50H3-V01D,2022-04-20,32,20,0,12
2107,98,MXS25TB-V01D,2022-03-10,18,12,,6
23854,99,CQ16TH-V01D,2025-12-17,126,113,2,11
13806,99,SY70M-V01B,2024-10-01,14,2,0,12
13550,99,CP9663T-V03B,2024-09-18,28,27,,1
10258,99,CA63S-V01D,2024-02-21,72,12,0,60
21720,100,CXS25S3-V02D,2025-09-18,63,54,3,6
11494,100,CP9632T-V01B,2024-05-30,30,23,,7
2592,100,SY30MP-V03D,2022-05-11,12,8,12,-8
2227,100,PS20A-V01D,2022-03-29,24,15,0,9
21065,101,MK32RC-V01E,2025-08-18,80,2,,78
13478,101,CP9650T-V02B,2024-09-13,35,32,,3
11751,101,MXQ06B-V01D,2024-06-14,79,63,15,1
24932,102,CXS20P-V01E,2026-02-04,48,26,1,21
24725,102,CYR15SR-V02D,2026-01-27,129,57,,72
24547,102,CYR20SR-V02D,2026-01-21,108,13,4,91
15239,102,CQA0E-V01C,2024-11-27,12,4,0,8
9397,102,MYM20H2-V01D,2023-11-22,14,3,0,11
21281,103,CXS10P-V01D,2025-08-26,270,169,5,96
20441,103,P5053B3-V01D,2025-07-21,24,21,0,3
11138,103,SY30M-V02B,2024-05-07,79,75,8,-4
24440,104,CYR63SR-V02D,2026-01-15,35,7,6,22
24282,104,CQ25C-V01D,2026-01-09,30,17,0,13
25407,105,XT790C-V01E,2026-03-09,84,41,,43
21700,105,CYV32K-V01D-ZZZ-DUN,2025-09-19,16,4,,12
21380,105,CM25BH-V01E,2025-09-05,56,33,0,23
20891,105,CYR63B-V01D,2025-08-07,22,15,3,4
17593,105,CYR63E-V01E,2025-03-10,12,5,1,6
14920,105,CP9650T-V01B,2024-11-15,35,25,6,4
10095,105,MB40T-V01C,2024-01-24,50,32,0,18
25711,107,CM32AS-V02D,2026-03-20,84,57,0,27
25014,107,MSQ70C-V02D,2026-02-04,10,1,2,7
24906,107,CYR20SR-V02D,2026-02-04,126,73,3,50
24613,107,CK63H-V01D,2026-01-22,18,2,4,12
24490,107,JSY31M2-V01D,2026-01-19,45,8,0,37
24489,107,CM25AS-V02D,2026-01-19,56,31,0,25
24286,107,PS63-V03D,2026-01-12,23,13,0,10
18950,107,DXT192M1-V01D,2025-05-16,30,29,0,1
18854,107,MB63C-V01D,2025-05-14,20,8,,12
17975,107,CYR20SR-V01D,2025-03-27,80,74,2,4
8423,107,CQ50T-V02B,2023-09-09,25,10,0,15
24378,108,CKZ40T4-V01D,2026-01-13,45,34,1,10
14017,108,CP9640T-V01B,2024-10-11,50,48,,2
10536,108,CA63T-V01C,2024-03-08,25,22,0,3
9800,108,CQ80K-V01D,2024-01-04,20,5,1,14
9603,108,MSUB7B-V01D,2023-12-13,24,16,5,3
25367,109,CP9663T-V01B,2026-03-09,35,32,2,1
25259,109,MGPM50B2-V01D,2026-02-27,16,8,0,8
24437,109,CYR15SR-V02D,2026-01-15,128,55,13,60
23596,109,CKZ50T4-V01D,2025-12-05,10,6,2,2
21571,109,CXS25P-V01E,2025-09-12,135,82,1,52
20686,109,CQ50T3-V02B,2025-07-31,26,5,2,19
11991,109,XLA40B2-V03B,2024-06-24,18,13,3,2
11481,109,NCA325R-V01D,2024-05-29,5,4,0,1
24685,110,CYB40B-V01D,2026-01-22,43,26,1,16
23749,110,MB50T-V03C,2025-12-11,50,2,5,43
18255,110,CP9650T-V03B,2025-04-11,15,14,,1
15516,110,CQ50T3-V01B,2024-12-05,19,8,1,10
25110,111,CQ40T3-V02B-ZZZ,2026-02-11,27,20,1,6
25040,111,PS50-V01D,2026-02-10,14,6,0,8
24152,111,MB50T-V02C,2026-01-06,24,21,2,1
12216,111,CRQ40B-V01D,2024-07-09,35,29,2,4
10051,111,NCA250R-V01D,2024-01-22,5,1,1,3
25669,112,CG40R-V01D,2026-03-19,8,3,,5
23036,112,CA32T-V01C,2025-11-12,60,54,5,1
22210,112,CA80T-V01C,2025-10-10,23,6,2,15
16907,112,CP9650T-V02B,2025-02-07,16,4,7,5
15187,112,XLA40B2-V03B,2024-11-22,15,12,,3
13750,112,MB50T-V01C,2024-10-01,40,33,3,4
25715,113,CM40AS-V01D,2026-03-20,50,27,0,23
24508,113,CQS20T-V01D-ZZZ,2026-01-19,90,80,3,7
20275,113,MHZ10B-V01B,2025-07-14,65,7,1,57
9985,113,MTS20R-V01D,2024-01-16,65,49,8,8
25066,114,CYR15B-V01D,2026-02-10,112,96,3,13
23969,114,CM25AH-V01D,2025-12-22,56,7,1,48
23821,114,MGPL32B2-V02D,2025-12-15,15,11,2,2
23610,114,CKZ40T4-V01D,2025-12-04,35,18,4,13
22161,114,CP9632T-V01B,2025-10-08,14,9,,5
14687,114,PS80-V01D,2024-11-06,30,14,3,13
12437,114,XLA40B2-V02B,2024-07-17,15,13,14,-12
25062,115,RSQ12RC-V01D,2026-02-10,64,5,10,49
24612,115,CYR15SR-V02D,2026-01-22,14,12,,2
24532,115,MSQ30B5-V01D,2026-01-20,21,10,,11
20835,115,LEF40MC2-V02D,2025-08-07,20,15,0,5
16904,115,MHZJ25B-V01D,2025-02-07,20,15,4,1
15943,115,CP9650T-V02B,2024-12-20,34,6,25,3
15591,115,CA63T-V01C,2024-12-10,35,33,1,1
10948,115,XLA40B2-V02B,2024-04-19,18,12,3,3
24267,117,CA40T-V03C,2026-01-08,56,25,7,24
24051,117,PS40-V01D,2025-12-25,59,33,3,23
23593,117,MB50T-V01C,2025-12-05,50,22,17,11
22132,117,CQ16T3L-V02B-ZZZ,2025-10-08,24,22,,2
18251,117,CP9650T-V03B,2025-04-11,35,34,,1
15917,117,CYR50SR-V01D,2024-12-19,72,33,0,39
15855,117,XLA40B2-V03B,2024-12-12,15,11,,4
15421,117,XLA40B2-V02B,2024-12-02,15,13,,2
10628,117,CA63T-V01C,2024-03-18,24,4,,20
21315,118,CQ40T-V02B,2025-08-27,23,12,,11
20712,118,DXT192M1-V02D,2025-08-01,88,85,0,3
17439,118,XLA25B2-V01B,2025-03-04,34,28,8,-2
15982,118,PS63-V01D,2024-12-23,30,23,,7
13199,118,CG63H3-V02D,2024-08-29,26,18,1,7
12903,118,CYV32K-V01D,2024-08-13,20,14,2,4
12413,118,CP9632T-V02B,2024-07-18,28,6,,22
11476,118,CP9663T-V01B,2024-05-29,29,25,3,1
8383,118,CQ50T-V01B,2023-09-08,21,19,0,2
24423,119,MYH40K-V01D,2026-01-14,20,4,1,15
12866,119,MBA0C-V01D,2024-08-07,12,8,2,2
10107,119,CA20T-V01C,2024-01-25,89,57,1,31
22226,120,MHZ25B2-V01D,2025-10-10,54,43,2,9
13847,120,CP9650T-V03B,2024-10-04,31,23,7,1
12436,120,XLA40B2-V02B,2024-07-17,15,14,15,-14
11223,120,CQA0T-V01C,2024-05-13,12,6,4,2
8990,120,CM20AS-V01D,2023-10-25,126,125,0,1
21531,121,CP9650T-V02B,2025-09-11,35,12,42,-19
18175,121,CUJ04A-V01D,2025-04-09,160,19,0,141
8500,121,RHC32B-V02D,2023-09-14,50,15,0,35
21091,122,CQ25C-V01D,2025-08-20,117,90,11,16
24368,123,CA63T-V02C,2026-01-14,32,16,10,6
23059,123,CKZ50T4-V01D,2025-11-12,18,5,12,1
15225,123,XLA40B2-V03B,2024-11-26,12,6,4,2
13348,123,CP9663T-V02B,2024-09-09,27,12,,15
12481,123,XLA40B2-V03B,2024-07-19,12,11,,1
24859,124,CQ12T3L-V02B-ZZZ,2026-02-02,126,113,4,9
24622,124,CYR32SR-V02D,2026-01-23,88,51,0,37
23195,124,CP9632T-V01B,2025-11-19,34,23,10,1
20903,124,XLA16BN-V01B,2025-08-11,56,9,,47
18998,124,VP300M-V01D,2025-05-20,35,1,,34
13110,124,CYV32K-V01D-ZZZ,2024-08-23,22,4,8,10
24992,126,CA40T-V03C,2026-02-05,48,29,6,13
22643,126,MYB20BH-V01D,2025-10-27,364,347,16,1
20343,126,CQA0T3-V02C,2025-07-16,9,9,2,-2
19094,126,XLA40B2-V03B,2025-05-20,15,8,5,2
13458,126,MXQ16B-V01D,2024-09-12,81,75,,6
11808,126,CYR40E-V01E,2024-06-18,26,17,2,7
25106,127,MTS40R-V01E,2026-02-10,28,1,0,27
24885,127,CXS15P-V01D,2026-02-03,176,140,1,35
24847,127,CYR15SR-V02D,2026-01-30,144,42,,102
21238,127,CQ63T3-V02C-ZZZ,2025-08-22,30,2,,28
19628,127,CP96A0T4-V01D,2025-06-13,2,1,,1
25374,128,MGPL25B2-V01D,2026-03-06,25,11,1,13
25125,128,CA50T-V01C,2026-02-12,50,48,0,2
24834,128,MGPL20B2-V02D,2026-01-30,21,12,0,9
13752,128,MB50T-V01C,2024-10-01,42,32,9,1
9022,128,XLA25B2-V02B,2023-10-25,6,6,1,-1
9016,128,CP9632T-V01B,2023-10-26,48,12,1,35
24857,129,MHZ32B-V01D,2026-02-02,36,19,0,17
24749,129,MYM25P-V01D,2026-01-27,96,49,1,46
24411,129,MB50T-V01C,2026-01-15,48,33,10,5
22369,129,CA32T-V02C,2025-10-16,70,47,4,19
22140,129,CA20T-V03C,2025-10-08,168,146,19,3
13817,129,CP9663T-V02B,2024-10-03,35,31,,4
10902,129,CP9650T-V01B,2024-04-16,0,1,0,-1
10842,129,CX10P-V01D,2024-04-09,194,170,5,19
24557,130,CQ80T3-V01C-ZZZ,2026-01-16,15,15,4,-4
22782,130,NCA200H-V01D,2025-11-03,30,22,4,4
22575,130,APT6-V01B,2025-10-24,18,8,1,9
21093,130,CXS15S3-V02D,2025-08-18,54,44,2,8
20344,130,CQA0T3-V02C,2025-07-16,9,6,2,1
10160,130,CA80S-V01D,2024-01-29,72,30,5,37
8320,130,RMMA90-V01D,2023-08-31,15,8,,7
15907,131,CQ40T3-V01B,2024-12-19,14,13,,1
15423,131,XLA40B2-V02B,2024-12-02,15,10,1,4
12622,131,CQ63G-V01C,2024-07-29,18,14,,4
9356,131,CP9663T-V01B,2023-11-17,20,5,,15
22644,132,MYB20AJ3-V01D,2025-10-27,27,26,,1
16784,132,XLA63B2-V01D,2025-01-22,3,2,,1
25358,133,CA63T-V02C,2026-03-06,20,17,,3
24815,133,XLA25B2-V04B,2026-01-30,35,14,35,-14
23689,133,CA63T-V02C,2025-12-10,28,26,1,1
14913,133,CP9640T-V02B,2024-11-15,38,32,,6
10181,133,CYR10B-V01D,2024-01-30,107,93,2,12
9432,133,CQ25C-V02D,2023-11-27,12,6,0,6
24989,134,CA40T-V03C,2026-02-05,60,60,17,-17
23538,134,CQ32T3-V02B-ZZZ,2025-12-03,14,7,1,6
13864,134,CP9640T-V02B,2024-10-04,50,46,1,3
21101,135,CP9650T-V02B,2025-08-20,24,19,1,4
12634,135,CRQ20B-V01D,2024-07-29,71,25,6,40
12412,135,CP9632T-V02B,2024-07-18,28,25,,3
10040,135,NCA200R-V01D,2024-01-22,19,9,3,7
9794,135,XLA40B2-V02B,2024-01-04,12,9,0,3
24984,136,MB40T-V02C,2026-02-06,50,43,6,1
24711,136,CQ32C-V01D,2026-01-27,103,63,0,40
23197,136,CA32T-V02C,2025-11-19,78,62,4,12
17588,136,CA50T-V02C,2025-03-11,55,49,4,2
12167,136,CP9650T-V01B,2024-07-05,24,14,,10
11768,136,MYBA0H-V01D,2024-06-13,5,1,3,1
21701,138,CYV32K-V01D-ZZZ-DUN,2025-09-19,15,11,,4
17955,138,CYR32AR-V01D,2025-03-26,31,22,0,9
11006,138,APT6-V01B,2024-04-25,1,17,3,-19
10922,138,XLA40B2-V02B,2024-04-18,15,12,,3
18924,139,MSUB20B-V01D,2025-05-14,31,28,,3
8825,139,MGPL50B2-V01D,2023-10-10,20,5,5,10
10843,140,CX15P-V01D,2024-04-09,144,88,8,48
25599,141,CYB20B-V01D,2026-03-17,90,47,,43
23759,141,NCA200R-V01D,2025-12-11,30,2,6,22
24652,142,CYR15SR-V02D,2026-01-23,88,57,,31
22264,142,MK63RC-V01E,2025-10-13,29,17,1,11
21785,142,CQ40G-V01C,2025-09-23,27,6,3,18
21664,142,CM32BH-V01E,2025-09-18,35,28,0,7
19347,142,MB50C-V02D,2025-06-02,26,9,1,16
12313,142,MHZ25B-V01B,2024-07-15,89,84,2,3
24148,143,MB50T-V02C,2026-01-06,50,45,4,1
23687,143,CA63T-V02C,2025-12-10,28,28,2,-2
23537,143,MYM16P-V01D,2025-12-03,98,63,,35
22238,143,CA32T-V02C,2025-10-13,80,78,,2
17016,143,CP9663T-V02B,2025-02-12,35,28,4,3
13885,143,NCA325R-V01D,2024-10-07,14,10,,4
10848,143,CYR40AR-V01D,2024-04-10,36,20,14,2
22373,144,MXQ20B-V01D,2025-10-16,21,20,,1
12309,144,CRQ10B-V03C,2024-07-15,53,7,3,43
24222,145,MGPM20B2-V02D,2026-01-07,54,40,0,14
20293,145,CA25T-V01C,2025-07-15,135,123,8,4
15184,145,XLA40B2-V03B,2024-11-22,15,10,4,1
10647,145,CP9650T-V01B,2024-03-19,32,29,0,3
25735,146,CXS20S2-V01E,2026-03-20,53,50,0,3
24324,146,MB32T-V01C,2026-01-12,55,28,13,14
23660,146,CA80T-V01C,2025-12-08,20,16,3,1
23505,146,MYM20S-V01B,2025-12-02,47,16,,31
18848,146,CYR40SR-V01D,2025-05-14,83,77,,6
14311,146,CP9650T-V01B,2024-10-23,40,14,25,1
12492,146,VJ30M3-V01D,2024-07-22,80,45,,35
11755,146,CUJ16A-V02D,2024-06-14,144,93,2,49
10978,146,CP9650T-V01B,2024-04-23,24,15,2,7
22617,147,APT4-V02B,2025-10-27,112,99,1,12
25718,148,VV14M1-V02D-ZZZ,2026-03-20,71,32,4,35
23065,148,CKZ50T4-V01D,2025-11-12,8,2,,6
18173,148,MSQA0C-V01D,2025-04-15,20,13,,7
16771,148,MXQ16B-V02D,2025-01-22,89,89,2,-2
10977,148,CP9650T-V01B,2024-04-23,32,42,2,-12
10543,148,CQS20R-V01E,2024-03-12,56,43,3,10
8476,148,MHZ06B-V01D,2023-09-12,95,94,0,1
8313,148,RMMA120-V01D,2023-08-31,12,8,0,4
9667,149,CU25B3-V02D,2023-12-18,54,25,2,27
24460,150,CYR25B-V01D,2026-01-19,36,28,1,7
24459,150,CYR20B-V01D,2026-01-19,22,21,,1
23846,150,CA40T-V01C,2025-12-17,50,47,,3
23361,150,CP9632T-V01B,2025-11-26,22,7,0,15
21054,150,CP9650T-V02B,2025-08-15,33,32,,1
15979,150,PS63-V01D,2024-12-23,24,20,,4
15657,150,XLA40B2-V03B,2024-12-09,18,7,1,10
15429,150,XLA40B2-V02B,2024-12-02,12,8,13,-9
14595,152,CP9663T-V02B,2024-10-31,28,27,,1
25525,153,CP9663T-V01B,2026-03-13,27,12,2,13
25200,153,CP9650T-V02B,2026-03-02,34,26,4,4
24416,153,CQS12T2-V01D,2026-01-15,126,89,1,36
23047,153,CA63T-V03C,2025-11-12,43,25,14,4
11105,153,XLA40B2-V02B,2024-05-06,15,7,4,4
16466,154,CA25T-V02C,2025-01-10,56,41,5,10
15226,154,XLA40B2-V03B,2024-11-26,12,7,2,3
20699,155,CU16B3-V01D,2025-07-31,48,13,4,31
13860,155,CP9640T-V02B,2024-10-04,40,35,2,3
25137,156,CXS32P-V01E,2026-02-25,82,49,1,32
25074,156,CQS25T-V01D,2026-02-11,32,16,,16
18017,156,MB40T-V01C,2025-04-01,55,45,1,9
16417,156,CM40AS-V02D,2025-01-09,18,8,4,6
24111,157,CKZ50T4-V01D,2025-12-26,24,15,7,2
22248,157,CYB32B-V01D,2025-10-09,28,22,,6
21046,157,CAA0T-V03C,2025-08-15,15,3,3,9
20644,157,MSQ30B2-V04D,2025-07-29,30,24,5,1
20367,157,MHKL12B-V01D,2025-07-17,72,30,0,42
17381,157,MHZ16B2-V01E,2025-02-28,24,12,0,12
21577,158,CA80T-V01C,2025-09-15,20,9,,11
20394,158,MB40C-V01D,2025-07-17,24,3,2,19
16990,158,MRH16B2-V01D,2025-02-11,32,21,,11
13421,158,CP9663T-V02B,2024-09-12,34,32,,2
25132,159,CM20AH-V01D,2026-02-25,70,48,1,21
24952,159,CA50T-V02C,2026-02-04,38,27,6,5
24594,159,CYR40SR-V01D,2026-01-22,46,21,14,11
15223,159,XLA40B2-V03B,2024-11-26,12,10,,2
13672,159,CP9650T-V01B,2024-09-25,31,27,2,2
13284,159,CP9640T-V01B,2024-09-06,42,37,3,2
18654,160,CYR06SR-V01D,2025-05-05,60,23,29,8
16375,160,CM20AS-V01D,2025-01-08,126,125,,1
14911,160,CP9640T-V02B,2024-11-15,40,24,1,15
23585,161,CP9632T-V01B,2025-12-03,50,23,2,25
23330,161,CXS10C-V01E,2025-11-25,48,19,,29
18334,161,CQ40T3-V03B,2025-04-14,30,15,,15
17181,161,VV10M1-V01B,2025-02-20,48,10,,38
16480,161,APT6-V01B,2025-01-13,50,40,,10
13862,161,CP9640T-V02B,2024-10-04,40,31,7,2
24724,162,CYR15SR-V02D,2026-01-27,120,60,,60
23956,162,MB50T-V01C,2025-12-22,18,9,,9
17462,162,XLA25B2-V02B,2025-03-05,25,23,,2
14037,162,MGPM40B2-V01D,2024-10-14,20,18,,2
13863,162,CP9640T-V02B,2024-10-04,50,44,1,5
22212,163,CA80T-V01C,2025-10-10,20,18,,2
13865,164,CP9640T-V02B,2024-10-04,40,37,,3
25428,165,CA50T-V01C,2026-03-10,50,38,3,9
15980,165,PS63-V01D,2024-12-23,30,17,,13
22792,166,CXS25S3-V02D,2025-11-03,19,6,7,6
18816,166,CYR32SR-V01D,2025-05-13,88,78,1,9
18390,166,MXQ20B-V02D,2025-04-16,45,28,14,3
16346,166,CM32AS-V02D,2025-01-08,83,65,6,12
15668,166,CP9632T-V03B,2024-12-11,40,38,,2
22420,167,MHZ20B-V01B,2025-10-17,89,62,0,27
16481,167,APT6-V01B,2025-01-13,20,16,1,3
23615,168,MB50T-V01C,2025-12-03,40,22,12,6
23144,168,CKZ63T4-V01D,2025-11-17,20,12,,8
17965,168,CYR25SR-V01D,2025-03-26,48,10,2,36
13986,168,MGPM25B2-V01D,2024-10-10,30,28,1,1
19561,169,CU20B-V01D,2025-06-12,21,8,5,8
18298,169,CQ63G-V01C,2025-04-14,29,23,2,4
15871,169,MXS08E-V01D,2024-12-18,120,84,7,29
25591,170,CYR15AR-V01E,2026-03-17,138,75,29,34
22426,170,CQ40T3-V02B-ZZZ,2025-10-17,40,36,5,-1
19287,170,MYBA0H-V01D,2025-05-30,9,2,5,2
15179,171,PS63-V01D,2024-11-26,50,37,,13
14538,171,MB40T-V01C,2024-10-29,49,49,4,-4
13497,171,CP9640T-V02B,2024-09-16,46,40,,6
25730,172,MSQ10B2-V05D,2026-03-20,35,13,,22
25054,172,CYR25B-V01D,2026-02-10,24,12,0,12
25053,172,CQS20T-V01D,2026-02-10,40,12,2,26
24920,172,CG80H3-V01D,2026-01-30,18,8,8,2
24433,172,MYH40K-V01D,2026-01-15,20,15,1,4
24109,172,CKZ50T4-V01D,2025-12-26,28,23,15,-10
23991,172,MB40T-V01C,2025-12-23,55,43,,12
23333,172,MGPL63B2-V01D,2025-11-24,8,5,,3
13829,172,MB40T-V01C,2024-10-03,57,56,,1
25284,173,CQ50G-V01C,2026-03-04,32,10,1,21
25060,173,CA40T-V01C,2026-02-09,59,36,5,18
24845,173,CYR15SR-V02D,2026-01-30,144,72,,72
22340,173,MB50T-V03C,2025-10-15,40,23,16,1
21663,173,CQ12C-V01D,2025-09-18,306,196,2,108
18803,173,XLA50B2-V01D,2025-05-09,6,2,,4
19999,175,CQ25K-V01E,2025-07-03,70,22,,48
20725,177,MHZJ20B-V01D,2025-08-04,30,24,0,6
16781,177,XLA63B2-V01D,2025-01-22,12,10,1,1
15899,177,CP9663T-V02B,2024-12-19,35,34,,1
14555,177,MB50T-V03C,2024-10-31,35,14,,21
25708,178,CG63R3-V01D,2026-03-20,30,20,5,5
23958,178,MB50T-V01C,2025-12-22,36,23,,13
23055,178,MYM40S-V01B,2025-11-11,16,10,,6
22370,178,CA32T-V02C,2025-10-16,67,40,12,15
21176,178,CJ10C-V01D,2025-08-22,126,72,3,51
20714,178,DXT192M1-V02D,2025-08-01,72,62,,10
14197,178,CP9650T-V01B,2024-10-18,32,31,0,1
24252,179,MYM32P-V01D,2026-01-08,29,4,0,25
14274,179,CP9650T-V03B,2024-10-21,30,27,,3
13923,179,APT3-V01B,2024-10-08,218,141,0,77
24600,180,CQS25T-V01D-ZZZ,2026-01-22,27,16,,11
24444,180,MSQ50B2-V04D,2026-01-15,30,21,7,2
23248,180,CKZ40T4-V01D,2025-11-21,50,19,4,27
22456,180,MXQ12B-V02D,2025-10-20,66,65,0,1
14574,180,MB40T-V01C,2024-10-31,48,33,14,1
25416,181,CQS16R-V01E,2026-03-10,72,33,5,34
25415,181,MGPL16B2-V02D,2026-03-09,20,4,,16
24723,181,CYR15SR-V02D,2026-01-27,105,52,0,53
24689,181,CYR15SR-V02D,2026-01-26,22,11,0,11
23773,181,MYB16SP-V01D,2025-12-12,192,162,,30
22524,181,CA63T-V03C,2025-10-23,20,19,0,1
20379,181,CA80T-V02C,2025-07-17,30,22,1,7
17791,181,CP9650T-V02B,2025-03-18,35,34,,1
15227,181,XLA40B2-V03B,2024-11-26,12,7,,5
14909,182,CP9640T-V02B,2024-11-15,40,22,1,17
13754,182,MB50T-V01C,2024-10-01,12,7,3,2
25418,183,CP9663T-V03B,2026-03-10,28,1,23,4
25015,183,CQA0T3-V02C-ZZZ,2026-02-04,9,8,0,1
20580,183,MHZ10B2-V01E,2025-07-25,62,60,0,2
17812,184,CA50T-V02C,2025-03-19,40,30,5,5
16770,184,MXQ16B-V02D,2025-01-22,80,78,0,2
15290,184,CQ80E-V01C,2024-11-28,20,9,8,3
14141,184,MXQ12B-V01D,2024-10-16,93,90,2,1
25636,185,CYR50AR-V01E,2026-03-17,34,4,11,19
15653,185,XLA40B2-V03B,2024-12-09,18,16,0,2
23875,186,MYB20BH-V01D,2025-12-17,239,96,7,136
23286,186,MYM40P-V01D,2025-11-24,36,19,0,17
23074,186,CP9663T-V03B,2025-11-13,33,5,27,1
22560,186,VV13M1-V01D,2025-10-23,81,63,0,18
18955,188,XLA40BN-V01D,2025-05-15,24,20,0,4
14958,188,MXS16B-V01D,2024-11-18,72,35,19,18
14091,188,MB50T-V03C,2024-10-15,8,8,3,-3
23507,189,MGPM16B2-V01D,2025-12-02,62,49,1,12
25059,190,CA40T-V01C,2026-02-09,48,32,4,12
24971,190,CM20AH-V01D,2026-02-06,64,36,,28
22452,190,CQM80P0-V01E,2025-10-21,13,1,1,11
14094,190,MXS12B-V01D,2024-10-15,94,70,11,13
20935,191,CYR10E-V01D,2025-08-12,44,3,0,41
20787,191,CQ32T3-V02B,2025-08-06,45,43,1,1
14513,191,CP9663T-V02B,2024-10-30,28,23,,5
25005,192,CXS25S3-V02D,2026-02-09,13,6,,7
24463,192,CYR32B-V01D,2026-01-19,19,15,0,4
23142,192,CKZ63T4-V01D,2025-11-17,24,14,3,7
14589,192,CP9663T-V02B,2024-10-31,35,26,2,7
24559,193,CQ80T3-V01C-ZZZ,2026-01-16,15,2,0,13
17844,193,CQ20T2-V01D,2025-03-20,24,8,1,15
16978,193,XLA63B2-V01D,2025-02-11,12,10,,2
15927,193,CP9632T-V03B,2024-12-19,55,53,1,1
25318,194,CP9663T-V03B,2026-03-04,14,6,2,6
23430,194,CYB25B-V01D,2025-11-28,40,2,,38
22083,194,CP9650T-V03B,2025-10-06,28,21,0,7
15189,194,XLA40B2-V03B,2024-11-22,18,12,,6
14924,194,CP9650T-V01B,2024-11-15,32,25,6,1
14539,194,MB40T-V01C,2024-10-29,40,36,,4
15426,195,XLA40B2-V02B,2024-12-02,13,8,,5
25122,196,CQ16C-V01D,2026-02-12,196,176,9,11
21534,196,CAA0T-V02C,2025-09-11,15,6,4,5
14132,196,MGPM32B2-V02D,2024-10-16,20,13,5,2
23372,197,MK20RC-V01E,2025-11-26,70,11,,59
18958,197,XLA40BN-V01D,2025-05-15,24,15,1,8
15180,197,PS63-V01D,2024-11-26,40,30,,10
23199,198,CKZ63T4-V01D,2025-11-19,30,15,1,14
23060,198,CKZ50T4-V01D,2025-11-12,30,23,2,5
16760,198,CYR63SR-V01D,2025-01-21,27,17,0,10
15654,198,XLA40B2-V03B,2024-12-09,18,10,16,-8
15424,198,XLA40B2-V02B,2024-12-02,15,14,5,-4
15178,198,PS63-V01D,2024-11-26,40,34,2,4
24595,199,CQ50T3-V03B-ZZZ,2026-01-21,14,5,0,9
24263,199,CKZ63T4-V01D,2026-01-08,10,8,1,1
23658,200,CA80T-V01C,2025-12-08,20,19,0,1
24900,201,CQ40C-V01D,2026-02-04,52,29,3,20
24799,201,MXQ25B-V02D,2026-01-29,39,35,2,2
22073,201,MSQ30B2-V04D,2025-10-03,35,30,4,1
21533,201,CAA0T-V02C,2025-09-11,15,4,7,4
20037,201,XLA16B2-V02B,2025-07-03,28,1,,27
20761,202,LEF40MC1-V01D,2025-08-05,25,20,1,4
24059,203,CA63T-V03C,2025-12-25,40,16,7,17
21898,203,CM25CH-V01E,2025-09-26,40,35,4,1
16110,203,CA50T-V02C,2024-12-26,50,48,1,1
25575,204,LEY63B-V02B,2026-03-13,14,4,3,7
24556,205,CQ20T-V01D-ZZZ,2026-01-20,27,15,0,12
23457,205,MGPM63B2-V01D,2025-11-25,18,15,,3
23099,205,MXS20B-V01D,2025-11-13,56,55,,1
15997,205,CQ50T3-V01B-ZZZ,2024-12-23,40,37,4,-1
18524,206,MXH16T0-V01D,2025-04-23,36,14,1,21
25169,207,MB50T-V03C,2026-02-27,45,6,3,36
18500,207,CA40T-V02C,2025-04-22,50,43,2,5
16812,207,CJ06C2-V01D,2025-02-05,196,162,,34
24184,208,MGPM12B2-V02D,2026-01-06,24,13,2,9
18659,209,CYR50SR-V01D,2025-05-06,55,11,5,39
25723,210,CA32T-V03C,2026-03-20,42,1,0,41
25153,210,MB40T-V01C,2026-02-26,52,14,9,29
21204,210,CQ63T3-V02C,2025-08-21,13,8,,5
18256,211,CM40CH-V01E,2025-04-10,19,13,3,3
18738,213,MYBA0H-V01D,2025-05-06,12,8,1,3
23072,214,CP9663T-V03B,2025-11-13,35,20,7,8
21053,214,CP9650T-V02B,2025-08-15,28,25,2,1
20468,214,MK63RC-V01E,2025-07-22,25,22,,3
20245,214,MYH40K-V01D,2025-07-11,16,12,1,3
24380,215,MLU25LB-V01E,2026-01-14,50,8,1,41
23848,215,CA40T-V01C,2025-12-17,49,43,1,5
22135,215,CKZ40T4-V01D,2025-10-08,32,30,1,1
24075,217,MXQ20B-V02D,2025-12-25,42,25,6,11
23387,217,MB40T-V02C,2025-11-26,50,15,4,31
20444,217,CA50T-V02C,2025-07-21,50,19,0,31
21899,219,CM25CH-V01E,2025-09-26,44,28,,16
24304,220,CA50T-V03C,2026-01-09,50,1,5,44
24874,221,CQ20K-V01D,2026-02-03,80,30,1,49
23679,221,MK50RC-V01E,2025-12-10,9,6,,3
23193,221,CP9632T-V01B,2025-11-19,35,31,2,2
21502,221,M1B63T-V01D,2025-09-10,35,14,8,13
23424,222,MK40RC-V01E,2025-11-28,20,1,10,9
23121,222,CA40T-V02C,2025-11-14,40,39,2,-1
22639,223,CQS16T-V01B,2025-10-27,27,14,,13
21871,223,CQ12G-V01C,2025-09-25,134,51,1,82
23544,224,CYB15B-V01D,2025-12-03,56,51,0,5
21754,224,CXS20S3-V02D,2025-09-19,29,21,7,1
23136,225,CXS06C-V01E,2025-11-14,29,2,,27
23118,226,CP9640T-V03B,2025-11-14,27,9,,18
24756,227,PS63B-V01D,2026-01-28,28,13,4,11
25577,228,CSA6S-V01D,2026-03-16,54,7,0,47
24602,229,CG50H3-V01D,2026-01-22,9,4,,5
23401,229,MXQ08B-V02D,2025-11-27,59,29,,30
22086,229,CP9650T-V03B,2025-10-06,6,5,,1
24993,230,CA40T-V03C,2026-02-05,36,18,15,3
23554,233,CA63T-V03C,2025-12-02,26,2,7,17
22496,233,CXS25LB-V01E,2025-10-17,17,16,,1
24990,234,CA40T-V03C,2026-02-05,48,48,17,-17
24950,234,CA50T-V02C,2026-02-04,45,30,6,9
25661,236,CXS06P-V01D,2026-03-18,276,157,3,116
20452,236,MHL40B2-V01D,2025-07-18,16,9,4,3
20156,236,VP500M-V01D,2025-07-09,18,16,1,1
20098,236,CQ40T3-V03B-ZZZ,2025-07-08,42,41,,1
25038,237,MB50T-V01C,2026-02-06,50,47,5,-2
25650,238,VV13M1-V01D-ZZZ,2026-03-18,46,45,0,1
25321,238,CA20T-V03C,2026-03-04,153,46,9,98
24846,239,CYR15SR-V02D,2026-01-30,128,64,,64
24677,239,MGPM50B2-V01D,2026-01-22,16,5,0,11
23819,239,CA80T-V02C,2025-12-15,16,15,,1
23514,239,CQ63T3-V02C-ZZZ,2025-12-02,15,9,2,4
22813,239,JSY31M2-V01D,2025-10-31,18,10,0,8
24838,240,CYB15C-V01D,2026-02-02,120,37,1,82
24718,240,MGPM25B2-V01D,2026-01-27,27,16,1,10
25180,241,CM32AH-V01D,2026-02-26,63,42,3,18
25024,241,CYR40B-V01D,2026-02-09,24,2,,22
24259,241,CKZ63T4-V01D,2026-01-08,25,18,2,5
22429,241,MGPM20B2-V02D,2025-10-20,35,17,,18
21993,241,CYB63B-V01D,2025-10-02,9,7,,2
20785,241,MGPL25B2-V02D,2025-08-06,11,7,3,1
20502,241,MHZ16B2-V01D,2025-07-23,71,10,5,56
18941,241,CYR40SR-V01D,2025-05-16,45,42,2,1
21614,242,CQ12T3L-V01B,2025-09-16,79,53,5,21
22158,243,CP9632T-V01B,2025-10-08,32,28,2,2
18942,243,CYR40SR-V01D,2025-05-16,68,24,10,34
18938,244,V100M4-V01D,2025-05-16,35,3,0,32
23594,245,MB50T-V01C,2025-12-05,50,30,14,6
25204,246,PS50B-V01D,2026-03-02,44,17,0,27
24888,246,CQ32T-V02B,2026-02-03,40,3,0,37
24458,246,CYR20B-V01D,2026-01-19,48,29,0,19
25606,247,CP9640T-V03B,2026-03-17,32,24,2,6
25301,247,CP9640T-V03B,2026-03-04,36,35,,1
23275,247,MYM32S-V01B,2025-11-19,15,1,,14
25815,248,MXS25TB-V02D,2026-03-24,54,36,0,18
23398,248,MGPL12B2-V02D,2025-11-27,36,2,4,30
23242,248,CA40T-V01C,2025-11-20,50,43,1,6
20793,248,CU16B-V01D,2025-08-06,81,42,,39
20063,248,CP9632T-V03B,2025-07-07,40,30,0,10
