ngay_keo,ma_khuon,ma_san_pham,tu_thanh,den_thanh,thoi_gian_bat_dau,thoi_gian_ket_thuc,khoang_thoi_gian
2025-09-11,VJ10M-V02D,VJ100-16-7,6,16,08:25,08:35,"10 min"
2025-09-11,M1B63T-V01D,MB-63ABL8512-30K,1,5,08:27,08:31,"4 min"
2025-09-11,M1B63T-V01D,MB-63ABL8512-30K,6,10,08:31,08:35,"4 min"
2025-09-11,CXS20P-V01E,CXS20J-28749-20K,1,18,08:55,09:10,"15 min"
2025-09-11,CM20AS-V01D,C2M020K03-68714B,1,13,10:15,10:25,"10 min"
2025-09-11,CM20AS-V01D,C2M020K03-68714B,14,25,10:30,10:41,"11 min"
2025-09-10,CQ20T-V01D,C2Q020K04-49998,1,12,08:12,08:22,"10 min"
2025-09-10,CQ20T-V01D,C2Q020K04-49998,13,18,08:41,08:47,"6 min"
2025-09-10,CM20AH-V01D,C2M020K02-68714B,1,23,09:25,10:00,"35 min"
2025-09-10,MXS12E-V02D,P3800303-MH1,1,1,10:36,10:38,"2 min"
2025-09-10,VJ30M-V02D,VJ300-8-5,1,2,10:38,10:43,"5 min"
2025-09-10,VP300M-V02D,VP300-22,1,1,10:43,10:46,"3 min"
2025-09-10,CQ12G-V01C,C2Q12G-P1280-30K,1,20,10:55,11:20,"25 min"
2025-09-10,CP9663T-V02B,C9663ABAC961-30K,1,4,11:20,11:30,"10 min"
2025-09-10,CP9663T-V03B,C9663ABAC961-30K,1,7,13:20,13:26,"6 min"
2025-09-10,CP9663T-V03B,C9663ABAC961-30K,8,10,13:27,13:30,"3 min"
2025-09-10,MHL20B2-V02D,P3315361-M,1,1,13:37,13:40,"3 min"
2025-09-10,MHL25B2-V02D,P3315461-M,1,1,13:40,13:42,"2 min"
2025-09-10,CXS32S2-V01E,CXS32A-AS991-20K,1,9,14:00,14:10,"10 min"
2025-09-10,CQ12T3L-V02B-ZZZ,C2Q12A-AD367-30K,1,4,15:40,15:45,"5 min"
2025-09-10,MXS25B-V02D,P3800601B-M,1,7,15:45,16:00,"15 min"
2025-09-10,CXS20S2-V01E,CXS20A-AS989-20K,1,2,16:03,16:07,"4 min"
2025-09-10,VJ10M-V02D,VJ100-16-7,1,5,16:10,16:15,"5 min"
2025-09-09,CQ12T3L-V01B-ZZZ,C2Q12A-AD367-30K,1,10,08:00,08:15,"15 min"
2025-09-09,CQ63T3-V02C-ZZZ,C2Q63A-AD141A30K,1,6,08:04,08:10,"6 min"
2025-09-09,CQ63T3-V02C-ZZZ,C2Q63A-AD141A30K,7,7,08:14,08:16,"2 min"
2025-09-09,CQ40T3-V02B-ZZZ,C2Q40A-AD139A30K,1,8,08:20,08:35,"15 min"
2025-09-09,CQ40T3-V02B-ZZZ,C2Q40A-AD139A30K,9,11,09:30,09:34,"4 min"
2025-09-09,CUJ06A-V01D,CUJ06A-P7101A20K,1,3,09:35,09:40,"5 min"
2025-09-09,CQ40C-V01D,S501A61T43X16X30,1,8,09:42,09:50,"8 min"
2025-09-09,APT5-V01C,APTE00-96000152-D,1,15,10:45,10:57,"12 min"
2025-09-09,CXS16S2-V01E,CXS16A-AS988-20K,1,1,11:20,11:23,"3 min"
2025-09-09,MSQ10B2-V02D,P6260101-D,1,10,11:20,11:32,"12 min"
2025-09-09,CP9632T4-V01D,C9632ABAZ033-30K,1,1,11:23,11:25,"2 min"
2025-09-09,CP9640T4-V01D,C9640ABAZ034-30K,1,1,11:25,11:28,"3 min"
2025-09-09,MSQ10B2-V02D,P6260101-D,11,16,12:40,12:50,"10 min"
2025-09-09,CXS15S3-V03D,CXS15A-BA022-20K,1,3,12:55,12:58,"3 min"
2025-09-09,CP9640H-V01D,C9640LCAZ034-30K,1,1,13:20,13:22,"2 min"
2025-09-09,CQ63T3-V02C-ZZZ,C2Q63A-AD141A30K,1,6,13:27,13:36,"9 min"
2025-09-09,CQ50T3-V02B-ZZZ,C2Q50A-AD140A30K,1,8,13:50,14:02,"12 min"
2025-09-09,CQ50T3-V02B-ZZZ,C2Q50A-AD140A30K,9,16,14:16,14:24,"8 min"
2025-09-09,CQ63T3-V02C-ZZZ,C2Q63A-AD141A30K,7,12,14:25,14:38,"13 min"
2025-09-09,CQ16T3L-V01B-ZZZ,C2Q16A-AD368-30K,1,4,15:05,15:10,"5 min"
2025-09-09,CXS06S3-V03D,CXS06A-R6000-20K,1,18,16:10,16:25,"15 min"
2025-09-08,CXS06S2-V01D,CXS06A-AS986-20K,1,4,08:25,08:30,"5 min"
2025-09-08,CJ06C2-V01D,C2J06LAAH080-30K,1,28,09:00,09:35,"35 min"
2025-09-08,CJ06C2-V01D,C2J06LAAH080-30K,29,56,10:25,10:55,"30 min"
2025-09-08,CJ06C2-V02D,C2J06LAAH080-30K,1,28,10:35,11:15,"40 min"
2025-09-08,MHL10B2-V02D,P3315161-M,1,1,10:50,10:53,"3 min"
2025-09-08,MHZ20B-V02B,P4811301-M-1,1,1,10:53,10:55,"2 min"
2025-09-08,CK63H-V01D,C1K63L-AS976-30K,1,1,11:01,11:03,"2 min"
2025-09-08,MSQ30B2-V04D,P6260301-D,1,6,13:31,13:40,"9 min"
2025-09-08,CK50H-V01D,C1K50L-AS975-30K,1,1,13:37,13:40,"3 min"
2025-09-08,CYR25SR-V01D,CYR25E-AX664-30K,1,2,13:40,13:45,"5 min"
2025-09-08,MSQ30B2-V04D,P6260301-D,1,2,13:40,13:45,"5 min"
2025-09-08,MHZ32B-V02D,P4811501-M-1,1,1,15:20,15:23,"3 min"
2025-09-08,MXS06E-V02D,P3800103-MH1,1,2,15:23,15:27,"4 min"
2025-09-08,MXS08E-V02D,P3800203-MH1,1,1,15:27,15:30,"3 min"
2025-09-08,MHZ25B2-V01D,P4811451-MH1,1,15,15:40,15:55,"15 min"
2025-09-05,CQ32T3-V03B-ZZZ,C2Q32A-AD138A30K,1,5,09:10,09:18,"8 min"
2025-09-05,CQ40G-V01C,C2Q40G-P1285-30K,1,5,10:17,10:25,"8 min"
2025-09-05,CM25BH-V01E,C2M025K02-67546C,1,7,10:38,10:45,"7 min"
2025-09-05,CG63R3-V01D,C3G63K02-AG006,1,1,11:20,11:22,"2 min"
2025-09-05,MSQ50B2-V03D,P6260401-D,1,3,13:10,13:15,"5 min"
2025-09-05,CXS16S2-V01D,CXS16A-AS988-20K,1,3,13:50,13:55,"5 min"
2025-09-05,CXS06S2-V01D,CXS06A-AS986-20K,1,6,14:05,14:13,"8 min"
2025-09-05,CQ40G-V01C,C2Q40G-P1285-30K,1,11,14:40,14:52,"12 min"
2025-09-05,CQ40G-V01C,C2Q40G-P1285-30K,12,16,15:00,15:10,"10 min"
2025-09-05,CQ12T3L-V02B,C2Q12A-AD367-20K,1,2,16:05,16:08,"3 min"
2025-09-05,CQ16T3L-V02B,C2Q16A-AD368-20K,1,2,16:08,16:13,"5 min"
2025-08-29,CQ20T3-V02B-ZZZ,C2Q20A-AD136A30K,1,14,08:25,08:40,"15 min"
2025-08-29,CQ20T3-V03B-ZZZ,C2Q20A-AD136A30K,1,5,08:47,08:52,"5 min"
2025-08-29,CYV32C-V01D,CYV32G-R5503-20K,1,6,09:50,09:58,"8 min"
2025-08-29,CM32AH-V01D,C2M032K02-68716B,1,7,09:50,09:58,"8 min"
2025-08-29,CM32AS-V02D,C2M032K03-68716B,1,7,10:07,10:15,"8 min"
2025-08-29,CP9632H-V01D,C9632LCAZ033-30K,1,1,10:15,10:18,"3 min"
2025-08-29,CP9663SG-V01D,C9663LAAZ036-30K,1,1,10:18,10:24,"6 min"
2025-08-29,CP9680SG-V01D,C9680LAAZ037-30K,1,1,10:24,10:26,"2 min"
2025-08-29,CP96A0SG-V01D,C96A0LAAZ038-30K,1,1,10:26,10:29,"3 min"
2025-08-29,CP96A2SG-V01D,C96A2LAAZ039-30K,1,1,10:29,10:33,"4 min"
2025-08-29,CJ16C-V01D,C2J16L-AH081-30K,1,20,11:10,11:27,"17 min"
2025-08-29,CG80R2-V01D,C1G80K02-AH117,1,2,13:46,13:50,"4 min"
2025-08-29,CP9650H-V01D,C9650LCAZ035-30K,1,1,13:55,14:06,"11 min"
2025-08-29,MSQ10B5-V01D,P8910102-D,1,1,14:30,14:33,"3 min"
2025-08-29,CQ12T0-V01E,C2Q12-04-F6455-K,1,2,14:33,14:38,"5 min"
2025-08-29,M1L40AJ-V01E,M1L040-32H82078,1,2,15:31,15:40,"9 min"
2025-08-28,CP9663H-V01D,C9663LCAZ036-30K,1,1,08:02,08:05,"3 min"
2025-08-28,CP9663R-V01D,C9663LBAZ036-30K,1,1,08:05,08:08,"3 min"
2025-08-28,CXS20P-V01E,CXS20J-28749-20K,1,12,08:35,08:45,"10 min"
2025-08-28,CQ40T-V02B,C2Q40-04-J0780-K,1,8,09:00,09:17,"17 min"
2025-08-28,PS63-V03D,S500A61T63X14X20,1,4,09:30,09:35,"5 min"
2025-08-28,PS50-V01D,S500A61T50X14X30,1,7,10:10,10:18,"8 min"
2025-08-28,CQ32C-V02D,S501A61T35X16X30,1,15,11:05,11:35,"30 min"
2025-08-28,VJ10M-V02D,VJ100-16-7,1,20,12:52,13:15,"23 min"
2025-08-28,CXS15P-V01D,CXS15J-28748-20K,1,18,13:33,13:48,"15 min"
2025-08-28,CQ63T3-V02C-ZZZ,C2Q63A-AD141A30K,1,15,14:05,14:28,"23 min"
2025-08-28,CXS15P-V01D,CXS15J-28748-20K,19,28,14:15,14:25,"10 min"
2025-08-28,MSQ30B5-V01D,P8910302-D,1,1,14:29,14:34,"5 min"
2025-08-28,CQ32T3-V02B-ZZZ,C2Q32A-AD138A30K,1,10,15:40,15:50,"10 min"
2025-08-28,CQ32T3-V02B-ZZZ,C2Q32A-AD138A30K,11,17,16:14,16:20,"6 min"
2025-08-27,CQ32T3-V02B-ZZZ,C2Q32A-AD138A30K,1,20,08:10,08:50,"40 min"
2025-08-27,CA80T-V02C,S370A63T89X80X30,1,1,09:00,09:03,"3 min"
2025-08-27,VV11M1-V01D,VVZ2000-50-2D,1,1,09:03,09:07,"4 min"
2025-08-27,CQ32T3-V02B-ZZZ,C2Q32A-AD138A30K,21,30,09:10,09:20,"10 min"
2025-08-27,CXS16S2-V01E,CXS16A-AS988-20K,1,1,09:40,09:43,"3 min"
2025-08-27,CXS16S2-V01D,CXS16A-AS988-20K,1,1,09:42,09:45,"3 min"
2025-08-27,CQ32T3-V02B-ZZZ,C2Q32A-AD138A30K,31,35,09:45,09:55,"10 min"
2025-08-27,CYB10C-V01D,CYB10L-AS376-30K,1,18,10:10,10:25,"15 min"
2025-08-27,CYB10C-V01D,CYB10L-AS376-30K,18,32,10:45,10:55,"10 min"
2025-08-27,MHY16B-V02D,P3319201-M,1,16,11:10,11:23,"13 min"
2025-08-27,CQ63T3-V02C-ZZZ,C2Q63A-AD141A30K,1,2,11:20,11:23,"3 min"
2025-08-27,CQ63T3-V02C-ZZZ,C2Q63A-AD141A30K,3,8,11:50,11:55,"5 min"
2025-08-27,CP9632SG-V01D,C9632LAAZ033-30K,1,2,12:30,12:35,"5 min"
2025-08-27,CP9640SG-V01D,C9640LAAZ034-30K,1,2,12:35,12:42,"7 min"
2025-08-27,CUJ10A-V01D,CUJ10A-P7103A20K,1,18,12:40,12:55,"15 min"
2025-08-27,CP9650SG-V01D,C9650LAAZ035-30K,1,1,12:42,12:45,"3 min"
2025-08-27,MSQ50B5-V01D,P8910402-D,1,2,13:41,00:13,"-807 min"
2025-08-27,CUJ10A-V01D,CUJ10A-P7103A20K,19,36,14:23,14:40,"17 min"
2025-08-27,CXS15S3-V02D,CXS15A-BA022-20K,1,3,15:40,15:45,"5 min"
2025-08-27,CXS15S3-V03D,CXS15A-BA022-20K,1,3,15:51,15:55,"4 min"
2025-08-27,CQ25T3-V03B-ZZZ,C2Q25A-AD137A30K,1,7,16:07,16:15,"8 min"
2025-08-26,DXT155M-V01D,DXT155-38-1,8,16,08:00,08:20,"20 min"
2025-08-26,DXT155M-V01D,DXT155-38-1,17,20,09:10,09:15,"5 min"
2025-08-26,MHZ16B2-V01D,P4811251-MH1,1,4,09:18,09:24,"6 min"
2025-08-26,CQ40T-V01B,C2Q40-04-J0780-K,1,9,10:05,10:17,"12 min"
2025-08-26,CQ40T-V01B,C2Q40-04-J0780-K,10,11,10:20,10:23,"3 min"
2025-08-26,CJ06RT-V02D,C2J06Y-AH080-30K,1,6,10:20,10:40,"20 min"
2025-08-26,CYB32C-V01D,CYB32L-AS380-30K,1,5,10:42,10:50,"8 min"
2025-08-26,CQ32C-V02D,S501A61T35X16X30,1,16,12:25,12:42,"17 min"
2025-08-26,CQ16TH-V01D,C2Q016K04-56564,1,8,12:42,12:51,"9 min"
2025-08-26,CQ20T3-V02B-ZZZ,C2Q20A-AD136A30K,1,5,12:51,12:58,"7 min"
2025-08-26,CQ20T3-V03B-ZZZ,C2Q20A-AD136A30K,1,3,12:58,13:05,"7 min"
2025-08-26,CJ16P-V01D,C2J16M-AF113-25K,1,20,13:28,13:50,"22 min"
2025-08-26,CP9640H-V01D,C9640LCAZ034-30K,1,1,14:20,14:22,"2 min"
2025-08-26,CP9680H-V01D,C9680LCAZ037-30K,1,1,14:30,14:33,"3 min"
2025-08-26,CP9650R-V01D,C9650LBAZ035-30K,1,1,14:38,14:40,"2 min"
2025-08-26,CXS10P-V01D,CXS10J-28747-20K,1,30,14:40,15:00,"20 min"
2025-08-26,CXS10P-V01D,CXS10J-28747-20K,31,44,15:20,15:42,"22 min"
2025-08-26,MSQ10B5-V01D,P8910102-D,1,1,15:30,15:33,"3 min"
2025-08-26,CQ25T3-V02B-ZZZ,C2Q25A-AD137A30K,1,6,16:10,16:17,"7 min"
2025-08-25,CQ63T3-V02C-ZZZ,C2Q63A-AD141A30K,1,0,00:00,08:03,"482 min"
2025-08-25,CQ63T3-V02C-ZZZ,C2Q63A-AD141A30K,6,0,00:00,08:16,"495 min"
2025-08-25,CQ63T3-V02C-ZZZ,C2Q63A-AD141A30K,13,0,00:00,08:21,"500 min"
2025-08-25,CXS25P-V01E,CXS25J-28750-20K,1,0,00:00,13:55,"834 min"
2025-08-25,VJ10M-V02D,VJ100-16-7,1,0,00:00,14:25,"864 min"
2025-08-25,CXS15P-V01D,CXS15J-28748-20K,1,28,09:05,09:45,"40 min"
2025-08-25,MK40RC-V01E,MK-40L-AF610-20K,1,8,10:54,11:00,"6 min"
2025-08-25,CYB15C-V01D,CYB15L-AS377-30K,1,14,12:38,12:48,"10 min"
2025-08-25,CUJ06A-V01D,CUJ06A-P7101A20K,1,3,13:00,13:05,"5 min"
2025-08-25,MSQ50B2-V03D,P6260401-D,1,6,13:15,13:22,"7 min"
2025-08-25,DXT155M-V01D,DXT155-38-1,1,7,15:20,15:30,"10 min"
2025-08-22,SY50M-V02B,SY5000-20-1,1,10,10:20,10:35,"15 min"
2025-08-22,CXS25P-V01E,CXS25J-28750-20K,1,8,10:50,10:57,"7 min"
2025-08-22,PS50-V01D,S500A61T50X14X30,1,7,11:10,11:20,"10 min"
2025-08-22,MHZ16B2-V01D,P4811251-MH1,1,2,11:30,11:35,"5 min"
2025-08-22,PS50-V01D,S500A61T50X14X30,8,14,12:06,12:15,"9 min"
2025-08-22,CJ10C-V01D,C2J10L-AH082-30K,1,16,13:30,13:43,"13 min"
2025-08-22,CQ20T3-V03B-ZZZ,C2Q20A-AD136A30K,1,16,13:43,14:05,"22 min"
2025-08-22,CP9632T-V03B,C9632ABAC958-30K,1,7,14:05,14:20,"15 min"
2025-08-21,CXS20P-V01E,CXS20J-28749-20K,1,14,08:20,08:25,"5 min"
2025-08-21,CQ32T-V02B,C2Q32-04-J0779-K,1,11,08:50,09:03,"13 min"
2025-08-21,CQ32T3-V02B-ZZZ,C2Q32A-AD138A30K,1,10,09:20,09:30,"10 min"
2025-08-21,MSQ10B5-V01D,P8910102-D,1,1,09:27,09:30,"3 min"
2025-08-21,MHZ16B2-V01E,P4811251-MH1,1,4,09:30,09:37,"7 min"
2025-08-21,CQ32T3-V02B-ZZZ,C2Q32A-AD138A30K,11,19,10:12,10:25,"13 min"
2025-08-21,PS63-V03D,S500A61T63X14X20,1,3,11:11,11:20,"9 min"
2025-08-21,CQ16C-V01D,S501A61T19X08X30,1,34,12:20,12:47,"27 min"
2025-08-21,CP96A2T4-V01D,C96A2ABAZ039-30K,1,1,13:00,13:05,"5 min"
2025-08-21,NCA325H-V01D,N2A325-03-AV289-20K,1,1,13:07,13:08,"1 min"
2025-08-21,MSQ30B2-V04D,P6260301-D,1,8,13:15,13:30,"15 min"
2025-08-21,NCA325H-V01D,N2A325-03-AV289-20K,1,1,14:05,14:17,"12 min"
2025-08-21,CQ63T3-V02C,C2Q63A-AD141A20K,1,2,14:22,14:25,"3 min"
2025-08-21,CQ63T3-V02C-ZZZ,C2Q63A-AD141A30K,1,3,14:26,14:29,"3 min"
2025-08-20,VJ10M-V02D,VJ100-16-7,1,14,08:00,08:18,"18 min"
2025-08-20,VJ10M-V02D,VJ100-16-7,15,20,08:54,09:00,"6 min"
2025-08-20,CXS06P-V01D,CXS06J-A5157-20K,1,25,09:25,09:40,"15 min"
2025-08-20,CXS06P-V01D,CXS06J-A5157-20K,26,56,10:10,10:30,"20 min"
2025-08-20,CUJ06A-V01D,CUJ06A-P7101A20K,1,3,10:48,10:52,"4 min"
2025-08-20,PS63B-V01D,S502A61T63X13X20,1,8,11:00,11:15,"15 min"
2025-08-20,CQ25C-V01D,S501A61T27X12X30,1,12,12:50,13:00,"10 min"
2025-08-20,CQ25C-V01D,S501A61T27X12X30,13,34,13:08,13:19,"11 min"
2025-08-20,CP9650T-V02B,C9650ABAC960-30K,1,5,15:00,15:10,"10 min"
2025-08-20,MXQ16B-V02D,P3802601B-M,1,8,15:10,15:20,"10 min"
2025-08-20,MXQ16B-V02D,P3802601B-M,9,16,15:50,16:02,"12 min"
2025-08-19,MB32T-V02C,S369A63T36X32X30,1,9,09:10,09:40,"30 min"
2025-08-19,MGPM20B2-V02D,MGP20A-AC893-30K,1,4,09:10,09:17,"7 min"
2025-08-19,CQ20T3-V02B-ZZZ,C2Q20A-AD136A30K,1,5,09:10,09:15,"5 min"
2025-08-19,CQ32C-V02D,S501A61T35X16X30,1,5,10:15,10:22,"7 min"
2025-08-19,APT5-V01C,APTE00-96000152-D,1,6,10:22,10:30,"8 min"
2025-08-19,APT5-V01C,APTE00-96000152-D,7,16,10:50,11:03,"13 min"
2025-08-19,MGPM16B2-V02D,MGP16A-AC892-30K,1,7,11:58,12:05,"7 min"
2025-08-19,MGPM16B2-V02D,MGP16A-AC892-30K,8,14,12:15,12:22,"7 min"
2025-08-19,LEF32MC4-V01D,LEF32-64-YA119-20-K,1,1,12:30,12:33,"3 min"
2025-08-19,CP9632T-V01B,C9632ABAC958-30K,1,1,12:33,12:39,"6 min"
2025-08-19,CA50T-V03C,S370A63T58X50X30,1,9,13:20,13:30,"10 min"
2025-08-19,CA50T-V03C,S370A63T58X50X30,10,12,13:45,13:50,"5 min"
2025-08-19,CXS32P-V01E,CXS32J-28751-20K,1,13,14:50,15:04,"14 min"
2025-08-19,CXS32P-V01E,CXS32J-28751-20K,14,16,15:10,15:14,"4 min"
2025-08-19,MXQ25B-V02D,P3802801B-M,1,5,15:40,15:46,"6 min"
2025-08-18,CA50T-V02C,S370A63T58X50X30,1,12,07:55,08:10,"15 min"
2025-08-18,CQ32T3-V02B-ZZZ,C2Q32A-AD138A30K,1,14,10:03,10:12,"9 min"
2025-08-18,CQ32T3-V02B-ZZZ,C2Q32A-AD138A30K,15,25,10:50,11:04,"14 min"
2025-08-18,MK32RC-V01E,MK-32L-AF609-20K,1,16,11:55,12:20,"25 min"
2025-08-18,CYB15C-V01D,CYB15L-AS377-30K,1,14,12:40,12:55,"15 min"
2025-08-18,CAA0T-V02C,S370A63T110X100X30,1,5,13:10,13:15,"5 min"
2025-08-18,CXS15S3-V02D,CXS15A-BA022-20K,1,6,14:07,14:13,"6 min"
2025-08-18,CQ50T3-V02B-ZZZ,C2Q50A-AD140A30K,1,7,14:33,14:46,"13 min"
2025-08-18,CQ50T3-V02B-ZZZ,C2Q50A-AD140A30K,8,13,15:30,15:37,"7 min"
2025-08-15,CYB10C-V01D,CYB10L-AS376-30K,1,32,11:35,12:00,"25 min"
2025-08-15,CAA0T-V03C,S370A63T110X100X30,1,5,12:50,12:57,"7 min"
2025-08-15,MHZ10B2-V01E,P4811151-MH1,1,2,13:05,13:09,"4 min"
2025-08-15,MHZ16B2-V01D,P4811251-MH1,1,2,13:09,13:15,"6 min"
2025-08-15,VV14M1-V02D,DXT199-20-23,1,8,13:25,13:35,"10 min"
2025-08-15,VV14M1-V02D,DXT199-20-23,9,16,14:18,14:25,"7 min"
2025-08-15,MHZ20B-V01B,P4811301-M-1,1,2,15:22,15:25,"3 min"
2025-08-15,CP9650T-V02B,C9650ABAC960-30K,1,7,15:30,15:38,"8 min"
2025-08-14,CQ32T3-V03B-ZZZ,C2Q32A-AD138A30K,1,2,08:45,08:50,"5 min"
2025-08-14,XLA25B2-V04B,XLA25-1B-S,1,1,13:26,13:30,"4 min"
2025-08-14,CP9650T-V03B,C9650ABAC960-30K,1,3,15:30,15:35,"5 min"
2025-08-14,CP9632T-V03B,C9632ABAC958-30K,1,5,16:10,16:20,"10 min"
2025-08-13,CQ63T3-V02C,C2Q63A-AD141A20K,7,10,08:08,08:20,"12 min"
2025-08-13,CXS25P-V01E,CXS25J-28750-20K,1,10,10:50,11:00,"10 min"
2025-08-13,NCA150H-V01D,N2A150-03-AV286-20K,1,2,10:55,11:02,"7 min"
2025-08-13,MK50RC-V01E,MK-50L-AF611-20K,1,10,11:10,11:25,"15 min"
2025-08-13,XLA25B2-V01B,XLA25-1B-S,1,1,11:25,11:30,"5 min"
2025-08-13,XLA25B2-V03B,XLA25-1B-S,1,1,11:30,11:35,"5 min"
2025-08-13,CP9650T4-V01D,C9650ABAZ035-30K,1,1,13:05,13:08,"3 min"
2025-08-13,CP9632T-V03B,C9632ABAC958-30K,1,13,13:12,13:30,"18 min"
2025-08-13,CUJ08A-V01D,CUJ08A-P7102A20K,1,6,13:48,13:55,"7 min"
2025-08-13,CQ63T3-V02C,C2Q63A-AD141A20K,1,3,13:54,14:01,"7 min"
2025-08-13,MSQ30B2-V04D,P6260301-D,1,7,15:36,15:45,"9 min"
2025-08-13,CA63T-V02C,S370A63T72X63X30,1,5,15:55,16:05,"10 min"
2025-08-12,CQ63T3-V02C,C2Q63A-AD141A20K,1,5,08:05,08:12,"7 min"
2025-08-12,MGPM12B2-V01D,MGP12A-AC891-30K,1,8,08:55,09:05,"10 min"
2025-08-12,MGPM12B2-V01D,MGP12A-AC891-30K,9,13,09:30,09:42,"12 min"
2025-08-12,MHY16B-V02D,P3319201-M,1,2,10:35,10:40,"5 min"
2025-08-12,CKZ40T4-V01D,CKZ40ABAT388-30K,1,2,10:35,10:40,"5 min"
2025-08-12,CJ10C-V02D,C2J10L-AH082-30K,1,20,10:56,11:20,"24 min"
2025-08-12,CP9650T-V02B,C9650ABAC960-30K,1,2,12:45,12:48,"3 min"
2025-08-12,MXS25B-V01D,P3800601B-M,1,6,13:10,13:20,"10 min"
2025-08-12,CQ25T3-V02B-ZZZ,C2Q25A-AD137A30K,1,10,13:30,13:45,"15 min"
2025-08-12,CQ63T3-V02C,C2Q63A-AD141A20K,6,6,13:54,13:55,"1 min"
2025-08-12,CQ25T3-V02B-ZZZ,C2Q25A-AD137A30K,11,14,14:00,14:04,"4 min"
2025-08-12,MHZ20B2-V01D,P4811351-MH1,1,3,14:58,15:04,"6 min"
2025-08-12,CXS20P-V01E,CXS20J-28749-20K,1,10,15:00,00:15,"-884 min"
2025-08-12,CYR10E-V01D,CYR10J-AX661-20K,1,3,15:49,15:52,"3 min"
2025-08-12,MHZ16B2-V01D,P4811251-MH1,1,10,15:55,16:03,"8 min"
2025-08-11,VJ10M-V02D,VJ100-16-7,14,20,00:16,16:24,"967 min"
2025-08-11,NCA200R-V01D,N2A200-02-AV287-20K,1,1,08:04,09:03,"59 min"
2025-08-11,MXS20B-V02D,P3800501B-M,1,7,08:30,08:40,"10 min"
2025-08-11,CQ40T-V02B,C2Q40-04-J0780-K,1,5,08:40,08:47,"7 min"
2025-08-11,NCA325R-V01D,N2A325-02-AV289-20K,1,1,09:03,09:10,"7 min"
2025-08-11,CUJ06A-V01D,CUJ06A-P7101A20K,1,6,09:20,09:26,"6 min"
2025-08-11,MGPM20B2-V01D,MGP20A-AC893-30K,1,6,10:30,10:40,"10 min"
2025-08-11,CQ12T0-V01E,C2Q12-04-F6455-K,1,2,10:34,10:39,"5 min"
2025-08-11,CQ20T-V01D,C2Q020K04-49998,1,3,10:40,10:45,"5 min"
2025-08-11,CQ20T3-V03B-ZZZ,C2Q20A-AD136A30K,1,7,11:20,11:25,"5 min"
2025-08-11,MHY16B-V02D,P3319201-M,1,4,12:50,12:55,"5 min"
2025-08-11,MGPM16B2-V01D,MGP16A-AC892-30K,1,5,12:55,13:00,"5 min"
2025-08-11,NCA150H-V01D,N2A150-03-AV286-20K,1,2,13:13,13:16,"3 min"
2025-08-11,MGPM16B2-V01D,MGP16A-AC892-30K,6,14,14:00,14:10,"10 min"
2025-08-11,XLA16BN-V01B,XLA16-3-1B,1,7,14:30,14:40,"10 min"
2025-08-11,VJ10M-V02D,VJ100-16-7,1,13,15:55,16:12,"17 min"
2025-08-11,CXS32P-V01E,CXS32J-28751-20K,1,6,16:25,16:29,"4 min"
2025-08-08,MXQ16B-V02D,P3802601B-M,1,8,09:12,09:20,"8 min"
2025-08-08,MXQ16B-V02D,P3802601B-M,9,16,09:52,10:00,"8 min"
2025-08-08,CQ25T3-V03B-ZZZ,C2Q25A-AD137A30K,1,5,10:40,10:45,"5 min"
2025-08-08,CYB15C-V01D,CYB15L-AS377-30K,1,5,12:15,12:27,"12 min"
2025-08-08,XLS25B-V02B,XLS25-1-1B,1,4,12:25,12:35,"10 min"
2025-08-08,MSQ30B2-V04D,P6260301-D,1,3,12:40,12:47,"7 min"
2025-08-08,NCA325H-V01D,N2A325-03-AV289-20K,1,1,12:50,12:53,"3 min"
2025-08-08,MSQ30B2-V04D,P6260301-D,4,7,13:30,13:35,"5 min"
2025-08-08,MHZ10B2-V01E,P4811151-MH1,1,14,15:55,16:07,"12 min"
2025-08-07,LEF40MC2-V02D,LEF40-9D-HF,6,10,07:50,07:55,"5 min"
2025-08-07,MGPM32B2-V02D,MGP32A-AC895-30K,1,2,08:15,08:20,"5 min"
2025-08-07,LEF40MC2-V02D,LEF40-9D-HF,11,14,08:50,08:55,"5 min"
2025-08-07,LEF25MC2-V01D,LEF25-9D-HF,1,5,08:50,08:56,"6 min"
2025-08-07,CU16B-V01D,CU-016K27-57157A,1,9,08:59,09:08,"9 min"
2025-08-07,CYB32C-V01D,CYB32L-AS380-30K,1,5,10:20,10:30,"10 min"
2025-08-07,CXS15P-V01D,CXS15J-28748-20K,1,20,10:35,10:50,"15 min"
2025-08-07,MSQ50B2-V03D,P6260401-D,1,8,11:45,12:00,"15 min"
2025-08-07,CQ63T3-V01C,C2Q63A-AD141A20K,1,2,13:02,13:05,"3 min"
2025-08-07,CXS15P-V01D,CXS15J-28748-20K,16,20,13:34,13:52,"18 min"
2025-08-07,LEF40MC2-V02D,LEF40-9D-HF,1,5,15:30,15:40,"10 min"
2025-08-06,MGPM40B2-V01D,MGP40A-AC896-30K,1,3,10:32,10:41,"9 min"
2025-08-06,CXS06C-V01E,CXS06L-R6000-20K,1,2,10:55,10:57,"2 min"
2025-08-06,CM32AS-V02D,C2M032K03-68716B,1,10,10:57,11:10,"13 min"
2025-08-06,CM32AS-V02D,C2M032K03-68716B,11,14,11:25,11:30,"5 min"
2025-08-06,APT5-V01C,APTE00-96000152-D,1,5,11:39,11:46,"7 min"
2025-08-06,CYB10C-V01D,CYB10L-AS376-30K,1,20,13:07,13:25,"18 min"
2025-08-06,CXS32S3-V02D,CXS32A-BA025-20K,1,3,13:25,13:30,"5 min"
2025-08-06,CQ32T3-V02B,C2Q32A-AD138A20K,1,5,14:50,15:00,"10 min"
2025-08-06,CQ32T3-V02B,C2Q32A-AD138A20K,6,17,15:27,15:42,"15 min"
2025-08-01,MSQ10B5-V01D,P8910102-D,1,2,11:14,11:19,"5 min"
2025-07-29,CQ25T3-V02B-ZZZ,C2Q25A-AD137A30K,1,1,10:30,10:36,"6 min"
2025-07-29,CQ32T3-V03B-ZZZ,C2Q32A-AD138A30K,1,1,10:50,10:53,"3 min"
